
Initial statistics: 6 variables; iteration 0; function evaluation 0; phase 1
Function value 2.9788528e+06; maximum gradient component mag -2.1663e+08
Var    Value     Gradient |Var    Value     Gradient |Var    Value     Gradient
  1  0.02817 -2.16634e+08 |  2 -0.01380 -1.01123e+06 |  3  0.00000 -5.10812e+01
  4  0.00000  1.95955e+00 |  5  0.00000  0.00000e+00 |  6 -0.78047  2.93649e+04

Intermediate statistics: 6 variables; iteration 20; function evaluation 43; phase 1
Function value 4.2064716e+02; maximum gradient component mag -3.1941e+03
Var    Value     Gradient |Var    Value     Gradient |Var    Value     Gradient
  1  0.03489 -3.19409e+03 |  2 -0.19354 -3.66743e+02 |  3 500.0081  1.07435e+01
  4 541.9910 -6.96795e+00 |  5  0.00000  0.00000e+00 |  6 -0.54945 -3.20647e+01
6 variables; iteration 40; function evaluation 67; phase 1
Function value 3.9684341e+02; maximum gradient component mag -1.9686e+03
Var    Value     Gradient |Var    Value     Gradient |Var    Value     Gradient
  1  0.03391 -1.96857e+03 |  2 -0.02982 -1.68490e+01 |  3 499.9945 -2.79073e-01
  4 542.0004  1.78469e-01 |  5  0.00000  0.00000e+00 |  6 -0.77628 -5.44693e+00
6 variables; iteration 60; function evaluation 90; phase 1
Function value 3.8977929e+02; maximum gradient component mag -4.4159e+03
Var    Value     Gradient |Var    Value     Gradient |Var    Value     Gradient
  1  0.03592 -4.41586e+03 |  2  0.04019  5.14728e+02 |  3 499.9912 -4.02001e+00
  4 541.9959 -3.20330e+00 |  5  0.00000  0.00000e+00 |  6 -0.83439  5.97166e+02
Maximum number of function evaluations exceeded

 - final statistics:
6 variables; iteration 71; function evaluation 100
Function value 3.7792e+02; maximum gradient component mag 1.9078e+03
Exit code = 3;  converg criter 1.0000e+01
Var    Value     Gradient |Var    Value     Gradient |Var    Value     Gradient
  1  0.04547  1.22510e+03 |  2  0.09346  1.16617e+03 |  3 500.0114  1.15900e+01
  4 541.9915 -6.57044e+00 |  5  0.00000  0.00000e+00 |  6 -0.87574  1.90780e+03

Initial statistics: 60 variables; iteration 0; function evaluation 0; phase 2
Function value 3.7791991e+02; maximum gradient component mag 1.9078e+03
Var    Value     Gradient |Var    Value     Gradient |Var    Value     Gradient
  1  0.04547  1.22510e+03 |  2  0.09346  1.16617e+03 |  3  0.00000  8.21350e+01
  4  0.00000  8.45407e+01 |  5  0.00000  8.61678e+01 |  6  0.00000  8.43403e+01
  7  0.00000  8.19767e+01 |  8  0.00000  7.55137e+01 |  9  0.00000  7.67575e+01
 10  0.00000  8.19536e+01 | 11  0.00000  1.11798e+02 | 12  0.00000  1.24497e+02
 13  0.00000  1.06272e+02 | 14  0.00000  7.93478e+01 | 15  0.00000  2.67879e+01
 16  0.00000 -5.44417e+01 | 17  0.00000 -1.12193e+02 | 18  0.00000 -1.69364e+02
 19  0.00000 -2.24961e+02 | 20  0.00000 -2.60891e+02 | 21  0.00000 -3.21490e+02
 22  0.00000 -3.84653e+02 | 23  0.00000 -3.66761e+02 | 24  0.00000 -3.27170e+02
 25  0.00000 -3.17319e+02 | 26  0.00000 -3.01470e+02 | 27  0.00000 -3.09026e+02
 28  0.00000 -2.44015e+02 | 29  0.00000 -1.39586e+02 | 30  0.00000 -3.82755e+01
 31  0.00000  3.38366e+01 | 32  0.00000  4.54314e+01 | 33  0.00000  1.10517e+01
 34  0.00000 -1.38597e+01 | 35  0.00000 -9.62997e+00 | 36  0.00000  9.38206e+00
 37  0.00000  3.34883e+01 | 38  0.00000  4.55478e+01 | 39  0.00000  8.78753e+01
 40  0.00000  1.66129e+02 | 41  0.00000  1.92970e+02 | 42  0.00000  1.81231e+02
 43  0.00000  1.46515e+02 | 44  0.00000  1.39043e+02 | 45  0.00000  1.44930e+02
 46  0.00000  2.01666e+02 | 47  0.00000  2.02777e+02 | 48  0.00000  1.73578e+02
 49  0.00000  1.29161e+02 | 50  0.00000  1.25136e+02 | 51  0.00000  1.31289e+02
 52  0.00000  1.20356e+02 | 53  0.00000  8.99841e+01 | 54  0.00000  5.18023e+01
 55  0.00000  2.98371e+01 | 56  0.01142  1.15900e+01 | 57  0.00853  6.57044e+00
 58  0.00000  0.00000e+00 | 59 -0.87574  1.90780e+03 | 60  0.08611  1.10310e+02

Intermediate statistics: 60 variables; iteration 20; function evaluation 41; phase 2
Function value 2.8633240e+02; maximum gradient component mag -2.7023e+03
Var    Value     Gradient |Var    Value     Gradient |Var    Value     Gradient
  1  0.02469 -1.57191e+03 |  2  0.09392 -1.34244e+03 |  3 -0.03082 -1.68243e+01
  4 -0.01941 -1.08854e+01 |  5 -0.01581 -5.84030e+00 |  6 -0.00968  2.81842e+00
  7  0.00170  1.72657e+01 |  8  0.01822  3.83633e+01 |  9  0.02181  5.60402e+01
 10  0.02489  6.21864e+01 | 11  0.00343  4.53506e+01 | 12 -0.00663  2.94326e+01
 13 -0.00429  1.99881e+01 | 14 -0.01463  1.29824e+01 | 15 -0.01180  2.17445e+01
 16  0.02878  5.08295e+01 | 17  0.02608  2.76414e+01 | 18  0.00834 -2.21100e+01
 19  0.04692 -4.51627e+01 | 20 -0.02044 -6.62866e+01 | 21 -0.00225 -4.61527e+01
 22  0.10349  7.78744e+00 | 23  0.04724 -2.47530e+01 | 24 -0.04748 -8.17823e+01
 25  0.04849 -7.66924e+01 | 26 -0.04237 -7.33876e+01 | 27  0.07750 -1.86301e+01
 28  0.03743 -3.28224e+00 | 29 -0.00336 -1.79775e+01 | 30 -0.00951 -1.68964e+01
 31 -0.01590 -1.15557e+01 | 32 -0.01238 -8.63072e+00 | 33 -0.00494 -1.00278e+01
 34  0.00843 -8.62947e-01 | 35  0.01087  1.12836e+01 | 36  0.01095  2.32133e+01
 37  0.00636  2.99560e+01 | 38  0.01473  3.44266e+01 | 39 -0.00139  1.58215e+01
 40 -0.04137 -9.58402e+00 | 41 -0.04469 -1.22464e+01 | 42 -0.03308  4.96673e+00
 43 -0.00388  3.83295e+01 | 44 -0.00104  5.21445e+01 | 45  0.00401  5.31512e+01
 46 -0.02014  4.11190e+01 | 47 -0.01185  4.49664e+01 | 48 -0.01005  4.07196e+01
 49  0.00665  4.12272e+01 | 50 -0.00661  2.54680e+01 | 51 -0.01527  1.14022e+01
 52 -0.01662 -2.77720e+00 | 53 -0.02088 -2.24356e+01 | 54 -0.02238 -3.44595e+01
 55 -0.03066 -3.46554e+01 | 56 -0.01965 -1.01097e+01 | 57 -0.00475 -3.38233e+00
 58  0.00000  0.00000e+00 | 59 -0.85624 -2.70227e+03 | 60  0.08746  8.06457e+01
60 variables; iteration 40; function evaluation 69; phase 2
Function value 2.7206827e+02; maximum gradient component mag -2.8591e+03
Var    Value     Gradient |Var    Value     Gradient |Var    Value     Gradient
  1  0.02518 -2.85911e+03 |  2  0.07886 -9.46130e+02 |  3 -0.01207  3.46995e+01
  4 -0.00858  3.37136e+01 |  5 -0.00882  3.22000e+01 |  6 -0.00833  3.01058e+01
  7 -0.00451  2.94799e+01 |  8  0.00368  2.81335e+01 |  9  0.00633  2.84235e+01
 10  0.01154  2.71400e+01 | 11 -0.00765  2.71790e+01 | 12 -0.01485  2.44881e+01
 13 -0.01247  1.54769e+01 | 14 -0.01600  1.03847e+01 | 15 -0.01405 -5.31962e-01
 16  0.01281 -2.94781e+01 | 17  0.01476 -3.37562e+01 | 18  0.01256 -1.77308e+01
 19  0.04690 -7.41120e+00 | 20  0.01461 -8.70666e+00 | 21  0.01035 -1.98079e+01
 22  0.09133 -6.35705e+01 | 23  0.01597 -3.92534e+01 | 24  0.01655 -2.92081e+01
 25  0.03913 -1.82609e+01 | 26  0.01879 -1.01079e+01 | 27  0.05822 -4.06809e+01
 28  0.02439 -3.94761e+01 | 29 -0.00435 -3.07344e+01 | 30 -0.00021 -1.90923e+01
 31 -0.01976 -1.89841e+01 | 32 -0.01348 -1.97743e+01 | 33 -0.00856 -2.40917e+01
 34  0.00414 -1.59124e+01 | 35  0.00810 -4.03331e+00 | 36  0.01148 -2.69053e-01
 37 -0.00056 -7.39159e+00 | 38  0.00382 -1.64341e+01 | 39 -0.00189 -6.01091e+00
 40 -0.02945  1.57616e+01 | 41 -0.02671  2.78327e+01 | 42 -0.02463  1.35943e+01
 43 -0.01557 -1.30667e+01 | 44 -0.01367 -1.01420e+01 | 45 -0.00225  1.16387e-01
 46 -0.03234  8.33105e+00 | 47 -0.03039 -3.28223e-02 | 48 -0.02601 -6.77254e+00
 49 -0.00701 -1.22323e+01 | 50 -0.01339  1.08081e+00 | 51 -0.01626  1.15878e+01
 52 -0.01236  1.92615e+01 | 53 -0.00818  2.67211e+01 | 54 -0.00491  2.93134e+01
 55 -0.00714  2.77847e+01 | 56 -0.00465  2.65232e+00 | 57 -0.00105 -5.96863e-01
 58  0.00000  0.00000e+00 | 59 -0.84736 -1.83555e+03 | 60  0.08400  7.65166e+00
60 variables; iteration 60; function evaluation 100; phase 2
Function value 2.6655895e+02; maximum gradient component mag -1.9622e+03
Var    Value     Gradient |Var    Value     Gradient |Var    Value     Gradient
  1  0.02475 -1.96220e+03 |  2  0.05744 -4.35324e+02 |  3 -0.02783 -1.62848e+00
  4 -0.01210  4.80129e+00 |  5 -0.01189  7.76340e+00 |  6 -0.00528  1.48603e+01
  7 -0.00456  1.09798e+01 |  8  0.00159  2.41075e+00 |  9  0.00477 -3.52664e+00
 10  0.00812 -1.37779e+01 | 11 -0.01604 -1.20560e+01 | 12 -0.02175 -9.21491e+00
 13 -0.01367 -4.58008e+00 | 14 -0.01211  9.54958e+00 | 15 -0.01691  5.85183e+00
 16  0.01729 -2.85749e+00 | 17  0.02356  6.63026e-01 | 18  0.02071  8.83415e-01
 19  0.03862 -7.89865e+00 | 20  0.01480 -3.40276e+00 | 21  0.02598 -6.00063e-01
 22  0.08478 -1.75264e+01 | 23  0.03236 -6.13679e+00 | 24  0.03327  2.63662e+00
 25  0.02227 -1.13409e+01 | 26  0.02045 -3.10304e+00 | 27  0.05633 -2.09133e+01
 28  0.02655 -1.65584e+01 | 29  0.01478 -6.81128e+00 | 30 -0.02187 -2.24398e+01
 31 -0.01059 -9.16081e+00 | 32 -0.02364 -1.50030e+01 | 33  0.00093 -6.59490e-01
 34  0.00690 -1.01728e+01 | 35 -0.00136 -2.48902e+01 | 36  0.00487 -1.95889e+01
 37  0.00266 -3.45431e+00 | 38  0.01139  5.44630e+00 | 39  0.00247  1.21617e+01
 40 -0.02997  1.26837e+01 | 41 -0.04041  2.11400e+00 | 42 -0.02742  1.04461e+01
 43 -0.00655  1.38758e+01 | 44 -0.00637  1.57004e+01 | 45 -0.00512  3.36220e+00
 46 -0.03525  3.68598e+00 | 47 -0.02143  1.11435e+01 | 48 -0.01674  1.49773e+01
 49 -0.00126  1.15282e+01 | 50 -0.01435  1.16254e+01 | 51 -0.01146  1.61413e+01
 52 -0.01998  4.29490e+00 | 53 -0.00917  1.30741e+01 | 54 -0.01416  1.17258e+01
 55 -0.01576  2.01263e+01 | 56 -0.00003  7.62706e+00 | 57  0.00534  4.27123e+00
 58  0.00000  0.00000e+00 | 59 -0.83222 -8.36935e+02 | 60  0.08285 -2.47982e+01
Maximum number of function evaluations exceeded

 - final statistics:
60 variables; iteration 61; function evaluation 100
Function value 2.6656e+02; maximum gradient component mag -1.9622e+03
Exit code = 3;  converg criter 1.0000e+01
Var    Value     Gradient |Var    Value     Gradient |Var    Value     Gradient
  1  0.02475 -1.96220e+03 |  2  0.05744 -4.35324e+02 |  3 -0.02783 -1.62848e+00
  4 -0.01210  4.80129e+00 |  5 -0.01189  7.76340e+00 |  6 -0.00528  1.48603e+01
  7 -0.00456  1.09798e+01 |  8  0.00159  2.41075e+00 |  9  0.00477 -3.52664e+00
 10  0.00812 -1.37779e+01 | 11 -0.01604 -1.20560e+01 | 12 -0.02175 -9.21491e+00
 13 -0.01367 -4.58008e+00 | 14 -0.01211  9.54958e+00 | 15 -0.01691  5.85183e+00
 16  0.01729 -2.85749e+00 | 17  0.02356  6.63026e-01 | 18  0.02071  8.83415e-01
 19  0.03862 -7.89865e+00 | 20  0.01480 -3.40276e+00 | 21  0.02598 -6.00063e-01
 22  0.08478 -1.75264e+01 | 23  0.03236 -6.13679e+00 | 24  0.03327  2.63662e+00
 25  0.02227 -1.13409e+01 | 26  0.02045 -3.10304e+00 | 27  0.05633 -2.09133e+01
 28  0.02655 -1.65584e+01 | 29  0.01478 -6.81128e+00 | 30 -0.02187 -2.24398e+01
 31 -0.01059 -9.16081e+00 | 32 -0.02364 -1.50030e+01 | 33  0.00093 -6.59490e-01
 34  0.00690 -1.01728e+01 | 35 -0.00136 -2.48902e+01 | 36  0.00487 -1.95889e+01
 37  0.00266 -3.45431e+00 | 38  0.01139  5.44630e+00 | 39  0.00247  1.21617e+01
 40 -0.02997  1.26837e+01 | 41 -0.04041  2.11400e+00 | 42 -0.02742  1.04461e+01
 43 -0.00655  1.38758e+01 | 44 -0.00637  1.57004e+01 | 45 -0.00512  3.36220e+00
 46 -0.03525  3.68598e+00 | 47 -0.02143  1.11435e+01 | 48 -0.01674  1.49773e+01
 49 -0.00126  1.15282e+01 | 50 -0.01435  1.16254e+01 | 51 -0.01146  1.61413e+01
 52 -0.01998  4.29490e+00 | 53 -0.00917  1.30741e+01 | 54 -0.01416  1.17258e+01
 55 -0.01576  2.01263e+01 | 56 -0.00003  7.62706e+00 | 57  0.00534  4.27123e+00
 58  0.00000  0.00000e+00 | 59 -0.83222 -8.36935e+02 | 60  0.08285 -2.47982e+01

Initial statistics: 81 variables; iteration 0; function evaluation 0; phase 3
Function value 2.6655894e+02; maximum gradient component mag -1.9622e+03
Var    Value     Gradient |Var    Value     Gradient |Var    Value     Gradient
  1  0.02475 -1.96220e+03 |  2  0.05744 -4.35324e+02 |  3 -0.02783 -1.75968e+00
  4 -0.01211  4.66999e+00 |  5 -0.01190  7.63210e+00 |  6 -0.00528  1.47290e+01
  7 -0.00456  1.08485e+01 |  8  0.00159  2.27943e+00 |  9  0.00476 -3.65796e+00
 10  0.00812 -1.39093e+01 | 11 -0.01604 -1.21873e+01 | 12 -0.02175 -9.34616e+00
 13 -0.01368 -4.71137e+00 | 14 -0.01211  9.41828e+00 | 15 -0.01691  5.72055e+00
 16  0.01728 -2.98876e+00 | 17  0.02356  5.31792e-01 | 18  0.02071  7.52161e-01
 19  0.03862 -8.02973e+00 | 20  0.01479 -3.53405e+00 | 21  0.02598 -7.31277e-01
 22  0.08478 -1.76566e+01 | 23  0.03235 -6.26794e+00 | 24  0.03326  2.50548e+00
 25  0.02227 -1.14721e+01 | 26  0.02045 -3.23430e+00 | 27  0.05632 -2.10441e+01
 28  0.02655 -1.66896e+01 | 29  0.01478 -6.94257e+00 | 30 -0.02187 -2.25711e+01
 31 -0.01060 -9.29212e+00 | 32 -0.02364 -1.51342e+01 | 33  0.00093 -7.90813e-01
 34  0.00690 -1.03041e+01 | 35 -0.00137 -2.50215e+01 | 36  0.00487 -1.97202e+01
 37  0.00266 -3.58563e+00 | 38  0.01139  5.31500e+00 | 39  0.00246  1.20303e+01
 40 -0.02997  1.25525e+01 | 41 -0.04041  1.98294e+00 | 42 -0.02743  1.03149e+01
 43 -0.00656  1.37445e+01 | 44 -0.00637  1.55690e+01 | 45 -0.00513  3.23089e+00
 46 -0.03525  3.55486e+00 | 47 -0.02143  1.10123e+01 | 48 -0.01674  1.48460e+01
 49 -0.00126  1.13969e+01 | 50 -0.01435  1.14941e+01 | 51 -0.01147  1.60100e+01
 52 -0.01998  4.16364e+00 | 53 -0.00917  1.29427e+01 | 54 -0.01417  1.15945e+01
 55 -0.01576  1.99950e+01 | 56 -0.00003  7.62706e+00 | 57  0.00534  4.27123e+00
 58  0.00000  0.00000e+00 | 59 -0.83222 -8.36935e+02 | 60  0.15750 -3.12955e+01
 61  0.11882 -5.79028e+01 | 62  0.18136  4.70187e+01 | 63  0.00000 -1.21801e-08
 64  0.04882 -3.44267e+00 | 65  0.14583  2.38675e+02 | 66  0.09318  4.36125e+01
 67  0.16085 -2.58754e+02 | 68 -0.00834 -3.54620e+00 | 69 -0.18861 -5.89809e+01
 70  0.13345 -4.34448e+01 | 71  0.07006 -2.13061e+00 | 72  0.12724  7.42511e+01
 73  0.00000 -1.53302e-30 | 74  0.02433 -1.44259e+01 | 75 -0.07193 -2.56602e+01
 76 -0.23992 -8.30852e-04 | 77  0.09994  2.10454e+01 | 78  0.72825 -4.60744e+00
 79 -0.16370 -9.14324e+00 | 80  0.08285 -2.47982e+01 | 81 -0.66511  7.99236e+00

Intermediate statistics: 81 variables; iteration 20; function evaluation 37; phase 3
Function value 2.6357985e+02; maximum gradient component mag 2.8738e+04
Var    Value     Gradient |Var    Value     Gradient |Var    Value     Gradient
  1  0.02531  2.30785e+02 |  2  0.03025 -2.68020e+02 |  3 -0.02274 -3.99279e+00
  4 -0.01201  2.02412e+00 |  5 -0.01215  2.36457e+00 |  6 -0.00831  4.86091e+00
  7 -0.00635  1.69732e+00 |  8  0.00247  1.12536e+00 |  9  0.00545  4.61232e+00
 10  0.01076  7.58998e+00 | 11 -0.01284  2.58783e+00 | 12 -0.01962  3.13069e-01
 13 -0.01320  3.22666e+00 | 14 -0.01416  1.35906e+01 | 15 -0.01635  1.22220e+01
 16  0.01767  2.00741e+01 | 17  0.02173  2.15630e+01 | 18  0.01975  1.26096e+01
 19  0.03840  7.47850e+00 | 20  0.01860 -1.02814e+00 | 21  0.02494 -3.88636e+00
 22  0.08070  1.45081e+00 | 23  0.04353 -2.71928e-01 | 24  0.01669 -8.81222e+00
 25  0.03769 -5.64943e+00 | 26  0.00902 -2.05362e+01 | 27  0.05126 -2.42002e+01
 28  0.03795 -1.52125e+01 | 29 -0.00867 -2.58248e+01 | 30 -0.00354 -1.28127e+01
 31 -0.02173 -1.81859e+01 | 32 -0.01695 -1.51754e+01 | 33 -0.00497 -1.30165e+01
 34  0.00295 -1.86990e+01 | 35  0.00426 -1.98349e+01 | 36  0.00515 -1.47163e+01
 37  0.00297 -4.30352e+00 | 38  0.00894  1.81969e+00 | 39 -0.00044  8.13562e+00
 40 -0.03029  9.50900e+00 | 41 -0.03660  7.00701e+00 | 42 -0.02659  1.55908e+01
 43 -0.00832  1.59245e+01 | 44 -0.00733  1.45912e+01 | 45 -0.00226  7.84096e+00
 46 -0.03339 -2.10792e+00 | 47 -0.02240  3.95757e+00 | 48 -0.01723  7.35208e+00
 49 -0.00024  6.84628e+00 | 50 -0.01257  2.97403e+00 | 51 -0.01299  5.89156e+00
 52 -0.01706 -3.49637e+00 | 53 -0.01027 -4.94105e-01 | 54 -0.01189 -7.57856e+00
 55 -0.01766 -1.16249e+01 | 56 -0.00662  1.41766e+00 | 57 -0.00052 -2.14654e-01
 58  0.00000  0.00000e+00 | 59 -0.81357 -4.68668e+02 | 60  0.15245 -7.25920e+02
 61  0.11998 -3.11740e+03 | 62  0.17838 -1.31024e+02 | 63  0.00325  1.41549e+00
 64  0.05163  2.31402e+01 | 65  0.14600  1.42759e+04 | 66  0.09302  2.87381e+04
 67  0.16166 -1.55365e+02 | 68 -0.06040 -9.35631e+00 | 69 -0.19538 -3.10883e+01
 70  0.13780 -1.63182e+01 | 71  0.06301 -2.56455e+01 | 72  0.12744 -2.23876e+01
 73  0.00000 -7.36280e-30 | 74  0.02474 -5.46152e-01 | 75 -0.07154 -8.07550e+01
 76 -0.23992 -1.85839e-03 | 77  0.10371  9.71836e+01 | 78  0.72089 -9.33084e+00
 79 -0.16192 -9.56595e+00 | 80  0.07836 -6.23062e+01 | 81 -0.66612  1.72328e+01
81 variables; iteration 40; function evaluation 62; phase 3
Function value 2.6217106e+02; maximum gradient component mag 6.7279e+03
Var    Value     Gradient |Var    Value     Gradient |Var    Value     Gradient
  1  0.02512  5.97506e+01 |  2  0.01895 -1.49607e+02 |  3 -0.02122 -4.27289e+00
  4 -0.01311 -3.33501e+00 |  5 -0.01406 -4.37471e+00 |  6 -0.01048 -1.16258e+00
  7 -0.00613 -5.57261e-01 |  8  0.00481 -1.37351e-01 |  9  0.00634 -1.87276e-01
 10  0.00920 -4.11001e+00 | 11 -0.01376 -6.59371e+00 | 12 -0.01854 -4.74354e+00
 13 -0.01118  2.69125e-01 | 14 -0.01587  6.96996e+00 | 15 -0.01747  4.80497e+00
 16  0.01881  6.83679e+00 | 17  0.02064  4.80883e+00 | 18  0.01821  1.01224e+00
 19  0.03812  2.97762e+00 | 20  0.02120  3.99867e+00 | 21  0.02554 -3.60143e-01
 22  0.07975 -2.69225e+00 | 23  0.04419 -9.15630e-02 | 24  0.01247 -6.77652e+00
 25  0.04106  8.26522e+00 | 26  0.00870 -5.72055e+00 | 27  0.05393  2.37095e+00
 28  0.03780  1.01242e+01 | 29 -0.00719 -5.18103e+00 | 30 -0.00362  8.35917e+00
 31 -0.01832  4.57048e+00 | 32 -0.01522  6.56810e+00 | 33 -0.00391  1.17920e+01
 34  0.00668  1.40777e+01 | 35  0.00852  1.06540e+01 | 36  0.00836  4.66710e+00
 37  0.00235 -1.48644e+00 | 38  0.00584 -1.06385e+01 | 39 -0.00327 -1.02942e+01
 40 -0.03202 -1.95095e+00 | 41 -0.03700 -1.89936e+00 | 42 -0.02849  1.76628e+00
 43 -0.00858  5.39898e-01 | 44 -0.00921 -4.72319e-01 | 45 -0.00331 -5.33777e+00
 46 -0.03329 -6.99884e+00 | 47 -0.02368 -3.39969e+00 | 48 -0.01809  8.95078e-01
 49  0.00067  1.92970e+00 | 50 -0.01241 -1.42818e+00 | 51 -0.01565 -3.16833e+00
 52 -0.01685 -8.33419e+00 | 53 -0.01137 -4.11930e+00 | 54 -0.01123 -3.92216e+00
 55 -0.01836 -4.53685e+00 | 56 -0.00911 -7.68433e-01 | 57 -0.00300 -2.10486e+00
 58  0.00000  0.00000e+00 | 59 -0.80642 -2.70646e+02 | 60  0.14175 -6.24604e+01
 61  0.12265 -2.40678e+02 | 62  0.17612 -1.00394e+01 | 63  0.12912  6.86615e-01
 64  0.04911  9.04973e+00 | 65  0.14540  3.35989e+03 | 66  0.09330  6.72788e+03
 67  0.16146 -8.01108e+01 | 68 -0.05763 -9.44916e-01 | 69 -0.18373 -1.59380e+01
 70  0.14686  1.31534e+01 | 71  0.05209  1.10158e+00 | 72  0.13198  6.24523e+00
 73 -0.00000 -6.18362e-31 | 74  0.02260 -7.95014e+00 | 75 -0.07476 -1.29321e+01
 76 -0.23986  3.12118e-04 | 77  0.09883  1.96760e+01 | 78  0.74832  3.16665e+00
 79 -0.16806  1.10050e-02 | 80  0.08365  1.92708e+00 | 81 -0.66853 -1.49826e+00
81 variables; iteration 60; function evaluation 88; phase 3
Function value 2.6177496e+02; maximum gradient component mag 4.8474e+03
Var    Value     Gradient |Var    Value     Gradient |Var    Value     Gradient
  1  0.02495 -1.21419e+03 |  2  0.01682 -1.54678e+02 |  3 -0.02191  1.37866e+00
  4 -0.01376 -1.32536e-01 |  5 -0.01368 -1.03358e+00 |  6 -0.01291 -9.99401e-01
  7 -0.00826 -1.58876e+00 |  8  0.00381 -3.34730e+00 |  9  0.00430 -5.05351e+00
 10  0.01000 -1.00284e+01 | 11 -0.01292 -7.34393e+00 | 12 -0.01864 -6.18139e+00
 13 -0.01151 -6.11539e+00 | 14 -0.01894 -2.49042e+00 | 15 -0.01765 -2.92905e+00
 16  0.01902 -1.48575e+01 | 17  0.01908 -1.51617e+01 | 18  0.01885 -8.62918e+00
 19  0.03986 -7.62645e+00 | 20  0.01784 -1.82037e-01 | 21  0.02648  2.31564e-01
 22  0.08107 -1.47322e+01 | 23  0.04485  4.85881e-01 | 24  0.01800  1.40600e+00
 25  0.03495  2.33415e+00 | 26  0.01486  2.01533e+00 | 27  0.05387 -8.16250e+00
 28  0.03477 -1.10672e+00 | 29 -0.00257 -2.50183e+00 | 30 -0.00408  2.92429e+00
 31 -0.01974 -6.20670e-01 | 32 -0.01341  9.89961e-01 | 33 -0.00593 -4.57179e-01
 34  0.00514  1.71960e+00 | 35  0.00775  2.94586e+00 | 36  0.00811  2.08103e+00
 37  0.00290  2.19088e+00 | 38  0.00923 -4.34147e+00 | 39 -0.00258 -6.05297e+00
 40 -0.03267  3.37141e+00 | 41 -0.03646  4.18534e+00 | 42 -0.02818  5.44287e+00
 43 -0.00875  4.77987e-01 | 44 -0.01081  1.79379e+00 | 45 -0.00205  1.45548e+00
 46 -0.03209  5.43180e+00 | 47 -0.02190  8.10815e+00 | 48 -0.01809  9.61671e+00
 49 -0.00020  8.38385e+00 | 50 -0.01246  9.68002e+00 | 51 -0.01572  9.31082e+00
 52 -0.01472  7.15435e+00 | 53 -0.01100  1.08239e+01 | 54 -0.01099  1.34876e+01
 55 -0.01982  1.49613e+01 | 56 -0.00701  1.01925e+00 | 57  0.00027  3.86976e-01
 58  0.00000  0.00000e+00 | 59 -0.80537 -2.64599e+02 | 60  0.14567 -1.51967e+01
 61  0.12165  5.62965e+01 | 62  0.17709  3.68625e+01 | 63  0.06976 -5.20623e-02
 64  0.04848 -6.56892e+00 | 65  0.14553  2.44177e+03 | 66  0.09324  4.84744e+03
 67  0.16137 -7.10729e+01 | 68 -0.04553 -7.60523e-01 | 69 -0.17384 -1.47515e+01
 70  0.14098 -3.53066e+01 | 71  0.05926 -2.43766e+01 | 72  0.12893  1.64888e+01
 73 -0.00000 -7.04203e-30 | 74  0.02485 -7.62974e+00 | 75 -0.06886  3.27866e+00
 76 -0.23979 -3.30193e-05 | 77  0.10076 -3.88476e+00 | 78  0.72214 -2.87421e-01
 79 -0.15939 -2.33319e+00 | 80  0.08525  3.46230e+00 | 81 -0.66680 -1.71826e+00
Maximum number of function evaluations exceeded

 - final statistics:
81 variables; iteration 68; function evaluation 100
Function value 2.6160e+02; maximum gradient component mag 1.0763e+04
Exit code = 3;  converg criter 1.0000e+00
Var    Value     Gradient |Var    Value     Gradient |Var    Value     Gradient
  1  0.02502 -7.74753e+02 |  2  0.01401 -2.92961e+02 |  3 -0.02113  7.59064e-01
  4 -0.01356  1.30701e+00 |  5 -0.01128  2.73664e+00 |  6 -0.01103  1.17722e+00
  7 -0.00847 -2.29795e+00 |  8  0.00257 -3.42996e+00 |  9  0.00470 -1.24763e+00
 10  0.01126  5.70255e-02 | 11 -0.01129  6.06549e-01 | 12 -0.01839 -1.81449e+00
 13 -0.01262 -3.96403e+00 | 14 -0.01783 -3.62320e-01 | 15 -0.02000 -2.70020e+00
 16  0.01939 -3.75941e+00 | 17  0.01810 -4.33839e+00 | 18  0.02021 -1.97253e-01
 19  0.03944 -1.30221e+00 | 20  0.01649 -8.13424e-01 | 21  0.02691  1.46250e+00
 22  0.08302 -2.41826e+00 | 23  0.04272  2.00753e+00 | 24  0.01704 -1.04538e+00
 25  0.03609  3.80407e+00 | 26  0.01262 -3.46175e-01 | 27  0.05685  8.10974e-01
 28  0.03240  2.69175e+00 | 29 -0.00141 -1.16800e+00 | 30 -0.00413  4.71749e+00
 31 -0.01874  3.44766e-01 | 32 -0.01549 -6.27677e-01 | 33 -0.00564 -1.13686e+00
 34  0.00408 -1.29225e+00 | 35  0.00780 -4.47138e-02 | 36  0.00699 -1.08544e+00
 37  0.00365  9.75116e-01 | 38  0.00839 -3.30927e+00 | 39 -0.00101 -2.00872e+00
 40 -0.03226  2.61477e+00 | 41 -0.03609  1.12805e+00 | 42 -0.02962 -6.48780e-01
 43 -0.00907 -3.49682e+00 | 44 -0.01117 -8.15195e-01 | 45 -0.00070  2.30770e+00
 46 -0.03184  9.13508e-01 | 47 -0.02326  5.91418e-01 | 48 -0.01931  7.99549e-01
 49  0.00037  1.39584e+00 | 50 -0.01328  1.55291e+00 | 51 -0.01621  2.68196e+00
 52 -0.01305  2.56400e+00 | 53 -0.01210  1.77711e+00 | 54 -0.01214  1.94174e+00
 55 -0.01856  4.33733e+00 | 56 -0.00952 -1.13717e+00 | 57 -0.00096 -5.44450e-01
 58  0.00000  0.00000e+00 | 59 -0.80318 -4.29049e+02 | 60  0.14575 -1.13999e+02
 61  0.12162 -4.04342e+02 | 62  0.17732  2.01627e+01 | 63  0.04112  2.39053e-01
 64  0.04735 -1.36146e+00 | 65  0.14564  5.39830e+03 | 66  0.09318  1.07630e+04
 67  0.16161 -1.42383e+02 | 68 -0.04377 -1.28307e+00 | 69 -0.17840 -3.13450e+01
 70  0.13636 -2.21192e+01 | 71  0.06501 -1.77144e+01 | 72  0.12688  3.59216e+00
 73 -0.00000 -3.76748e-30 | 74  0.02567 -1.71913e+00 | 75 -0.06812  5.17732e+00
 76 -0.23971 -1.44437e-04 | 77  0.10118 -6.78409e+00 | 78  0.71528 -1.05199e+00
 79 -0.15761 -1.43035e-01 | 80  0.08401 -3.59932e-01 | 81 -0.66838 -1.40422e+00

Initial statistics: 91 variables; iteration 0; function evaluation 0; phase 4
Function value 2.6159955e+02; maximum gradient component mag 1.0763e+04
Var    Value     Gradient |Var    Value     Gradient |Var    Value     Gradient
  1  0.02502 -7.74753e+02 |  2  0.01401 -2.92961e+02 |  3  0.00000  2.21426e+01
  4  0.00000  2.40222e+01 |  5  0.00000  1.77701e+01 |  6  0.00000  1.23907e+01
  7  0.00000  1.41465e+01 |  8  0.00000  9.60641e+00 |  9  0.00000 -3.16472e-01
 10  0.00000  1.82472e+00 | 11  0.00000 -1.16253e+00 | 12  0.00000  8.56996e+00
 13 -0.02114  7.13959e-01 | 14 -0.01356  1.26189e+00 | 15 -0.01128  2.69151e+00
 16 -0.01103  1.13210e+00 | 17 -0.00847 -2.34307e+00 | 18  0.00257 -3.47509e+00
 19  0.00470 -1.29276e+00 | 20  0.01126  1.19033e-02 | 21 -0.01129  5.61426e-01
 22 -0.01839 -1.85960e+00 | 23 -0.01262 -4.00915e+00 | 24 -0.01783 -4.07432e-01
 25 -0.02000 -2.74531e+00 | 26  0.01939 -3.80452e+00 | 27  0.01810 -4.38351e+00
 28  0.02021 -2.42359e-01 | 29  0.03944 -1.34726e+00 | 30  0.01649 -8.58538e-01
 31  0.02691  1.41741e+00 | 32  0.08302 -2.46301e+00 | 33  0.04271  1.96250e+00
 34  0.01704 -1.09050e+00 | 35  0.03609  3.75901e+00 | 36  0.01262 -3.91296e-01
 37  0.05684  7.66024e-01 | 38  0.03240  2.64668e+00 | 39 -0.00141 -1.21313e+00
 40 -0.00413  4.67236e+00 | 41 -0.01874  2.99656e-01 | 42 -0.01549 -6.72793e-01
 43 -0.00564 -1.18199e+00 | 44  0.00408 -1.33738e+00 | 45  0.00780 -8.98398e-02
 46  0.00699 -1.13057e+00 | 47  0.00364  9.29987e-01 | 48  0.00839 -3.35439e+00
 49 -0.00101 -2.05385e+00 | 50 -0.03226  2.56970e+00 | 51 -0.03609  1.08299e+00
 52 -0.02962 -6.93860e-01 | 53 -0.00907 -3.54194e+00 | 54 -0.01117 -8.60318e-01
 55 -0.00071  2.26257e+00 | 56 -0.03184  8.68435e-01 | 57 -0.02327  5.46318e-01
 58 -0.01931  7.54440e-01 | 59  0.00037  1.35072e+00 | 60 -0.01328  1.50779e+00
 61 -0.01621  2.63684e+00 | 62 -0.01305  2.51888e+00 | 63 -0.01210  1.73198e+00
 64 -0.01214  1.89662e+00 | 65 -0.01857  4.29222e+00 | 66 -0.00952 -1.13717e+00
 67 -0.00096 -5.44450e-01 | 68  0.00000  0.00000e+00 | 69 -0.80318 -4.29049e+02
 70  0.14575 -1.13999e+02 | 71  0.12162 -4.04342e+02 | 72  0.17732  2.01627e+01
 73  0.04112  2.39053e-01 | 74  0.04735 -1.36146e+00 | 75  0.14564  5.39830e+03
 76  0.09318  1.07630e+04 | 77  0.16161 -1.42383e+02 | 78 -0.04377 -1.28307e+00
 79 -0.17840 -3.13450e+01 | 80  0.13636 -2.21192e+01 | 81  0.06501 -1.77144e+01
 82  0.12688  3.59216e+00 | 83  0.00000 -3.76748e-30 | 84  0.02567 -1.71913e+00
 85 -0.06812  5.17732e+00 | 86 -0.23971 -1.44437e-04 | 87  0.10118 -6.78409e+00
 88  0.71528 -1.05199e+00 | 89 -0.15761 -1.43035e-01 | 90  0.08401 -3.59932e-01
 91 -0.66838 -1.40422e+00 |

Intermediate statistics: 91 variables; iteration 20; function evaluation 24; phase 4
Function value 2.6057375e+02; maximum gradient component mag 9.2378e+02
Var    Value     Gradient |Var    Value     Gradient |Var    Value     Gradient
  1  0.02531 -5.27507e+02 |  2  0.01626 -6.04276e+01 |  3 -0.01366  9.20200e+00
  4 -0.01335  1.08666e+01 |  5 -0.01068  7.19579e+00 |  6 -0.00763  4.48427e+00
  7 -0.00890  5.13991e+00 |  8 -0.00635  3.03959e+00 |  9  0.00292  1.42558e-01
 10  0.00109  1.32312e+00 | 11  0.00433  4.77484e-01 | 12 -0.00245  4.23297e+00
 13 -0.01792  5.68557e+00 | 14 -0.01242  4.07025e+00 | 15 -0.01314  2.46933e+00
 16 -0.01338  4.88950e-02 | 17 -0.00920 -1.97895e+00 | 18  0.00225 -3.04895e+00
 19  0.00354 -1.47400e+00 | 20  0.01120 -3.87422e-01 | 21 -0.01148  7.53067e-01
 22 -0.01840 -8.14103e-01 | 23 -0.01245 -2.74950e+00 | 24 -0.01914 -5.43188e-01
 25 -0.01987 -2.19078e+00 | 26  0.01894 -5.62266e+00 | 27  0.01984 -4.37732e+00
 28  0.01893 -8.61815e-01 | 29  0.03993 -1.63490e+00 | 30  0.01765  4.08583e-01
 31  0.02532  1.28897e+00 | 32  0.08549 -5.40460e+00 | 33  0.03896 -8.94058e-01
 34  0.01992 -3.87139e-01 | 35  0.03284 -1.39579e-01 | 36  0.01441 -6.95115e-02
 37  0.05538 -5.97822e+00 | 38  0.02998 -3.97269e+00 | 39  0.00068 -3.10717e+00
 40 -0.00663 -8.52954e-01 | 41 -0.01872 -2.03904e+00 | 42 -0.01580 -2.49800e+00
 43 -0.00608 -2.71483e+00 | 44  0.00327 -3.24746e+00 | 45  0.00661 -1.75893e+00
 46  0.00894  7.88829e-02 | 47  0.00338  1.34001e+00 | 48  0.00952 -1.63748e+00
 49 -0.00135 -6.83175e-01 | 50 -0.03258  4.97781e+00 | 51 -0.03598  4.94510e+00
 52 -0.02961  3.72553e+00 | 53 -0.00851  1.25679e+00 | 54 -0.01130  2.72704e+00
 55 -0.00062  5.53775e+00 | 56 -0.02957  6.66342e+00 | 57 -0.02053  6.97354e+00
 58 -0.01830  5.94235e+00 | 59 -0.00009  4.96187e+00 | 60 -0.01330  5.19608e+00
 61 -0.01597  6.45937e+00 | 62 -0.01230  6.65245e+00 | 63 -0.01136  6.12443e+00
 64 -0.01117  6.79268e+00 | 65 -0.01850  8.73434e+00 | 66 -0.00839 -3.25429e-02
 67 -0.00052 -1.86645e-01 | 68  0.00000  0.00000e+00 | 69 -0.80345 -1.46738e+02
 70  0.16144  2.54686e+01 | 71  0.11793  1.05012e+02 | 72  0.18134  2.50085e-01
 73  0.04038  1.99563e-04 | 74  0.04908  4.80085e-01 | 75  0.14647  4.83045e+02
 76  0.09278  9.23781e+02 | 77  0.16197 -9.71467e-01 | 78 -0.03847 -1.38736e-01
 79 -0.19631 -9.20753e+00 | 80  0.14244 -1.70103e+01 | 81  0.05770 -1.11876e+01
 82  0.12921  1.35548e+01 | 83  0.00000 -2.98186e-30 | 84  0.02664 -6.12283e-01
 85 -0.06899 -1.57508e+01 | 86 -0.23971 -5.69969e-04 | 87  0.10130  1.57760e+01
 88  0.71769 -2.46366e+00 | 89 -0.15647 -2.04103e+00 | 90  0.08546 -1.19857e+01
 91 -0.66303  5.12549e+00 |
91 variables; iteration 40; function evaluation 46; phase 4
Function value 2.5967780e+02; maximum gradient component mag -1.1659e+03
Var    Value     Gradient |Var    Value     Gradient |Var    Value     Gradient
  1  0.02555 -1.16588e+03 |  2  0.00102 -5.90642e+01 |  3 -0.02237 -3.70094e+00
  4 -0.02308 -4.39516e+00 |  5 -0.01676 -6.02068e+00 |  6 -0.01080 -7.44606e+00
  7 -0.01336 -8.18518e+00 |  8 -0.00882 -9.71350e+00 |  9  0.00413 -1.24913e+01
 10  0.00162 -1.22923e+01 | 11  0.00649 -1.43961e+01 | 12 -0.00546 -1.39397e+01
 13 -0.01637  3.04045e+00 | 14 -0.01198  6.62426e-01 | 15 -0.01394  9.66780e-02
 16 -0.01289  6.28660e-01 | 17 -0.00716 -6.57795e-01 | 18  0.00421 -5.02992e+00
 19  0.00328 -7.27702e+00 | 20  0.01055 -8.82255e+00 | 21 -0.00997 -1.12809e+00
 22 -0.01539  9.38446e-01 | 23 -0.01089 -3.75936e+00 | 24 -0.02219 -5.85307e+00
 25 -0.02017 -5.32910e+00 | 26  0.01985 -1.33922e+01 | 27  0.02166 -1.20722e+01
 28  0.01657 -9.17404e+00 | 29  0.03924 -8.34856e+00 | 30  0.01947  3.32939e+00
 31  0.02581  4.40681e+00 | 32  0.08637 -1.33237e+01 | 33  0.03563 -5.32948e+00
 34  0.01960 -2.58409e+00 | 35  0.03133 -2.62129e+00 | 36  0.01589  3.15084e+00
 37  0.05583 -9.44139e+00 | 38  0.02772 -7.80418e+00 | 39  0.00107 -3.88519e+00
 40 -0.00857 -2.53292e+00 | 41 -0.01697  9.26560e-01 | 42 -0.01461 -4.07380e-01
 43 -0.00675 -3.99411e+00 | 44  0.00263 -4.98428e+00 | 45  0.00689 -1.34128e+00
 46  0.00944  1.76994e+00 | 47  0.00244  3.36100e+00 | 48  0.00999 -9.05671e-02
 49 -0.00082 -1.17072e+00 | 50 -0.03501  2.59618e+00 | 51 -0.03697  3.66538e+00
 52 -0.02978  4.16064e+00 | 53 -0.00794  2.97712e+00 | 54 -0.01142  5.25288e+00
 55 -0.00122  6.24789e+00 | 56 -0.02873  1.08414e+01 | 57 -0.02028  1.03214e+01
 58 -0.01865  9.85845e+00 | 59  0.00012  1.06048e+01 | 60 -0.01232  1.19566e+01
 61 -0.01677  9.01174e+00 | 62 -0.01461  6.24410e+00 | 63 -0.01268  7.99288e+00
 64 -0.01071  1.38472e+01 | 65 -0.01916  1.78091e+01 | 66 -0.00816  1.15154e-01
 67 -0.00038 -9.51200e-02 | 68  0.00000  0.00000e+00 | 69 -0.79128 -9.49901e+01
 70  0.15994 -4.68476e+01 | 71  0.11820 -1.17113e+02 | 72  0.18070  2.41445e+01
 73 -0.04371 -2.16021e-04 | 74  0.05104 -7.12982e+00 | 75  0.14667 -2.01916e+02
 76  0.09270 -4.38602e+02 | 77  0.16102  1.56647e-01 | 78  0.03133  1.65141e-01
 79 -0.18694 -5.28211e+00 | 80  0.14197 -1.83163e+01 | 81  0.05845 -1.23907e+01
 82  0.12836  6.54443e+00 | 83  0.00000 -3.12179e-30 | 84  0.02646 -7.34410e+00
 85 -0.06487  4.82913e-01 | 86 -0.23964 -3.41427e-04 | 87  0.10309  2.40763e+00
 88  0.70424 -2.32317e+00 | 89 -0.15323 -1.47273e+00 | 90  0.08505 -9.50394e+00
 91 -0.66691  6.16577e-01 |
91 variables; iteration 60; function evaluation 77; phase 4
Function value 2.5935087e+02; maximum gradient component mag 1.3898e+03
Var    Value     Gradient |Var    Value     Gradient |Var    Value     Gradient
  1  0.02578 -8.49941e+02 |  2 -0.00674 -1.50774e+02 |  3 -0.02492 -3.02285e+00
  4 -0.02589 -3.52228e+00 |  5 -0.01984 -4.66023e+00 |  6 -0.01254 -4.35354e+00
  7 -0.01645 -5.98669e+00 |  8 -0.01067 -5.71082e+00 |  9  0.00540 -5.08634e+00
 10  0.00232 -5.09824e+00 | 11  0.00607 -6.96350e+00 | 12 -0.00726 -7.76911e+00
 13 -0.01589  2.59675e+00 | 14 -0.01156  1.01427e+00 | 15 -0.01431 -2.45320e-02
 16 -0.01317  8.81325e-01 | 17 -0.00689  1.25712e+00 | 18  0.00445 -5.19178e-01
 19  0.00527 -1.46398e+00 | 20  0.01115 -4.37781e+00 | 21 -0.01134 -2.27420e+00
 22 -0.01839 -2.55738e+00 | 23 -0.01117 -2.23116e+00 | 24 -0.01863  3.12516e-01
 25 -0.01787 -1.70595e-01 | 26  0.01690 -9.07756e+00 | 27  0.02136 -6.77859e+00
 28  0.01819 -3.37102e+00 | 29  0.03989 -2.65485e+00 | 30  0.01999  2.25751e+00
 31  0.02071 -9.29602e-01 | 32  0.08774 -6.76848e+00 | 33  0.03641 -1.86060e+00
 34  0.02091  3.44152e-01 | 35  0.03099 -9.58322e-01 | 36  0.01593  1.45499e+00
 37  0.05362 -6.95355e+00 | 38  0.02964 -3.69249e+00 | 39  0.00077 -2.04040e+00
 40 -0.00859 -2.00506e+00 | 41 -0.01881 -2.45108e+00 | 42 -0.01634 -4.17367e+00
 43 -0.00610 -3.61772e+00 | 44  0.00332 -2.10184e+00 | 45  0.00739  3.28575e-01
 46  0.00847 -1.28017e-01 | 47  0.00264  9.70264e-01 | 48  0.01042 -8.44143e-01
 49 -0.00043 -1.01182e+00 | 50 -0.03488  4.89957e-01 | 51 -0.03683  1.14604e+00
 52 -0.02975  1.31031e+00 | 53 -0.00822  1.86809e-01 | 54 -0.01159  1.18610e+00
 55 -0.00170  1.28788e+00 | 56 -0.02974  3.83105e+00 | 57 -0.02133  3.40121e+00
 58 -0.01838  4.38046e+00 | 59  0.00003  4.81662e+00 | 60 -0.01322  5.30100e+00
 61 -0.01677  4.52798e+00 | 62 -0.01248  4.95017e+00 | 63 -0.01102  5.93689e+00
 64 -0.01081  7.73459e+00 | 65 -0.01973  9.07493e+00 | 66 -0.00793  1.56265e-01
 67 -0.00012  1.16607e-01 | 68  0.00000  0.00000e+00 | 69 -0.78453 -1.81627e+02
 70  0.16532 -1.68135e+01 | 71  0.11679 -2.66856e+01 | 72  0.18230  2.10192e+01
 73 -0.17476 -8.84734e-04 | 74  0.05040 -3.35113e+00 | 75  0.14691  7.52908e+02
 76  0.09259  1.38978e+03 | 77  0.15968 -7.04224e+01 | 78  0.04352 -7.66447e-01
 79 -0.18315 -1.29675e+01 | 80  0.13821 -1.71850e+01 | 81  0.06358 -8.38257e+00
 82  0.12665  7.44293e+00 | 83  0.00000 -1.86454e-30 | 84  0.02765 -4.24241e+00
 85 -0.06853 -5.56402e+00 | 86 -0.23954 -1.86516e-04 | 87  0.10117  7.07380e+00
 88  0.72300 -1.06996e+00 | 89 -0.15932 -4.04109e+00 | 90  0.08621 -2.27615e+00
 91 -0.66533 -1.41009e-01 |
91 variables; iteration 80; function evaluation 109; phase 4
Function value 2.5913061e+02; maximum gradient component mag 6.6697e+02
Var    Value     Gradient |Var    Value     Gradient |Var    Value     Gradient
  1  0.02620 -2.88744e+02 |  2 -0.01294 -8.36331e+01 |  3 -0.02676 -2.11587e+00
  4 -0.02696 -1.40295e+00 |  5 -0.02107 -1.97455e+00 |  6 -0.01436 -1.47868e+00
  7 -0.01720 -1.99519e+00 |  8 -0.01134 -1.34133e+00 |  9  0.00101 -3.00353e+00
 10 -0.00163 -2.94663e+00 | 11  0.00426 -2.37292e+00 | 12 -0.00747 -2.37479e+00
 13 -0.01931 -1.55519e+00 | 14 -0.01243 -1.24060e-01 | 15 -0.01410  3.42927e-01
 16 -0.01370  6.79778e-01 | 17 -0.00775  8.10961e-01 | 18  0.00433  2.99808e-01
 19  0.00493 -4.41812e-01 | 20  0.01161 -1.59297e+00 | 21 -0.01294 -2.12899e+00
 22 -0.01759 -4.53116e-01 | 23 -0.01062  1.47741e-01 | 24 -0.01913  3.22553e-01
 25 -0.02037 -1.38375e+00 | 26  0.01936 -2.30770e+00 | 27  0.01982 -2.56359e+00
 28  0.01967 -5.06598e-01 | 29  0.03925 -2.24554e+00 | 30  0.01800 -5.84725e-01
 31  0.02556  2.50778e-01 | 32  0.08611 -1.59657e+00 | 33  0.03889  6.38382e-01
 34  0.02113  1.02687e+00 | 35  0.03010 -1.08929e+00 | 36  0.01386 -4.27705e-01
 37  0.05445 -1.45471e+00 | 38  0.02783 -9.05521e-01 | 39  0.00179  5.76900e-01
 40 -0.00994 -1.20255e+00 | 41 -0.01988 -1.46262e+00 | 42 -0.01549 -2.62060e-01
 43 -0.00696 -6.67719e-01 | 44  0.00407  7.53318e-01 | 45  0.00530 -1.29094e+00
 46  0.01060  3.68062e-01 | 47  0.00226 -2.92478e-01 | 48  0.01243  1.27802e+00
 49 -0.00186 -1.01553e+00 | 50 -0.03375  1.01096e+00 | 51 -0.03586  1.50356e+00
 52 -0.03053 -6.01757e-01 | 53 -0.00779  1.28748e-01 | 54 -0.01150  7.54766e-02
 55 -0.00169 -6.29849e-01 | 56 -0.02867  5.53691e-01 | 57 -0.01973  1.61138e-01
 58 -0.01795  2.86921e-01 | 59 -0.00010  8.35773e-01 | 60 -0.01324  1.46884e+00
 61 -0.01602  1.67152e+00 | 62 -0.01114  2.48000e+00 | 63 -0.00968  2.36892e+00
 64 -0.01093  1.22329e+00 | 65 -0.02053  1.36710e+00 | 66 -0.00781  1.17522e-01
 67 -0.00048 -1.54208e-01 | 68  0.00000  0.00000e+00 | 69 -0.77759 -9.26898e+01
 70  0.17378 -8.39892e+00 | 71  0.11439 -2.74949e+01 | 72  0.18421  6.78598e+00
 73 -0.57688 -4.00937e-03 | 74  0.05005 -2.16698e+00 | 75  0.14756  3.67997e+02
 76  0.09230  6.66972e+02 | 77  0.15881 -4.52212e+01 | 78  0.04989 -6.68695e-01
 79 -0.19066 -7.91970e+00 | 80  0.14045 -5.78992e+00 | 81  0.06206 -1.86044e+00
 82  0.12716  3.91148e+00 | 83  0.00000 -9.68755e-31 | 84  0.02857 -6.30201e-01
 85 -0.06950 -4.30861e+00 | 86 -0.23907 -1.70859e-04 | 87  0.10018  1.43325e+00
 88  0.72480 -9.58562e-03 | 89 -0.15674 -6.10776e-02 | 90  0.08822  1.02316e+00
 91 -0.66208  8.25949e-01 |
91 variables; iteration 100; function evaluation 143; phase 4
Function value 2.5907629e+02; maximum gradient component mag 1.0353e+02
Var    Value     Gradient |Var    Value     Gradient |Var    Value     Gradient
  1  0.02632  1.03527e+02 |  2 -0.01434 -1.50490e+01 |  3 -0.02575  1.11427e+00
  4 -0.02668  1.61079e+00 |  5 -0.02106  1.37783e+00 |  6 -0.01521  1.63265e+00
  7 -0.01707  2.13162e+00 |  8 -0.01325  1.43760e+00 |  9  0.00058  1.96075e+00
 10 -0.00124  2.73765e+00 | 11  0.00334  2.85885e+00 | 12 -0.00842  2.27419e+00
 13 -0.01832  5.37768e-01 | 14 -0.01318  5.42889e-01 | 15 -0.01488  3.92726e-01
 16 -0.01444  1.69614e-01 | 17 -0.00812  6.19022e-01 | 18  0.00381  8.42062e-01
 19  0.00451  1.16958e+00 | 20  0.01138  1.96374e+00 | 21 -0.01178  1.39450e+00
 22 -0.01809  6.00590e-01 | 23 -0.01103  8.24611e-01 | 24 -0.02014  1.47640e-01
 25 -0.01983  6.21330e-01 | 26  0.01925  2.09753e+00 | 27  0.02052  1.61004e+00
 28  0.01835  7.39294e-01 | 29  0.04054  1.18597e+00 | 30  0.01820 -4.36979e-02
 31  0.02465 -2.82928e-01 | 32  0.08731  1.64609e+00 | 33  0.03802 -5.99863e-02
 34  0.01980 -5.35178e-01 | 35  0.03107  3.62974e-01 | 36  0.01408  5.29262e-02
 37  0.05393  1.03099e+00 | 38  0.02815  5.81300e-01 | 39  0.00076  3.00056e-01
 40 -0.00934  3.97027e-01 | 41 -0.01937  2.64530e-01 | 42 -0.01613  3.35402e-01
 43 -0.00668  6.91645e-02 | 44  0.00277 -1.68663e-01 | 45  0.00674 -1.39649e-01
 46  0.00998 -2.73318e-01 | 47  0.00388 -1.17468e-01 | 48  0.01089 -4.68301e-01
 49 -0.00039 -1.50140e-02 | 50 -0.03422 -5.83351e-01 | 51 -0.03689 -8.69619e-01
 52 -0.02950 -3.71016e-01 | 53 -0.00798 -5.92901e-01 | 54 -0.01141 -4.95533e-01
 55 -0.00074 -3.23471e-01 | 56 -0.02852 -1.37200e+00 | 57 -0.01810 -4.22942e-01
 58 -0.01772 -1.38540e+00 | 59  0.00033 -6.76959e-01 | 60 -0.01380 -1.68457e+00
 61 -0.01537 -9.61265e-01 | 62 -0.01175 -1.71760e+00 | 63 -0.00986 -1.39186e+00
 64 -0.01022 -1.42275e+00 | 65 -0.02076 -2.39271e+00 | 66 -0.00804 -1.48305e-01
 67 -0.00017  7.58985e-02 | 68  0.00000  0.00000e+00 | 69 -0.77555 -1.80629e+01
 70  0.17486 -9.79941e+00 | 71  0.11403 -4.51109e+01 | 72  0.18426 -4.07600e+00
 73 -0.68663 -5.85818e-03 | 74  0.05143  8.67220e-01 | 75  0.14795  1.85307e+01
 76  0.09212  3.19236e+01 | 77  0.15883 -7.67500e+00 | 78  0.03781 -4.48949e-02
 79 -0.19001 -2.37075e+00 | 80  0.14241  3.96890e-02 | 81  0.06042 -6.24379e-01
 82  0.12782 -8.28036e-01 | 83  0.00000 -7.80561e-31 | 84  0.02869  9.93259e-01
 85 -0.06769  4.95949e-01 | 86 -0.23842 -2.54381e-05 | 87  0.10113 -2.61917e-02
 88  0.72029  1.70681e-01 | 89 -0.15585  2.92634e-01 | 90  0.08816  9.41951e-01
 91 -0.66314 -3.41010e-01 |
91 variables; iteration 120; function evaluation 165; phase 4
Function value 2.5904731e+02; maximum gradient component mag 2.4066e+01
Var    Value     Gradient |Var    Value     Gradient |Var    Value     Gradient
  1  0.02621 -7.71865e-01 |  2 -0.01425  2.11142e+00 |  3 -0.02568 -8.43469e-02
  4 -0.02688 -1.16305e-01 |  5 -0.02056 -1.08193e-02 |  6 -0.01469 -4.95651e-02
  7 -0.01701 -5.03194e-02 |  8 -0.01207  7.17136e-02 |  9  0.00165 -5.06099e-02
 10 -0.00105 -4.84493e-02 | 11  0.00385  2.93838e-02 | 12 -0.00769 -2.20251e-02
 13 -0.01824  2.83104e-02 | 14 -0.01288  6.64619e-02 | 15 -0.01450  1.06436e-01
 16 -0.01402  1.12386e-01 | 17 -0.00815  1.16328e-01 | 18  0.00403  9.86908e-02
 19  0.00479  9.11360e-02 | 20  0.01130 -1.31281e-03 | 21 -0.01212 -1.11533e-01
 22 -0.01781  6.73640e-02 | 23 -0.01098 -9.67699e-03 | 24 -0.01968  9.59429e-02
 25 -0.01994 -1.53672e-01 | 26  0.01913 -9.57229e-02 | 27  0.02059 -1.82512e-01
 28  0.01864 -8.12792e-02 | 29  0.04016 -1.20043e-01 | 30  0.01814 -3.12157e-02
 31  0.02476 -6.01730e-02 | 32  0.08685 -1.06232e-01 | 33  0.03821  5.59453e-02
 34  0.02026  6.30073e-02 | 35  0.03083 -1.21441e-01 | 36  0.01391 -1.26171e-02
 37  0.05436 -5.52801e-02 | 38  0.02818 -1.12011e-01 | 39  0.00071 -1.25939e-02
 40 -0.00933 -1.38722e-02 | 41 -0.01934 -1.59077e-01 | 42 -0.01599 -3.66793e-02
 43 -0.00649 -3.18211e-02 | 44  0.00299 -5.17928e-02 | 45  0.00673 -9.35248e-02
 46  0.00986 -1.93094e-02 | 47  0.00320 -6.08834e-02 | 48  0.01116  4.16691e-02
 49 -0.00068 -8.81910e-02 | 50 -0.03424  2.90659e-02 | 51 -0.03664  6.98033e-02
 52 -0.02979 -7.59228e-02 | 53 -0.00782  1.90788e-02 | 54 -0.01152 -6.21961e-02
 55 -0.00106  2.97503e-03 | 56 -0.02856 -3.63551e-02 | 57 -0.01912  1.58589e-02
 58 -0.01764 -8.06086e-02 | 59 -0.00001  1.34694e-01 | 60 -0.01346 -3.05421e-02
 61 -0.01590  8.87343e-02 | 62 -0.01148  2.19786e-01 | 63 -0.01024  1.36705e-02
 64 -0.01048  1.45245e-01 | 65 -0.02035  4.42023e-02 | 66 -0.00789  2.37859e-02
 67 -0.00029 -1.77585e-02 | 68  0.00000  0.00000e+00 | 69 -0.77457  1.94907e+00
 70  0.17186 -8.54924e-01 | 71  0.11495 -3.93823e+00 | 72  0.18354  2.42245e-01
 73 -0.45610 -2.73568e-03 | 74  0.05082 -1.32637e-01 | 75  0.15202  1.01101e+01
 76  0.09013  2.40660e+01 | 77  0.16035  6.88870e-01 | 78  0.05800  8.37659e-02
 79 -0.18691  4.10480e-01 | 80  0.14159 -3.59182e-01 | 81  0.06321 -1.56104e-01
 82  0.12759  1.58662e-01 | 83  0.00000 -8.15210e-31 | 84  0.02844  7.40396e-02
 85 -0.06795 -4.39498e-02 | 86 -0.23679  1.06696e-05 | 87  0.10102 -1.47014e-01
 88  0.72042 -6.31960e-03 | 89 -0.15607  1.85138e-02 | 90  0.08784  1.40353e-01
 91 -0.66333 -3.73395e-02 |
91 variables; iteration 140; function evaluation 192; phase 4
Function value 2.5904118e+02; maximum gradient component mag 3.4105e+01
Var    Value     Gradient |Var    Value     Gradient |Var    Value     Gradient
  1  0.02622 -2.13747e+00 |  2 -0.01433  3.66671e+00 |  3 -0.02562 -5.72200e-02
  4 -0.02680 -7.02426e-02 |  5 -0.02060 -1.00656e-01 |  6 -0.01470 -1.18519e-01
  7 -0.01702 -1.21674e-01 |  8 -0.01223 -1.40617e-01 |  9  0.00162 -1.70287e-01
 10 -0.00107 -1.65122e-01 | 11  0.00371 -1.98287e-01 | 12 -0.00774 -1.86301e-01
 13 -0.01825 -3.70725e-02 | 14 -0.01291 -4.67528e-02 | 15 -0.01457 -3.87512e-02
 16 -0.01408 -2.30635e-02 | 17 -0.00821 -3.74124e-02 | 18  0.00404 -5.21245e-02
 19  0.00481 -6.39985e-02 | 20  0.01121 -9.71623e-02 | 21 -0.01205 -4.54400e-02
 22 -0.01791 -4.93054e-02 | 23 -0.01087 -7.77290e-02 | 24 -0.01982 -5.43225e-02
 25 -0.01987 -4.34299e-02 | 26  0.01906 -1.53846e-01 | 27  0.02075 -1.38016e-01
 28  0.01863 -8.61067e-02 | 29  0.04015 -6.61461e-02 | 30  0.01813  1.68736e-02
 31  0.02483  2.80837e-02 | 32  0.08691 -1.24323e-01 | 33  0.03813 -2.40790e-02
 34  0.02015  9.41858e-03 | 35  0.03092 -7.96994e-03 | 36  0.01388  2.70537e-02
 37  0.05433 -7.89761e-02 | 38  0.02822 -4.71985e-02 | 39  0.00059 -2.77414e-02
 40 -0.00941 -7.56174e-03 | 41 -0.01922 -1.13677e-02 | 42 -0.01598 -2.62167e-02
 43 -0.00652 -3.87405e-02 | 44  0.00295 -2.01458e-02 | 45  0.00688  2.77998e-02
 46  0.00978  2.53198e-02 | 47  0.00329  4.77441e-02 | 48  0.01110  9.89784e-03
 49 -0.00061  2.05627e-02 | 50 -0.03427  5.17816e-02 | 51 -0.03670  4.98937e-02
 52 -0.02972  5.22397e-02 | 53 -0.00786  4.82654e-02 | 54 -0.01147  6.89196e-02
 55 -0.00107  7.30819e-02 | 56 -0.02847  9.97462e-02 | 57 -0.01909  1.01904e-01
 58 -0.01751  1.01075e-01 | 59 -0.00011  1.05904e-01 | 60 -0.01337  1.00249e-01
 61 -0.01590  9.38531e-02 | 62 -0.01160  9.49043e-02 | 63 -0.01013  1.17709e-01
 64 -0.01051  1.47195e-01 | 65 -0.02033  1.47932e-01 | 66 -0.00792  4.35849e-03
 67 -0.00027  7.67261e-04 | 68  0.00000  0.00000e+00 | 69 -0.77370  4.00703e+00
 70  0.17157 -2.48992e-01 | 71  0.11504 -6.21513e-01 | 72  0.18343  1.80306e-01
 73 -0.11338 -5.65518e-04 | 74  0.05092 -5.98435e-02 | 75  0.15500  1.66523e+01
 76  0.08845  3.41047e+01 | 77  0.16140  2.00480e+00 | 78 -0.68671 -5.85990e-03
 79 -0.18667  4.58578e-01 | 80  0.14151 -2.40725e-01 | 81  0.07748 -1.88406e-01
 82  0.12755  1.19995e-01 | 83  0.00000 -2.21522e-30 | 84  0.02839 -5.40377e-02
 85 -0.06787  2.54605e-02 | 86 -0.25833 -6.95170e-04 | 87  0.10107 -1.80394e-02
 88  0.72033  5.19272e-04 | 89 -0.15606 -2.87857e-02 | 90  0.08785 -1.28839e-02
 91 -0.66333 -2.03218e-02 |
91 variables; iteration 160; function evaluation 212; phase 4
Function value 2.5904104e+02; maximum gradient component mag 1.6362e+01
Var    Value     Gradient |Var    Value     Gradient |Var    Value     Gradient
  1  0.02622 -9.06228e-01 |  2 -0.01431 -3.60171e-01 |  3 -0.02564 -1.77160e-03
  4 -0.02683 -3.60982e-03 |  5 -0.02062 -2.44313e-03 |  6 -0.01471 -2.32409e-03
  7 -0.01704 -3.15682e-03 |  8 -0.01224 -1.73736e-03 |  9  0.00161 -2.36433e-03
 10 -0.00109 -3.75784e-03 | 11  0.00370 -3.81012e-03 | 12 -0.00775 -1.94617e-03
 13 -0.01824 -2.41165e-04 | 14 -0.01291 -5.03268e-04 | 15 -0.01457 -7.73906e-04
 16 -0.01408 -2.45987e-04 | 17 -0.00821 -6.46036e-04 | 18  0.00403 -3.55393e-04
 19  0.00480 -7.80503e-04 | 20  0.01122 -3.07636e-03 | 21 -0.01206 -2.58667e-03
 22 -0.01791 -4.63995e-04 | 23 -0.01087 -1.58273e-03 | 24 -0.01981  9.83338e-04
 25 -0.01988 -1.30442e-03 | 26  0.01907 -3.31275e-03 | 27  0.02074 -2.70617e-03
 28  0.01863 -2.08213e-03 | 29  0.04015 -1.44127e-03 | 30  0.01813  3.94038e-04
 31  0.02482 -7.96231e-06 | 32  0.08691 -3.46287e-03 | 33  0.03814 -1.52520e-04
 34  0.02015  4.94427e-04 | 35  0.03092 -1.13519e-03 | 36  0.01387 -3.52522e-04
 37  0.05432 -1.23791e-03 | 38  0.02822 -1.83868e-03 | 39  0.00060 -2.17674e-03
 40 -0.00942 -2.03313e-04 | 41 -0.01923 -1.39218e-03 | 42 -0.01599  2.01457e-04
 43 -0.00652  4.05482e-05 | 44  0.00296 -2.36167e-04 | 45  0.00686  7.10098e-04
 46  0.00980 -2.54854e-04 | 47  0.00328 -9.89509e-05 | 48  0.01111  1.67195e-03
 49 -0.00061  4.35077e-04 | 50 -0.03427  8.66609e-04 | 51 -0.03670  1.75455e-03
 52 -0.02972  6.19784e-04 | 53 -0.00786  2.18810e-03 | 54 -0.01148  8.84818e-04
 55 -0.00108  1.58107e-03 | 56 -0.02847  2.13394e-03 | 57 -0.01909  1.50903e-03
 58 -0.01751  1.77091e-04 | 59 -0.00011  3.55436e-03 | 60 -0.01336  1.40748e-03
 61 -0.01589  2.34767e-03 | 62 -0.01159  3.17016e-03 | 63 -0.01013  5.23933e-04
 64 -0.01052  2.88066e-03 | 65 -0.02033  2.46192e-03 | 66 -0.00792  7.33777e-04
 67 -0.00027 -9.43256e-05 | 68  0.00000  0.00000e+00 | 69 -0.77379 -4.28608e-01
 70  0.17153  1.51127e-01 | 71  0.11505  6.50853e-01 | 72  0.18342  5.38935e-03
 73 -0.12513 -6.25596e-04 | 74  0.05091 -3.76930e-03 | 75  0.15475  8.18963e+00
 76  0.08860  1.63618e+01 | 77  0.16131 -1.71389e-01 | 78 -0.60526 -4.39996e-03
 79 -0.18678 -3.85494e-02 | 80  0.14148  3.38452e-02 | 81  0.07779  2.78806e-02
 82  0.12754 -3.59591e-03 | 83  0.00000 -1.33597e-30 | 84  0.02838  2.89724e-03
 85 -0.06787  3.92177e-03 | 86 -0.23961 -1.01507e-04 | 87  0.10107 -5.06050e-03
 88  0.72031 -4.67980e-05 | 89 -0.15605  1.46376e-04 | 90  0.08786  8.37187e-04
 91 -0.66330 -1.39977e-03 |
91 variables; iteration 180; function evaluation 235; phase 4
Function value 2.5904045e+02; maximum gradient component mag 1.5302e+01
Var    Value     Gradient |Var    Value     Gradient |Var    Value     Gradient
  1  0.02623  1.23815e+01 |  2 -0.01431 -2.43389e-01 |  3 -0.02565  1.20969e-01
  4 -0.02684  1.39878e-01 |  5 -0.02063  1.78280e-01 |  6 -0.01473  2.05384e-01
  7 -0.01706  2.11811e-01 |  8 -0.01226  2.37238e-01 |  9  0.00159  2.85527e-01
 10 -0.00111  2.84599e-01 | 11  0.00367  3.28576e-01 | 12 -0.00777  3.16367e-01
 13 -0.01825  9.75387e-02 | 14 -0.01292  1.14015e-01 | 15 -0.01459  9.77301e-02
 16 -0.01409  7.93408e-02 | 17 -0.00822  8.17359e-02 | 18  0.00402  1.19919e-01
 19  0.00480  1.39948e-01 | 20  0.01121  2.01019e-01 | 21 -0.01207  1.30899e-01
 22 -0.01791  9.98582e-02 | 23 -0.01087  1.05152e-01 | 24 -0.01982  7.76947e-02
 25 -0.01989  8.15905e-02 | 26  0.01907  2.16136e-01 | 27  0.02075  1.97471e-01
 28  0.01863  1.08897e-01 | 29  0.04015  1.03287e-01 | 30  0.01814 -7.72798e-03
 31  0.02483 -2.25676e-02 | 32  0.08692  1.39989e-01 | 33  0.03813  1.06184e-02
 34  0.02015 -1.81681e-02 | 35  0.03092  1.71330e-03 | 36  0.01386 -3.68181e-02
 37  0.05432  8.73171e-02 | 38  0.02821  4.46345e-02 | 39  0.00059  5.29400e-03
 40 -0.00942  1.33046e-02 | 41 -0.01923  4.61309e-03 | 42 -0.01599  1.68315e-02
 43 -0.00653  1.19453e-02 | 44  0.00295 -1.13756e-02 | 45  0.00686 -3.52426e-02
 46  0.00980 -5.14078e-02 | 47  0.00329 -6.90576e-02 | 48  0.01112 -4.68198e-02
 49 -0.00061 -5.12616e-02 | 50 -0.03427 -8.86274e-02 | 51 -0.03670 -8.86659e-02
 52 -0.02972 -8.90487e-02 | 53 -0.00786 -7.66445e-02 | 54 -0.01148 -1.01329e-01
 55 -0.00107 -1.01210e-01 | 56 -0.02846 -1.33676e-01 | 57 -0.01907 -1.32583e-01
 58 -0.01750 -1.38164e-01 | 59 -0.00011 -1.31972e-01 | 60 -0.01336 -1.47128e-01
 61 -0.01589 -1.47067e-01 | 62 -0.01158 -1.45069e-01 | 63 -0.01012 -1.59554e-01
 64 -0.01051 -1.71076e-01 | 65 -0.02033 -1.89352e-01 | 66 -0.00793 -4.38088e-04
 67 -0.00027 -2.02684e-04 | 68  0.00000  0.00000e+00 | 69 -0.77375 -4.74858e-01
 70  0.17176  6.80185e-01 | 71  0.11497  1.34984e+00 | 72  0.18348 -3.49388e-01
 73  0.08504  4.05268e-03 | 74  0.05094  1.82220e-01 | 75  0.15493  7.74047e+00
 76  0.08849  1.53021e+01 | 77  0.16137 -2.80756e-01 | 78 -0.51914 -3.33638e-03
 79 -0.18675 -2.49701e-02 | 80  0.14149  3.55123e-02 | 81  0.07775 -2.57153e-03
 82  0.12754 -6.86041e-02 | 83  0.00000 -1.44135e-30 | 84  0.02839  2.84702e-02
 85 -0.06787  2.69153e-02 | 86 -0.23890 -7.23155e-05 | 87  0.10107 -2.09194e-02
 88  0.72029  5.10807e-03 | 89 -0.15603  2.29502e-02 | 90  0.08788  1.55619e-02
 91 -0.66328 -3.67846e-03 |
91 variables; iteration 200; function evaluation 259; phase 4
Function value 2.5904022e+02; maximum gradient component mag 1.4226e+01
Var    Value     Gradient |Var    Value     Gradient |Var    Value     Gradient
  1  0.02623 -7.79806e+00 |  2 -0.01431 -3.11828e-01 |  3 -0.02566 -6.89453e-02
  4 -0.02684 -8.26820e-02 |  5 -0.02063 -1.01413e-01 |  6 -0.01473 -1.17444e-01
  7 -0.01706 -1.20435e-01 |  8 -0.01226 -1.33497e-01 |  9  0.00159 -1.60802e-01
 10 -0.00111 -1.61144e-01 | 11  0.00367 -1.86240e-01 | 12 -0.00777 -1.76746e-01
 13 -0.01826 -5.62199e-02 | 14 -0.01292 -6.60993e-02 | 15 -0.01459 -5.76506e-02
 16 -0.01410 -4.67918e-02 | 17 -0.00822 -4.85073e-02 | 18  0.00402 -6.95796e-02
 19  0.00480 -8.08811e-02 | 20  0.01121 -1.15376e-01 | 21 -0.01207 -7.56581e-02
 22 -0.01791 -5.71255e-02 | 23 -0.01086 -6.10859e-02 | 24 -0.01982 -4.38379e-02
 25 -0.01989 -4.69506e-02 | 26  0.01907 -1.21458e-01 | 27  0.02076 -1.10645e-01
 28  0.01864 -6.22089e-02 | 29  0.04014 -5.71943e-02 | 30  0.01814  4.44285e-03
 31  0.02483  1.31981e-02 | 32  0.08692 -7.71564e-02 | 33  0.03813 -4.42512e-03
 34  0.02014  1.14985e-02 | 35  0.03092 -1.09506e-04 | 36  0.01386  2.16446e-02
 37  0.05432 -4.47251e-02 | 38  0.02821 -2.24086e-02 | 39  0.00059 -1.80898e-03
 40 -0.00943 -3.22664e-03 | 41 -0.01922 -6.66672e-04 | 42 -0.01598 -5.64860e-03
 43 -0.00653 -4.07432e-03 | 44  0.00295  8.18878e-03 | 45  0.00687  2.33890e-02
 46  0.00980  2.97047e-02 | 47  0.00329  3.94458e-02 | 48  0.01112  2.85931e-02
 49 -0.00061  2.93035e-02 | 50 -0.03427  4.94651e-02 | 51 -0.03670  5.06536e-02
 52 -0.02971  4.87146e-02 | 53 -0.00786  4.40897e-02 | 54 -0.01148  5.46401e-02
 55 -0.00107  5.75138e-02 | 56 -0.02845  7.42001e-02 | 57 -0.01906  7.51125e-02
 58 -0.01750  7.47570e-02 | 59 -0.00011  7.48821e-02 | 60 -0.01336  8.12334e-02
 61 -0.01589  8.16845e-02 | 62 -0.01158  8.25320e-02 | 63 -0.01012  8.62173e-02
 64 -0.01051  9.60463e-02 | 65 -0.02033  1.04028e-01 | 66 -0.00793  1.91466e-04
 67 -0.00027  5.12227e-05 | 68  0.00000  0.00000e+00 | 69 -0.77370 -2.76295e-01
 70  0.17175  2.03452e+00 | 71  0.11486  6.98566e+00 | 72  0.18348  1.73305e-01
 73  0.04682 -7.30373e-03 | 74  0.05091 -8.94679e-02 | 75  0.15508  7.07864e+00
 76  0.08840  1.42257e+01 | 77  0.16142 -6.75461e-02 | 78 -0.51481 -3.29129e-03
 79 -0.18673 -3.33242e-02 | 80  0.14149 -3.88985e-02 | 81  0.07775 -1.47895e-02
 82  0.12754  3.50723e-02 | 83  0.00000 -1.48664e-30 | 84  0.02839 -1.70295e-02
 85 -0.06787 -9.86294e-03 | 86 -0.23634  3.34553e-05 | 87  0.10107  6.54016e-03
 88  0.72029 -2.43298e-03 | 89 -0.15603 -1.16995e-02 | 90  0.08788 -1.26356e-02
 91 -0.66328  1.43987e-03 |
91 variables; iteration 220; function evaluation 288; phase 4
Function value 2.5904006e+02; maximum gradient component mag -3.3335e+01
Var    Value     Gradient |Var    Value     Gradient |Var    Value     Gradient
  1  0.02623  3.12389e+00 |  2 -0.01431 -1.90384e-01 |  3 -0.02566  3.30227e-02
  4 -0.02684  3.89877e-02 |  5 -0.02063  4.88396e-02 |  6 -0.01473  5.61433e-02
  7 -0.01706  5.89229e-02 |  8 -0.01227  6.44644e-02 |  9  0.00158  7.75859e-02
 10 -0.00112  7.88246e-02 | 11  0.00367  9.12051e-02 | 12 -0.00777  8.61764e-02
 13 -0.01826  2.78196e-02 | 14 -0.01292  3.19211e-02 | 15 -0.01459  2.74826e-02
 16 -0.01410  2.19018e-02 | 17 -0.00822  2.34442e-02 | 18  0.00402  3.42150e-02
 19  0.00480  3.97703e-02 | 20  0.01120  5.64711e-02 | 21 -0.01207  3.68687e-02
 22 -0.01792  2.76345e-02 | 23 -0.01086  2.91238e-02 | 24 -0.01983  2.01995e-02
 25 -0.01989  2.16180e-02 | 26  0.01907  5.95864e-02 | 27  0.02076  5.22874e-02
 28  0.01864  2.80842e-02 | 29  0.04015  2.99717e-02 | 30  0.01814 -2.75899e-03
 31  0.02483 -3.97365e-03 | 32  0.08692  3.78695e-02 | 33  0.03813  2.84687e-04
 34  0.02015 -4.64563e-03 | 35  0.03092 -9.66019e-04 | 36  0.01387 -7.25999e-03
 37  0.05432  2.24629e-02 | 38  0.02821  1.36436e-02 | 39  0.00059  9.07568e-04
 40 -0.00943  3.76247e-03 | 41 -0.01922  1.37489e-03 | 42 -0.01598  4.19213e-03
 43 -0.00653  2.45800e-03 | 44  0.00295 -4.04257e-03 | 45  0.00687 -9.91081e-03
 46  0.00980 -1.35048e-02 | 47  0.00329 -1.88254e-02 | 48  0.01112 -1.40098e-02
 49 -0.00061 -1.53255e-02 | 50 -0.03427 -2.46367e-02 | 51 -0.03670 -2.49975e-02
 52 -0.02971 -2.48186e-02 | 53 -0.00786 -2.11656e-02 | 54 -0.01148 -2.80401e-02
 55 -0.00107 -2.70368e-02 | 56 -0.02845 -3.76378e-02 | 57 -0.01906 -3.49229e-02
 58 -0.01750 -3.78523e-02 | 59 -0.00011 -3.56216e-02 | 60 -0.01336 -4.02480e-02
 61 -0.01589 -4.02879e-02 | 62 -0.01158 -3.95656e-02 | 63 -0.01012 -4.33928e-02
 64 -0.01051 -4.51919e-02 | 65 -0.02033 -5.18735e-02 | 66 -0.00793 -7.38554e-04
 67 -0.00027  1.09016e-04 | 68  0.00000  0.00000e+00 | 69 -0.77368 -2.78690e-01
 70  0.17176 -9.44046e+00 | 71  0.11481 -3.33349e+01 | 72  0.18348 -1.16411e-01
 73 -0.02975  1.07610e-02 | 74  0.05091  5.87350e-02 | 75  0.15518  6.91981e+00
 76  0.08835  1.37966e+01 | 77  0.16145 -1.39449e-01 | 78 -0.50368 -3.17817e-03
 79 -0.18672 -2.05203e-02 | 80  0.14149 -9.91825e-03 | 81  0.07775 -9.72753e-03
 82  0.12753 -1.23782e-02 | 83  0.00000 -1.46781e-30 | 84  0.02839  4.97749e-03
 85 -0.06787  8.28592e-03 | 86 -0.23556  6.83688e-05 | 87  0.10107 -6.34859e-03
 88  0.72029  1.80370e-03 | 89 -0.15603  6.27725e-03 | 90  0.08788  4.69090e-03
 91 -0.66328 -2.22584e-03 |
91 variables; iteration 240; function evaluation 314; phase 4
Function value 2.5903933e+02; maximum gradient component mag -5.1038e+02
Var    Value     Gradient |Var    Value     Gradient |Var    Value     Gradient
  1  0.02623  1.89938e+01 |  2 -0.01432  2.49972e-01 |  3 -0.02568  1.76668e-01
  4 -0.02687  2.10128e-01 |  5 -0.02066  2.61026e-01 |  6 -0.01477  2.99600e-01
  7 -0.01710  3.11409e-01 |  8 -0.01231  3.42234e-01 |  9  0.00153  4.12087e-01
 10 -0.00117  4.15659e-01 | 11  0.00362  4.79309e-01 | 12 -0.00780  4.53811e-01
 13 -0.01828  1.45357e-01 | 14 -0.01294  1.68537e-01 | 15 -0.01462  1.46075e-01
 16 -0.01412  1.17853e-01 | 17 -0.00824  1.24573e-01 | 18  0.00401  1.78985e-01
 19  0.00480  2.07736e-01 | 20  0.01118  2.96784e-01 | 21 -0.01209  1.94802e-01
 22 -0.01793  1.46207e-01 | 23 -0.01084  1.56886e-01 | 24 -0.01984  1.10095e-01
 25 -0.01991  1.18644e-01 | 26  0.01908  3.13344e-01 | 27  0.02079  2.83048e-01
 28  0.01864  1.56904e-01 | 29  0.04014  1.49577e-01 | 30  0.01815 -1.22310e-02
 31  0.02484 -3.14097e-02 | 32  0.08695  2.00733e-01 | 33  0.03812  1.02994e-02
 34  0.02013 -2.87856e-02 | 35  0.03091  4.65051e-04 | 36  0.01386 -4.97674e-02
 37  0.05432  1.19315e-01 | 38  0.02819  6.17413e-02 | 39  0.00057  7.41966e-03
 40 -0.00944  1.37475e-02 | 41 -0.01922  5.05248e-03 | 42 -0.01598  1.97390e-02
 43 -0.00654  1.40995e-02 | 44  0.00293 -1.89777e-02 | 45  0.00689 -5.52317e-02
 46  0.00981 -7.47396e-02 | 47  0.00331 -1.00593e-01 | 48  0.01113 -7.34159e-02
 49 -0.00061 -7.63297e-02 | 50 -0.03427 -1.27688e-01 | 51 -0.03670 -1.30233e-01
 52 -0.02971 -1.28202e-01 | 53 -0.00786 -1.13420e-01 | 54 -0.01148 -1.45347e-01
 55 -0.00105 -1.45696e-01 | 56 -0.02843 -1.96029e-01 | 57 -0.01902 -1.89942e-01
 58 -0.01748 -1.96813e-01 | 59 -0.00011 -1.92390e-01 | 60 -0.01336 -2.10780e-01
 61 -0.01588 -2.12235e-01 | 62 -0.01156 -2.11079e-01 | 63 -0.01010 -2.26378e-01
 64 -0.01049 -2.43639e-01 | 65 -0.02034 -2.70788e-01 | 66 -0.00794 -2.79713e-03
 67 -0.00027  1.70864e-04 | 68  0.00000  0.00000e+00 | 69 -0.77353  2.21278e-02
 70  0.17221 -1.47092e+02 | 71  0.11466 -5.10378e+02 | 72  0.18360 -5.04062e-01
 73 -0.14979  3.45512e-02 | 74  0.05090  2.55969e-01 | 75  0.15578  5.80028e+00
 76  0.08800  1.14387e+01 | 77  0.16166 -9.96374e-02 | 78 -0.40237 -2.30042e-03
 79 -0.18663  3.06595e-02 | 80  0.14152  3.45230e-02 | 81  0.07773 -3.56374e-03
 82  0.12754 -8.35820e-02 | 83  0.00000 -1.44391e-30 | 84  0.02841  3.36102e-02
 85 -0.06785  3.64271e-02 | 86 -0.23197  2.35487e-04 | 87  0.10107 -2.82115e-02
 88  0.72027  8.57590e-03 | 89 -0.15600  3.18903e-02 | 90  0.08791  2.48137e-02
 91 -0.66325 -5.27505e-03 |
91 variables; iteration 260; function evaluation 337; phase 4
Function value 2.5903866e+02; maximum gradient component mag 1.9393e+02
Var    Value     Gradient |Var    Value     Gradient |Var    Value     Gradient
  1  0.02623  1.81470e-01 |  2 -0.01428  4.30077e+00 |  3 -0.02565 -7.01478e-02
  4 -0.02684 -8.63828e-02 |  5 -0.02063 -1.08064e-01 |  6 -0.01473 -1.26249e-01
  7 -0.01706 -1.30183e-01 |  8 -0.01227 -1.53315e-01 |  9  0.00161 -1.64178e-01
 10 -0.00111 -1.80583e-01 | 11  0.00366 -2.10587e-01 | 12 -0.00777 -1.87135e-01
 13 -0.01825 -4.47784e-02 | 14 -0.01291 -6.31924e-02 | 15 -0.01459 -6.05372e-02
 16 -0.01410 -4.41923e-02 | 17 -0.00822 -4.43463e-02 | 18  0.00404 -6.56250e-02
 19  0.00483 -7.80928e-02 | 20  0.01119 -1.13206e-01 | 21 -0.01208 -6.91078e-02
 22 -0.01792 -5.78991e-02 | 23 -0.01082 -7.30003e-02 | 24 -0.01983 -4.92380e-02
 25 -0.01992 -5.95882e-02 | 26  0.01907 -1.40348e-01 | 27  0.02080 -1.30378e-01
 28  0.01863 -9.33231e-02 | 29  0.04014 -5.71160e-02 | 30  0.01813  6.56930e-03
 31  0.02484  2.01782e-02 | 32  0.08693 -9.59416e-02 | 33  0.03811 -3.07892e-02
 34  0.02015  1.10403e-02 | 35  0.03091 -1.96185e-02 | 36  0.01388  3.12783e-02
 37  0.05434 -6.23137e-02 | 38  0.02820 -3.36692e-02 | 39  0.00055 -2.25001e-02
 40 -0.00943 -9.62370e-05 | 41 -0.01922 -1.24503e-02 | 42 -0.01596 -1.81972e-02
 43 -0.00653 -2.54876e-02 | 44  0.00294 -1.25112e-02 | 45  0.00691  3.04060e-02
 46  0.00977  3.18760e-02 | 47  0.00328  4.07546e-02 | 48  0.01112  3.08139e-02
 49 -0.00061  2.61887e-02 | 50 -0.03427  5.46809e-02 | 51 -0.03670  6.12199e-02
 52 -0.02972  5.41578e-02 | 53 -0.00785  6.06420e-02 | 54 -0.01149  5.61704e-02
 55 -0.00106  7.88187e-02 | 56 -0.02847  8.31304e-02 | 57 -0.01906  9.99284e-02
 58 -0.01751  7.45645e-02 | 59 -0.00010  1.05056e-01 | 60 -0.01337  9.19333e-02
 61 -0.01589  9.55887e-02 | 62 -0.01158  1.07659e-01 | 63 -0.01014  9.45601e-02
 64 -0.01049  1.34820e-01 | 65 -0.02034  1.19612e-01 | 66 -0.00793  2.20343e-03
 67 -0.00027  1.67370e-03 | 68  0.00000  0.00000e+00 | 69 -0.77341  4.63235e+00
 70  0.17151  5.56464e+01 | 71  0.11486  1.93933e+02 | 72  0.18340  1.42911e-01
 73 -0.23894 -5.74388e-03 | 74  0.05092 -8.91890e-02 | 75  0.15630  1.07286e+01
 76  0.08769  2.26622e+01 | 77  0.16185  2.24602e+00 | 78 -0.26391 -1.38248e-03
 79 -0.18645  4.93130e-01 | 80  0.14140 -2.39868e-01 | 81  0.07784 -3.15528e-02
 82  0.12750  1.97251e-01 | 83  0.00000 -1.55050e-30 | 84  0.02839 -9.20402e-02
 85 -0.06787  2.34860e-02 | 86 -0.20167  2.54785e-03 | 87  0.10107 -5.35254e-04
 88  0.72030  4.59050e-03 | 89 -0.15604 -1.38546e-02 | 90  0.08787 -2.51686e-04
 91 -0.66329 -6.10107e-03 |
91 variables; iteration 280; function evaluation 361; phase 4
Function value 2.5903826e+02; maximum gradient component mag -1.5312e+03
Var    Value     Gradient |Var    Value     Gradient |Var    Value     Gradient
  1  0.02624  1.49909e+01 |  2 -0.01426  5.48152e-02 |  3 -0.02571  1.40565e-01
  4 -0.02691  1.55024e-01 |  5 -0.02069  2.06364e-01 |  6 -0.01480  2.34802e-01
  7 -0.01714  2.46311e-01 |  8 -0.01234  2.84875e-01 |  9  0.00149  3.25610e-01
 10 -0.00120  3.29949e-01 | 11  0.00357  3.81665e-01 | 12 -0.00782  3.68255e-01
 13 -0.01831  1.00095e-01 | 14 -0.01296  1.25916e-01 | 15 -0.01464  1.09636e-01
 16 -0.01414  9.11605e-02 | 17 -0.00827  8.84370e-02 | 18  0.00401  1.38279e-01
 19  0.00483  1.64190e-01 | 20  0.01114  2.31039e-01 | 21 -0.01212  1.42044e-01
 22 -0.01793  1.14169e-01 | 23 -0.01081  1.10833e-01 | 24 -0.01986  9.81160e-02
 25 -0.01995  8.80456e-02 | 26  0.01908  2.45050e-01 | 27  0.02084  2.13520e-01
 28  0.01865  1.16804e-01 | 29  0.04012  1.23641e-01 | 30  0.01816 -3.15964e-03
 31  0.02487 -1.77347e-02 | 32  0.08695  1.60956e-01 | 33  0.03812  1.88201e-02
 34  0.02013 -6.80581e-03 | 35  0.03090  1.37033e-03 | 36  0.01385 -3.25839e-02
 37  0.05433  1.16016e-01 | 38  0.02817  6.50513e-02 | 39  0.00052  8.25722e-03
 40 -0.00944  3.61020e-02 | 41 -0.01922  6.53639e-03 | 42 -0.01595  2.86872e-02
 43 -0.00654  1.44535e-02 | 44  0.00292 -1.43475e-02 | 45  0.00694 -3.49055e-02
 46  0.00979 -5.73344e-02 | 47  0.00332 -7.32805e-02 | 48  0.01115 -4.33047e-02
 49 -0.00061 -5.92257e-02 | 50 -0.03427 -1.00466e-01 | 51 -0.03669 -1.03902e-01
 52 -0.02971 -1.15711e-01 | 53 -0.00785 -8.92605e-02 | 54 -0.01149 -1.22275e-01
 55 -0.00104 -1.08893e-01 | 56 -0.02841 -1.57738e-01 | 57 -0.01899 -1.45908e-01
 58 -0.01748 -1.69320e-01 | 59 -0.00009 -1.40260e-01 | 60 -0.01337 -1.80498e-01
 61 -0.01587 -1.74652e-01 | 62 -0.01154 -1.62642e-01 | 63 -0.01010 -1.93117e-01
 64 -0.01046 -1.88963e-01 | 65 -0.02036 -2.26511e-01 | 66 -0.00794  1.89750e-03
 67 -0.00027 -1.12742e-03 | 68  0.00000  0.00000e+00 | 69 -0.77323 -2.22081e-01
 70  0.17216 -4.42680e+02 | 71  0.11467 -1.53120e+03 | 72  0.18358 -3.09126e-01
 73 -0.33553  9.64736e-03 | 74  0.05093  1.45609e-01 | 75  0.15729  1.70498e+00
 76  0.08710  3.05498e+00 | 77  0.16218 -1.67449e-01 | 78 -0.09426 -4.68603e-04
 79 -0.18641  3.14507e-02 | 80  0.14164  3.39468e-01 | 81  0.07763  3.01617e-02
 82  0.12758 -3.98625e-01 | 83  0.00000 -1.31309e-30 | 84  0.02843  1.86904e-01
 85 -0.06784  4.28049e-02 | 86 -0.22025  9.05923e-04 | 87  0.10107 -4.65884e-02
 88  0.72026  9.64093e-03 | 89 -0.15598  2.49645e-02 | 90  0.08792  2.98556e-02
 91 -0.66325 -1.85158e-02 |
91 variables; iteration 300; function evaluation 384; phase 4
Function value 2.5903814e+02; maximum gradient component mag 3.8302e+02
Var    Value     Gradient |Var    Value     Gradient |Var    Value     Gradient
  1  0.02623 -3.31927e+00 |  2 -0.01429 -1.30103e-01 |  3 -0.02569 -2.92666e-02
  4 -0.02688 -3.49269e-02 |  5 -0.02067 -4.30599e-02 |  6 -0.01477 -4.98347e-02
  7 -0.01711 -5.12858e-02 |  8 -0.01231 -5.68014e-02 |  9  0.00154 -6.83856e-02
 10 -0.00116 -6.86892e-02 | 11  0.00360 -7.93672e-02 | 12 -0.00782 -7.53847e-02
 13 -0.01828 -2.39484e-02 | 14 -0.01294 -2.80858e-02 | 15 -0.01462 -2.43860e-02
 16 -0.01413 -1.97038e-02 | 17 -0.00825 -2.04678e-02 | 18  0.00403 -2.95210e-02
 19  0.00484 -3.43772e-02 | 20  0.01115 -4.89518e-02 | 21 -0.01211 -3.21343e-02
 22 -0.01793 -2.42914e-02 | 23 -0.01079 -2.58446e-02 | 24 -0.01986 -1.85696e-02
 25 -0.01994 -1.98114e-02 | 26  0.01907 -5.17293e-02 | 27  0.02084 -4.71129e-02
 28  0.01866 -2.63739e-02 | 29  0.04010 -2.43845e-02 | 30  0.01815  1.82921e-03
 31  0.02486  5.53979e-03 | 32  0.08694 -3.29607e-02 | 33  0.03812 -2.18325e-03
 34  0.02012  4.81605e-03 | 35  0.03092 -2.63319e-04 | 36  0.01385  8.96672e-03
 37  0.05434 -1.96620e-02 | 38  0.02817 -9.91301e-03 | 39  0.00053 -9.94457e-04
 40 -0.00946 -1.98651e-03 | 41 -0.01920 -5.46725e-04 | 42 -0.01595 -2.89744e-03
 43 -0.00654 -2.12797e-03 | 44  0.00293  3.22498e-03 | 45  0.00694  9.46935e-03
 46  0.00977  1.25706e-02 | 47  0.00330  1.67167e-02 | 48  0.01114  1.20755e-02
 49 -0.00061  1.25264e-02 | 50 -0.03427  2.11275e-02 | 51 -0.03670  2.15906e-02
 52 -0.02971  2.09687e-02 | 53 -0.00786  1.87684e-02 | 54 -0.01148  2.36582e-02
 55 -0.00106  2.43713e-02 | 56 -0.02843  3.19000e-02 | 57 -0.01903  3.17979e-02
 58 -0.01747  3.23408e-02 | 59 -0.00011  3.18055e-02 | 60 -0.01336  3.48883e-02
 61 -0.01587  3.49568e-02 | 62 -0.01157  3.51317e-02 | 63 -0.01010  3.72351e-02
 64 -0.01048  4.07806e-02 | 65 -0.02034  4.46271e-02 | 66 -0.00794  1.42337e-04
 67 -0.00027  5.96322e-06 | 68  0.00000  0.00000e+00 | 69 -0.77314 -1.02612e-01
 70  0.17181  1.10541e+02 | 71  0.11477  3.83017e+02 | 72  0.18348  7.86131e-02
 73 -0.34429 -4.48041e-03 | 74  0.05094 -4.09594e-02 | 75  0.15744  5.08579e-01
 76  0.08701  1.05163e+00 | 77  0.16224 -2.87506e-02 | 78 -0.06762 -3.34979e-04
 79 -0.18645 -1.47555e-02 | 80  0.14153 -1.16004e-02 | 81  0.07774 -2.55964e-03
 82  0.12754  1.51091e-02 | 83  0.00000 -1.44182e-30 | 84  0.02840 -6.59024e-03
 85 -0.06785 -5.26595e-03 | 86 -0.23730 -7.53022e-06 | 87  0.10107  3.97022e-03
 88  0.72026 -1.12212e-03 | 89 -0.15600 -5.14915e-03 | 90  0.08790 -4.39602e-03
 91 -0.66326  6.72692e-04 |
91 variables; iteration 320; function evaluation 406; phase 4
Function value 2.5903813e+02; maximum gradient component mag 3.3599e+01
Var    Value     Gradient |Var    Value     Gradient |Var    Value     Gradient
  1  0.02623 -1.66547e+00 |  2 -0.01428 -1.08041e-01 |  3 -0.02569 -1.38944e-02
  4 -0.02687 -1.66816e-02 |  5 -0.02066 -2.04528e-02 |  6 -0.01477 -2.36869e-02
  7 -0.01711 -2.43473e-02 |  8 -0.01231 -2.69068e-02 |  9  0.00155 -3.24287e-02
 10 -0.00115 -3.26001e-02 | 11  0.00361 -3.76758e-02 | 12 -0.00781 -3.57062e-02
 13 -0.01828 -1.14364e-02 | 14 -0.01293 -1.33765e-02 | 15 -0.01461 -1.16464e-02
 16 -0.01413 -9.40986e-03 | 17 -0.00825 -9.81418e-03 | 18  0.00403 -1.40565e-02
 19  0.00485 -1.63468e-02 | 20  0.01115 -2.32788e-02 | 21 -0.01211 -1.53162e-02
 22 -0.01793 -1.15496e-02 | 23 -0.01078 -1.23397e-02 | 24 -0.01986 -8.77930e-03
 25 -0.01994 -9.43508e-03 | 26  0.01907 -2.45213e-02 | 27  0.02084 -2.23487e-02
 28  0.01866 -1.25559e-02 | 29  0.04010 -1.14664e-02 | 30  0.01815  8.89265e-04
 31  0.02486  2.70935e-03 | 32  0.08694 -1.56132e-02 | 33  0.03812 -1.04148e-03
 34  0.02012  2.36899e-03 | 35  0.03092 -1.50761e-04 | 36  0.01385  4.32595e-03
 37  0.05434 -9.21147e-03 | 38  0.02817 -4.59091e-03 | 39  0.00053 -5.18947e-04
 40 -0.00946 -7.84814e-04 | 41 -0.01920 -2.16217e-04 | 42 -0.01595 -1.24553e-03
 43 -0.00654 -9.57130e-04 | 44  0.00293  1.55932e-03 | 45  0.00694  4.60654e-03
 46  0.00977  5.98559e-03 | 47  0.00330  7.95773e-03 | 48  0.01114  5.80374e-03
 49 -0.00061  5.93078e-03 | 50 -0.03427  1.00081e-02 | 51 -0.03670  1.02532e-02
 52 -0.02971  9.87717e-03 | 53 -0.00786  8.94429e-03 | 54 -0.01148  1.11595e-02
 55 -0.00106  1.16174e-02 | 56 -0.02843  1.51114e-02 | 57 -0.01903  1.51526e-02
 58 -0.01748  1.52482e-02 | 59 -0.00011  1.51725e-02 | 60 -0.01336  1.64834e-02
 61 -0.01587  1.65463e-02 | 62 -0.01157  1.67018e-02 | 63 -0.01011  1.75584e-02
 64 -0.01049  1.93946e-02 | 65 -0.02034  2.10740e-02 | 66 -0.00794  8.06894e-05
 67 -0.00027 -6.59365e-07 | 68  0.00000  0.00000e+00 | 69 -0.77313 -9.94573e-02
 70  0.17166  9.61867e+00 | 71  0.11481  3.35988e+01 | 72  0.18344  3.68424e-02
 73 -0.34792 -2.12887e-03 | 74  0.05094 -1.93241e-02 | 75  0.15752  3.67065e-01
 76  0.08697  7.46100e-01 | 77  0.16227 -3.72544e-02 | 78 -0.05219 -2.58136e-04
 79 -0.18644 -1.21875e-02 | 80  0.14152 -5.55834e-03 | 81  0.07774 -1.80280e-03
 82  0.12754  6.34858e-03 | 83  0.00000 -1.43920e-30 | 84  0.02840 -2.79194e-03
 85 -0.06785 -2.21985e-03 | 86 -0.23675  1.59510e-05 | 87  0.10107  1.69298e-03
 88  0.72027 -4.76274e-04 | 89 -0.15601 -2.39746e-03 | 90  0.08790 -2.09578e-03
 91 -0.66326  2.29346e-04 |
91 variables; iteration 340; function evaluation 427; phase 4
Function value 2.5903811e+02; maximum gradient component mag -1.0052e+03
Var    Value     Gradient |Var    Value     Gradient |Var    Value     Gradient
  1  0.02623  2.54459e+00 |  2 -0.01427 -1.08990e+00 |  3 -0.02568  4.44265e-02
  4 -0.02686  5.18725e-02 |  5 -0.02065  6.52021e-02 |  6 -0.01475  7.51798e-02
  7 -0.01709  7.77081e-02 |  8 -0.01229  8.66502e-02 |  9  0.00157  1.04293e-01
 10 -0.00113  1.04090e-01 | 11  0.00363  1.20031e-01 | 12 -0.00780  1.15227e-01
 13 -0.01827  3.44893e-02 | 14 -0.01292  4.10930e-02 | 15 -0.01460  3.51301e-02
 16 -0.01412  2.83362e-02 | 17 -0.00824  2.90524e-02 | 18  0.00404  4.36654e-02
 19  0.00486  5.12399e-02 | 20  0.01115  7.35250e-02 | 21 -0.01211  4.78543e-02
 22 -0.01792  3.64908e-02 | 23 -0.01078  3.84422e-02 | 24 -0.01986  2.86857e-02
 25 -0.01994  3.00124e-02 | 26  0.01907  8.01832e-02 | 27  0.02084  7.32629e-02
 28  0.01866  4.05353e-02 | 29  0.04010  3.93984e-02 | 30  0.01815 -2.31059e-03
 31  0.02486 -7.38943e-03 | 32  0.08693  5.12886e-02 | 33  0.03812  2.99411e-03
 34  0.02012 -6.42313e-03 | 35  0.03092  1.80347e-04 | 36  0.01386 -1.28062e-02
 37  0.05435  3.18158e-02 | 38  0.02818  1.64803e-02 | 39  0.00053  4.28911e-04
 40 -0.00946  5.05867e-03 | 41 -0.01920  1.83075e-03 | 42 -0.01595  6.91702e-03
 43 -0.00653  4.90797e-03 | 44  0.00294 -3.67888e-03 | 45  0.00694 -1.24220e-02
 46  0.00976 -1.87292e-02 | 47  0.00329 -2.51754e-02 | 48  0.01113 -1.73952e-02
 49 -0.00061 -1.89708e-02 | 50 -0.03427 -3.23285e-02 | 51 -0.03670 -3.26565e-02
 52 -0.02971 -3.25667e-02 | 53 -0.00786 -2.76957e-02 | 54 -0.01148 -3.66848e-02
 55 -0.00107 -3.63533e-02 | 56 -0.02844 -4.90360e-02 | 57 -0.01905 -4.77580e-02
 58 -0.01749 -5.05885e-02 | 59 -0.00011 -4.74286e-02 | 60 -0.01336 -5.41343e-02
 61 -0.01588 -5.40669e-02 | 62 -0.01158 -5.35945e-02 | 63 -0.01012 -5.84730e-02
 64 -0.01049 -6.19204e-02 | 65 -0.02034 -6.98879e-02 | 66 -0.00794  1.87249e-05
 67 -0.00027 -3.08459e-05 | 68  0.00000  0.00000e+00 | 69 -0.77310 -1.22240e+00
 70  0.17136 -2.89174e+02 | 71  0.11490 -1.00522e+03 | 72  0.18335 -1.28083e-01
 73 -0.31324  7.95906e-03 | 74  0.05096  6.62321e-02 | 75  0.15768 -2.23056e+00
 76  0.08687 -4.52193e+00 | 77  0.16233 -6.14672e-01 | 78 -0.03440 -1.69968e-04
 79 -0.18642 -1.25592e-01 | 80  0.14150  1.38638e-02 | 81  0.07775 -2.97494e-03
 82  0.12754 -2.91664e-02 | 83  0.00000 -1.44320e-30 | 84  0.02839  1.17329e-02
 85 -0.06786  1.22926e-02 | 86 -0.23034  3.15436e-04 | 87  0.10107 -8.45766e-03
 88  0.72028  2.60691e-03 | 89 -0.15602  8.52059e-03 | 90  0.08788  6.60746e-03
 91 -0.66328 -2.02561e-03 |
91 variables; iteration 360; function evaluation 452; phase 4
Function value 2.5903802e+02; maximum gradient component mag -1.3682e+03
Var    Value     Gradient |Var    Value     Gradient |Var    Value     Gradient
  1  0.02623  1.05831e+01 |  2 -0.01429  9.65271e-01 |  3 -0.02569  8.38508e-02
  4 -0.02687  1.02610e-01 |  5 -0.02066  1.23151e-01 |  6 -0.01476  1.43110e-01
  7 -0.01710  1.47304e-01 |  8 -0.01231  1.60013e-01 |  9  0.00155  1.95254e-01
 10 -0.00115  1.96843e-01 | 11  0.00361  2.27463e-01 | 12 -0.00781  2.14169e-01
 13 -0.01828  7.21994e-02 | 14 -0.01293  8.25423e-02 | 15 -0.01461  7.18132e-02
 16 -0.01413  5.76593e-02 | 17 -0.00825  6.14548e-02 | 18  0.00403  8.66622e-02
 19  0.00486  1.00457e-01 | 20  0.01114  1.41914e-01 | 21 -0.01211  9.48420e-02
 22 -0.01793  7.01973e-02 | 23 -0.01077  7.58589e-02 | 24 -0.01986  5.07849e-02
 25 -0.01994  5.65276e-02 | 26  0.01907  1.47075e-01 | 27  0.02084  1.33984e-01
 28  0.01866  7.43695e-02 | 29  0.04010  6.87384e-02 | 30  0.01815 -6.06521e-03
 31  0.02486 -1.59313e-02 | 32  0.08694  9.27846e-02 | 33  0.03812  3.28134e-03
 34  0.02012 -1.61867e-02 | 35  0.03092  5.91106e-05 | 36  0.01385 -2.52221e-02
 37  0.05435  5.20243e-02 | 38  0.02817  2.60471e-02 | 39  0.00053  1.81636e-03
 40 -0.00946  1.97674e-03 | 41 -0.01920  5.18392e-04 | 42 -0.01595  4.93356e-03
 43 -0.00654  3.71385e-03 | 44  0.00293 -1.12977e-02 | 45  0.00694 -2.90473e-02
 46  0.00976 -3.63525e-02 | 47  0.00330 -4.86149e-02 | 48  0.01113 -3.74550e-02
 49 -0.00061 -3.67946e-02 | 50 -0.03427 -6.05858e-02 | 51 -0.03670 -6.22133e-02
 52 -0.02971 -5.81598e-02 | 53 -0.00786 -5.39921e-02 | 54 -0.01148 -6.65251e-02
 55 -0.00106 -6.96457e-02 | 56 -0.02843 -9.07902e-02 | 57 -0.01904 -9.03198e-02
 58 -0.01748 -9.02484e-02 | 59 -0.00011 -9.13837e-02 | 60 -0.01336 -9.75085e-02
 61 -0.01587 -9.84337e-02 | 62 -0.01157 -1.00404e-01 | 63 -0.01011 -1.03725e-01
 64 -0.01049 -1.15244e-01 | 65 -0.02034 -1.24922e-01 | 66 -0.00794 -1.11353e-03
 67 -0.00027  3.15272e-04 | 68  0.00000  0.00000e+00 | 69 -0.77306  9.32456e-01
 70  0.17161 -3.94118e+02 | 71  0.11483 -1.36819e+03 | 72  0.18342 -2.41902e-01
 73 -0.28936  1.58270e-02 | 74  0.05095  1.27826e-01 | 75  0.15775  1.15360e-01
 76  0.08681  7.70811e-01 | 77  0.16235  3.84624e-01 | 78  0.02238  6.27204e-03
 79 -0.18641  1.08235e-01 | 80  0.14150 -3.78966e-03 | 81  0.07776  9.27000e-03
 82  0.12753 -8.36759e-04 | 83  0.00000 -1.40069e-30 | 84  0.02840 -2.41988e-04
 85 -0.06785  1.23202e-02 | 86 -0.24396 -2.64990e-04 | 87  0.10107 -8.00721e-03
 88  0.72027  2.58072e-03 | 89 -0.15601  1.39553e-02 | 90  0.08790  1.23150e-02
 91 -0.66326 -8.61742e-04 |
91 variables; iteration 380; function evaluation 474; phase 4
Function value 2.5903796e+02; maximum gradient component mag 4.9617e+01
Var    Value     Gradient |Var    Value     Gradient |Var    Value     Gradient
  1  0.02624 -4.21824e-01 |  2 -0.01429  4.98696e-01 |  3 -0.02570 -1.38026e-02
  4 -0.02688 -1.43376e-02 |  5 -0.02068 -2.05104e-02 |  6 -0.01478 -2.23631e-02
  7 -0.01712 -2.38209e-02 |  8 -0.01233 -2.71470e-02 |  9  0.00153 -3.20078e-02
 10 -0.00118 -3.14219e-02 | 11  0.00359 -3.58239e-02 | 12 -0.00783 -3.55835e-02
 13 -0.01829 -1.05983e-02 | 14 -0.01294 -1.24569e-02 | 15 -0.01463 -1.02999e-02
 16 -0.01414 -8.68138e-03 | 17 -0.00826 -8.27834e-03 | 18  0.00402 -1.26046e-02
 19  0.00485 -1.44755e-02 | 20  0.01114 -2.17566e-02 | 21 -0.01212 -1.42444e-02
 22 -0.01793 -1.11573e-02 | 23 -0.01078 -1.13987e-02 | 24 -0.01987 -9.16026e-03
 25 -0.01995 -9.54763e-03 | 26  0.01908 -2.48513e-02 | 27  0.02085 -2.30901e-02
 28  0.01866 -1.26080e-02 | 29  0.04010 -1.25336e-02 | 30  0.01816  6.54115e-04
 31  0.02486  2.19703e-03 | 32  0.08695 -1.49997e-02 | 33  0.03812 -1.27960e-03
 34  0.02011  1.47069e-03 | 35  0.03092  3.78090e-04 | 36  0.01385  4.16535e-03
 37  0.05434 -9.92231e-03 | 38  0.02816 -4.66568e-03 | 39  0.00052  5.11399e-05
 40 -0.00946 -2.47785e-03 | 41 -0.01920 -5.90074e-04 | 42 -0.01595 -3.11344e-03
 43 -0.00654 -1.80552e-03 | 44  0.00293  6.02322e-04 | 45  0.00695  2.01202e-03
 46  0.00977  5.78243e-03 | 47  0.00331  7.50191e-03 | 48  0.01114  4.70693e-03
 49 -0.00061  5.78061e-03 | 50 -0.03427  9.86295e-03 | 51 -0.03670  9.48091e-03
 52 -0.02971  1.07338e-02 | 53 -0.00786  7.83986e-03 | 54 -0.01148  1.23216e-02
 55 -0.00105  1.08166e-02 | 56 -0.02842  1.55433e-02 | 57 -0.01902  1.38128e-02
 58 -0.01747  1.64176e-02 | 59 -0.00011  1.39891e-02 | 60 -0.01336  1.63184e-02
 61 -0.01587  1.67112e-02 | 62 -0.01156  1.56785e-02 | 63 -0.01010  1.91410e-02
 64 -0.01048  1.79579e-02 | 65 -0.02034  2.14608e-02 | 66 -0.00794  1.84887e-04
 67 -0.00027  7.91692e-05 | 68  0.00000  0.00000e+00 | 69 -0.77305  5.55778e-01
 70  0.17188  1.44057e+01 | 71  0.11475  4.96166e+01 | 72  0.18350  3.42032e-02
 73 -0.24892 -2.32132e-03 | 74  0.05094 -1.90648e-02 | 75  0.15780 -8.46512e-01
 76  0.08675 -1.04467e+00 | 77  0.16236  2.66910e-01 | 78  0.01964  4.34163e-03
 79 -0.18639  5.86710e-02 | 80  0.14153  4.36613e-03 | 81  0.07774  1.02474e-02
 82  0.12754  7.20350e-03 | 83  0.00000 -1.39643e-30 | 84  0.02841 -1.97571e-03
 85 -0.06784 -6.90652e-03 | 86 -0.25216 -5.29398e-04 | 87  0.10107  3.52573e-03
 88  0.72025 -1.54123e-03 | 89 -0.15599 -3.20477e-03 | 90  0.08791 -4.69315e-05
 91 -0.66325  4.06857e-04 |
91 variables; iteration 400; function evaluation 497; phase 4
Function value 2.5903793e+02; maximum gradient component mag -2.1844e+02
Var    Value     Gradient |Var    Value     Gradient |Var    Value     Gradient
  1  0.02623  4.47937e+00 |  2 -0.01428  5.54155e-01 |  3 -0.02569  3.21897e-02
  4 -0.02688  3.81694e-02 |  5 -0.02067  4.73768e-02 |  6 -0.01477  5.47102e-02
  7 -0.01711  5.64259e-02 |  8 -0.01231  6.26034e-02 |  9  0.00155  7.50899e-02
 10 -0.00115  7.55986e-02 | 11  0.00361  8.73819e-02 | 12 -0.00781  8.30385e-02
 13 -0.01828  2.62112e-02 | 14 -0.01293  3.08075e-02 | 15 -0.01462  2.67194e-02
 16 -0.01413  2.15557e-02 | 17 -0.00825  2.22799e-02 | 18  0.00403  3.21249e-02
 19  0.00486  3.74710e-02 | 20  0.01114  5.36470e-02 | 21 -0.01211  3.52206e-02
 22 -0.01793  2.65643e-02 | 23 -0.01078  2.81745e-02 | 24 -0.01986  2.03060e-02
 25 -0.01994  2.18138e-02 | 26  0.01907  5.68321e-02 | 27  0.02084  5.15890e-02
 28  0.01866  2.88689e-02 | 29  0.04010  2.66806e-02 | 30  0.01815 -2.06712e-03
 31  0.02486 -6.07224e-03 | 32  0.08694  3.63526e-02 | 33  0.03812  2.75041e-03
 34  0.02012 -5.13159e-03 | 35  0.03092  4.86872e-04 | 36  0.01385 -9.84091e-03
 37  0.05435  2.21011e-02 | 38  0.02817  1.15515e-02 | 39  0.00053  1.75974e-03
 40 -0.00946  2.78606e-03 | 41 -0.01920  8.41102e-04 | 42 -0.01595  3.29847e-03
 43 -0.00654  2.29250e-03 | 44  0.00293 -3.40395e-03 | 45  0.00695 -1.00445e-02
 46  0.00976 -1.35104e-02 | 47  0.00330 -1.80730e-02 | 48  0.01114 -1.29723e-02
 49 -0.00061 -1.35828e-02 | 50 -0.03427 -2.31916e-02 | 51 -0.03670 -2.37120e-02
 52 -0.02971 -2.31589e-02 | 53 -0.00786 -2.06593e-02 | 54 -0.01148 -2.61534e-02
 55 -0.00106 -2.69042e-02 | 56 -0.02843 -3.52341e-02 | 57 -0.01903 -3.50297e-02
 58 -0.01748 -3.57721e-02 | 59 -0.00011 -3.52312e-02 | 60 -0.01336 -3.84879e-02
 61 -0.01587 -3.85830e-02 | 62 -0.01157 -3.87587e-02 | 63 -0.01011 -4.12068e-02
 64 -0.01048 -4.50670e-02 | 65 -0.02034 -4.92860e-02 | 66 -0.00794 -2.02559e-04
 67 -0.00027 -2.14229e-05 | 68  0.00000  0.00000e+00 | 69 -0.77307  5.42298e-01
 70  0.17161 -6.29729e+01 | 71  0.11483 -2.18436e+02 | 72  0.18342 -8.45029e-02
 73 -0.22337  4.96608e-03 | 74  0.05095  4.36386e-02 | 75  0.15779 -4.06619e+00
 76  0.08672 -6.50551e+00 | 77  0.16237  2.43068e-01 | 78  0.00562  1.18643e-02
 79 -0.18642  6.49205e-02 | 80  0.14152  1.21169e-02 | 81  0.07774  9.29476e-04
 82  0.12754 -1.79004e-02 | 83  0.00000 -1.42910e-30 | 84  0.02840  7.53798e-03
 85 -0.06785  5.84377e-03 | 86 -0.23685  1.19966e-05 | 87  0.10107 -4.61685e-03
 88  0.72027  1.22295e-03 | 89 -0.15600  5.74080e-03 | 90  0.08790  4.25597e-03
 91 -0.66326 -6.63800e-04 |
91 variables; iteration 420; function evaluation 522; phase 4
Function value 2.5903789e+02; maximum gradient component mag -1.1136e+01
Var    Value     Gradient |Var    Value     Gradient |Var    Value     Gradient
  1  0.02624 -4.04648e-01 |  2 -0.01428 -6.04242e-02 |  3 -0.02570 -2.76381e-03
  4 -0.02688 -3.50059e-03 |  5 -0.02068 -4.06086e-03 |  6 -0.01478 -4.80075e-03
  7 -0.01712 -4.87671e-03 |  8 -0.01232 -5.27931e-03 |  9  0.00153 -6.49674e-03
 10 -0.00117 -6.56211e-03 | 11  0.00359 -7.58835e-03 | 12 -0.00782 -7.10405e-03
 13 -0.01829 -2.50373e-03 | 14 -0.01294 -2.83776e-03 | 15 -0.01463 -2.48706e-03
 16 -0.01413 -1.99966e-03 | 17 -0.00826 -2.17827e-03 | 18  0.00403 -2.99876e-03
 19  0.00485 -3.46860e-03 | 20  0.01114 -4.78327e-03 | 21 -0.01212 -3.19435e-03
 22 -0.01793 -2.35506e-03 | 23 -0.01078 -2.55242e-03 | 24 -0.01986 -1.65256e-03
 25 -0.01995 -1.81618e-03 | 26  0.01908 -4.73676e-03 | 27  0.02085 -4.31166e-03
 28  0.01866 -2.38899e-03 | 29  0.04010 -2.13072e-03 | 30  0.01816  2.13874e-04
 31  0.02486  5.64742e-04 | 32  0.08695 -3.04361e-03 | 33  0.03812 -8.56231e-05
 34  0.02012  5.85462e-04 | 35  0.03092 -3.88504e-06 | 36  0.01385  8.50896e-04
 37  0.05434 -1.63206e-03 | 38  0.02816 -7.57342e-04 | 39  0.00052 -6.83558e-05
 40 -0.00946  7.16817e-05 | 41 -0.01920  4.17098e-05 | 42 -0.01595 -5.43465e-06
 43 -0.00654 -8.67274e-06 | 44  0.00293  5.01557e-04 | 45  0.00695  1.15079e-03
 46  0.00977  1.24266e-03 | 47  0.00330  1.63918e-03 | 48  0.01114  1.30681e-03
 49 -0.00061  1.24117e-03 | 50 -0.03427  2.00515e-03 | 51 -0.03670  2.07927e-03
 52 -0.02971  1.88052e-03 | 53 -0.00786  1.86598e-03 | 54 -0.01148  2.12568e-03
 55 -0.00106  2.32294e-03 | 56 -0.02842  2.92623e-03 | 57 -0.01902  3.03867e-03
 58 -0.01747  2.88061e-03 | 59 -0.00011  3.04658e-03 | 60 -0.01336  3.18483e-03
 61 -0.01587  3.20056e-03 | 62 -0.01157  3.30235e-03 | 63 -0.01010  3.26346e-03
 64 -0.01048  3.82227e-03 | 65 -0.02034  4.03287e-03 | 66 -0.00794  2.98214e-05
 67 -0.00027 -1.62108e-05 | 68  0.00000  0.00000e+00 | 69 -0.77306 -6.15767e-02
 70  0.17180 -3.17300e+00 | 71  0.11478 -1.11360e+01 | 72  0.18348  8.47576e-03
 73 -0.19565 -5.58339e-04 | 74  0.05095 -4.11749e-03 | 75  0.15781 -1.49082e+00
 76  0.08668 -2.54604e+00 | 77  0.16237 -2.65197e-02 | 78 -0.01763  2.67431e-03
 79 -0.18643 -6.88581e-03 | 80  0.14153 -3.06844e-04 | 81  0.07773 -9.72463e-04
 82  0.12754  6.00654e-06 | 83  0.00000 -1.43580e-30 | 84  0.02841 -1.08078e-04
 85 -0.06785 -2.79641e-04 | 86 -0.23648  2.71563e-05 | 87  0.10107  2.22799e-04
 88  0.72025 -5.24477e-05 | 89 -0.15599 -4.47574e-04 | 90  0.08791 -6.37555e-04
 91 -0.66325  5.32606e-05 |
91 variables; iteration 440; function evaluation 544; phase 4
Function value 2.5903788e+02; maximum gradient component mag -8.1208e+01
Var    Value     Gradient |Var    Value     Gradient |Var    Value     Gradient
  1  0.02624  2.67629e+00 |  2 -0.01428  3.84375e-01 |  3 -0.02570  1.83429e-02
  4 -0.02688  2.18759e-02 |  5 -0.02067  2.69735e-02 |  6 -0.01478  3.12117e-02
  7 -0.01712  3.21394e-02 |  8 -0.01232  3.55651e-02 |  9  0.00154  4.27450e-02
 10 -0.00117  4.30463e-02 | 11  0.00360  4.98154e-02 | 12 -0.00782  4.71966e-02
 13 -0.01828  1.52084e-02 | 14 -0.01294  1.77542e-02 | 15 -0.01462  1.54617e-02
 16 -0.01413  1.24636e-02 | 17 -0.00825  1.29236e-02 | 18  0.00403  1.85043e-02
 19  0.00485  2.15484e-02 | 20  0.01114  3.06746e-02 | 21 -0.01212  2.01898e-02
 22 -0.01793  1.51903e-02 | 23 -0.01078  1.61235e-02 | 24 -0.01986  1.14954e-02
 25 -0.01994  1.23684e-02 | 26  0.01907  3.21379e-02 | 27  0.02085  2.91114e-02
 28  0.01866  1.62746e-02 | 29  0.04010  1.50343e-02 | 30  0.01816 -1.24992e-03
 31  0.02486 -3.47336e-03 | 32  0.08694  2.04622e-02 | 33  0.03812  1.40443e-03
 34  0.02012 -3.03103e-03 | 35  0.03092  2.04926e-04 | 36  0.01385 -5.60427e-03
 37  0.05434  1.22373e-02 | 38  0.02816  6.42150e-03 | 39  0.00052  9.02549e-04
 40 -0.00946  1.30325e-03 | 41 -0.01920  3.13401e-04 | 42 -0.01595  1.55907e-03
 43 -0.00654  1.05588e-03 | 44  0.00293 -2.17932e-03 | 45  0.00695 -5.97751e-03
 46  0.00977 -7.75955e-03 | 47  0.00330 -1.03736e-02 | 48  0.01114 -7.54378e-03
 49 -0.00061 -7.83774e-03 | 50 -0.03427 -1.32097e-02 | 51 -0.03670 -1.35215e-02
 52 -0.02971 -1.30930e-02 | 53 -0.00786 -1.17733e-02 | 54 -0.01148 -1.47689e-02
 55 -0.00106 -1.52919e-02 | 56 -0.02843 -1.99299e-02 | 57 -0.01902 -1.99085e-02
 58 -0.01747 -2.01666e-02 | 59 -0.00011 -1.99971e-02 | 60 -0.01336 -2.17698e-02
 61 -0.01587 -2.18071e-02 | 62 -0.01157 -2.19553e-02 | 63 -0.01010 -2.32297e-02
 64 -0.01048 -2.55318e-02 | 65 -0.02034 -2.77716e-02 | 66 -0.00794 -1.26811e-04
 67 -0.00027 -4.14324e-06 | 68  0.00000  0.00000e+00 | 69 -0.77306  3.82778e-01
 70  0.17175 -2.33910e+01 | 71  0.11479 -8.12084e+01 | 72  0.18346 -4.83861e-02
 73 -0.18023  2.94686e-03 | 74  0.05095  2.50593e-02 | 75  0.15781 -8.49454e+00
 76  0.08666 -1.40195e+01 | 77  0.16237  1.73338e-01 | 78 -0.03290  1.15735e-02
 79 -0.18642  4.47559e-02 | 80  0.14153  6.27317e-03 | 81  0.07774  9.49186e-04
 82  0.12754 -8.90964e-03 | 83  0.00000 -1.42898e-30 | 84  0.02840  3.92764e-03
 85 -0.06785  3.04783e-03 | 86 -0.23733 -8.56851e-06 | 87  0.10107 -2.35097e-03
 88  0.72026  6.33859e-04 | 89 -0.15600  3.21392e-03 | 90  0.08791  2.51144e-03
 91 -0.66326 -3.58513e-04 |
91 variables; iteration 460; function evaluation 569; phase 4
Function value 2.5903786e+02; maximum gradient component mag -2.8228e+01
Var    Value     Gradient |Var    Value     Gradient |Var    Value     Gradient
  1  0.02624  1.31101e+00 |  2 -0.01428  4.08990e-01 |  3 -0.02570  4.71704e-03
  4 -0.02688  5.48863e-03 |  5 -0.02067  6.90424e-03 |  6 -0.01478  7.95575e-03
  7 -0.01712  8.21317e-03 |  8 -0.01232  9.17600e-03 |  9  0.00154  1.09130e-02
 10 -0.00117  1.10090e-02 | 11  0.00360  1.27798e-02 | 12 -0.00782  1.21445e-02
 13 -0.01828  3.74416e-03 | 14 -0.01294  4.47991e-03 | 15 -0.01462  3.90610e-03
 16 -0.01413  3.14539e-03 | 17 -0.00825  3.14963e-03 | 18  0.00403  4.51092e-03
 19  0.00485  5.30966e-03 | 20  0.01114  7.80828e-03 | 21 -0.01212  5.11463e-03
 22 -0.01793  3.78994e-03 | 23 -0.01078  3.90504e-03 | 24 -0.01986  2.95028e-03
 25 -0.01994  3.19478e-03 | 26  0.01907  8.17436e-03 | 27  0.02085  7.27135e-03
 28  0.01866  4.03779e-03 | 29  0.04010  3.78322e-03 | 30  0.01816 -3.34095e-04
 31  0.02486 -9.10031e-04 | 32  0.08694  5.32564e-03 | 33  0.03812  5.56987e-04
 34  0.02012 -6.29430e-04 | 35  0.03092  1.07007e-04 | 36  0.01385 -1.46236e-03
 37  0.05434  3.40024e-03 | 38  0.02816  2.04348e-03 | 39  0.00052  6.16590e-04
 40 -0.00946  7.17950e-04 | 41 -0.01920  1.50701e-04 | 42 -0.01595  3.81179e-04
 43 -0.00654  1.46246e-04 | 44  0.00293 -5.49331e-04 | 45  0.00695 -1.36828e-03
 46  0.00977 -1.78236e-03 | 47  0.00330 -2.45801e-03 | 48  0.01114 -1.68169e-03
 49 -0.00061 -1.86245e-03 | 50 -0.03427 -3.32981e-03 | 51 -0.03670 -3.41000e-03
 52 -0.02971 -3.38529e-03 | 53 -0.00786 -2.98022e-03 | 54 -0.01148 -3.83008e-03
 55 -0.00106 -3.94566e-03 | 56 -0.02842 -5.15575e-03 | 57 -0.01902 -5.12377e-03
 58 -0.01747 -5.29559e-03 | 59 -0.00011 -5.20773e-03 | 60 -0.01336 -5.69355e-03
 61 -0.01587 -5.65137e-03 | 62 -0.01157 -5.64524e-03 | 63 -0.01010 -6.07154e-03
 64 -0.01048 -6.64544e-03 | 65 -0.02034 -7.26136e-03 | 66 -0.00794 -1.77185e-05
 67 -0.00027 -1.60959e-05 | 68  0.00000  0.00000e+00 | 69 -0.77306  4.25580e-01
 70  0.17175 -5.26315e+00 | 71  0.11479 -1.82789e+01 | 72  0.18346 -9.88345e-03
 73 -0.15868  3.35897e-04 | 74  0.05095  4.80815e-03 | 75  0.15781 -1.69907e+01
 76  0.08665 -2.82283e+01 | 77  0.16237  2.03580e-01 | 78 -0.05538  1.64422e-02
 79 -0.18644  4.80328e-02 | 80  0.14153  2.43463e-03 | 81  0.07774 -1.84460e-04
 82  0.12754 -3.42780e-03 | 83  0.00000 -1.43306e-30 | 84  0.02840  1.43156e-03
 85 -0.06785  7.46719e-04 | 86 -0.23720 -3.48571e-06 | 87  0.10107 -6.97388e-04
 88  0.72026  1.71082e-04 | 89 -0.15600  8.39316e-04 | 90  0.08791  5.47865e-04
 91 -0.66326 -8.68950e-05 |
91 variables; iteration 480; function evaluation 592; phase 4
Function value 2.5903786e+02; maximum gradient component mag 3.4477e+00
Var    Value     Gradient |Var    Value     Gradient |Var    Value     Gradient
  1  0.02624 -7.36777e-01 |  2 -0.01428 -9.36494e-02 |  3 -0.02570 -5.24502e-03
  4 -0.02688 -6.36790e-03 |  5 -0.02067 -7.72776e-03 |  6 -0.01478 -9.00626e-03
  7 -0.01712 -9.22172e-03 |  8 -0.01232 -1.01317e-02 |  9  0.00154 -1.23288e-02
 10 -0.00117 -1.23535e-02 | 11  0.00360 -1.43197e-02 | 12 -0.00782 -1.35388e-02
 13 -0.01828 -4.41197e-03 | 14 -0.01294 -5.11779e-03 | 15 -0.01462 -4.43610e-03
 16 -0.01413 -3.56522e-03 | 17 -0.00825 -3.75951e-03 | 18  0.00403 -5.35656e-03
 19  0.00485 -6.20998e-03 | 20  0.01114 -8.84723e-03 | 21 -0.01212 -5.85851e-03
 22 -0.01793 -4.39425e-03 | 23 -0.01078 -4.71880e-03 | 24 -0.01986 -3.30671e-03
 25 -0.01994 -3.58339e-03 | 26  0.01907 -9.34976e-03 | 27  0.02085 -8.49368e-03
 28  0.01866 -4.72181e-03 | 29  0.04010 -4.39382e-03 | 30  0.01816  3.77574e-04
 31  0.02486  9.97087e-04 | 32  0.08694 -5.93557e-03 | 33  0.03812 -2.68100e-04
 34  0.02012  9.15750e-04 | 35  0.03092  1.02331e-05 | 36  0.01385  1.59741e-03
 37  0.05434 -3.42945e-03 | 38  0.02817 -1.83528e-03 | 39  0.00052 -1.77954e-04
 40 -0.00946 -2.71191e-04 | 41 -0.01920 -7.72370e-05 | 42 -0.01595 -4.28434e-04
 43 -0.00654 -3.52890e-04 | 44  0.00293  5.71695e-04 | 45  0.00695  1.74997e-03
 46  0.00977  2.22567e-03 | 47  0.00330  3.05653e-03 | 48  0.01114  2.24788e-03
 49 -0.00061  2.28266e-03 | 50 -0.03427  3.80865e-03 | 51 -0.03670  3.89781e-03
 52 -0.02971  3.71065e-03 | 53 -0.00786  3.39598e-03 | 54 -0.01148  4.23218e-03
 55 -0.00106  4.48118e-03 | 56 -0.02843  5.76024e-03 | 57 -0.01902  5.79529e-03
 58 -0.01747  5.81665e-03 | 59 -0.00011  5.81149e-03 | 60 -0.01336  6.25464e-03
 61 -0.01587  6.26365e-03 | 62 -0.01157  6.37892e-03 | 63 -0.01010  6.64805e-03
 64 -0.01048  7.36714e-03 | 65 -0.02034  7.96938e-03 | 66 -0.00794  2.11508e-05
 67 -0.00027 -8.38518e-06 | 68  0.00000  0.00000e+00 | 69 -0.77307 -9.28989e-02
 70  0.17174  9.90095e-01 | 71  0.11480  3.44773e+00 | 72  0.18346  1.43532e-02
 73 -0.14363 -9.79530e-04 | 74  0.05095 -7.66590e-03 | 75  0.15778 -1.86820e-01
 76  0.08665 -3.60179e-01 | 77  0.16236 -4.11260e-02 | 78 -0.07260 -1.92713e-04
 79 -0.18643 -1.07345e-02 | 80  0.14153  3.06210e-04 | 81  0.07774 -7.35691e-05
 82  0.12754  4.88977e-04 | 83  0.00000 -1.43273e-30 | 84  0.02840 -2.21218e-05
 85 -0.06785 -9.96843e-04 | 86 -0.23709  1.48330e-06 | 87  0.10107  7.37683e-04
 88  0.72026 -2.13865e-04 | 89 -0.15600 -9.43884e-04 | 90  0.08790 -6.37261e-04
 91 -0.66326  9.64109e-06 |
91 variables; iteration 500; function evaluation 616; phase 4
Function value 2.5903785e+02; maximum gradient component mag -1.1985e+01
Var    Value     Gradient |Var    Value     Gradient |Var    Value     Gradient
  1  0.02624  4.45981e-01 |  2 -0.01428  8.17302e-02 |  3 -0.02570  2.71074e-03
  4 -0.02688  3.23265e-03 |  5 -0.02067  3.98080e-03 |  6 -0.01478  4.61063e-03
  7 -0.01712  4.74453e-03 |  8 -0.01232  5.25395e-03 |  9  0.00154  6.31412e-03
 10 -0.00117  6.35462e-03 | 11  0.00360  7.36529e-03 | 12 -0.00782  6.97961e-03
 13 -0.01828  2.22263e-03 | 14 -0.01294  2.60723e-03 | 15 -0.01462  2.26702e-03
 16 -0.01413  1.82582e-03 | 17 -0.00825  1.89062e-03 | 18  0.00403  2.71261e-03
 19  0.00485  3.16613e-03 | 20  0.01114  4.52487e-03 | 21 -0.01212  2.96884e-03
 22 -0.01793  2.22775e-03 | 23 -0.01078  2.35600e-03 | 24 -0.01986  1.70534e-03
 25 -0.01994  1.82645e-03 | 26  0.01907  4.74621e-03 | 27  0.02085  4.27338e-03
 28  0.01866  2.38454e-03 | 29  0.04010  2.22207e-03 | 30  0.01816 -1.80781e-04
 31  0.02486 -5.08433e-04 | 32  0.08694  3.03678e-03 | 33  0.03812  2.11778e-04
 34  0.02012 -4.36185e-04 | 35  0.03092  4.04755e-05 | 36  0.01385 -8.19840e-04
 37  0.05434  1.84042e-03 | 38  0.02816  1.00289e-03 | 39  0.00052  1.56388e-04
 40 -0.00946  2.36422e-04 | 41 -0.01920  5.40840e-05 | 42 -0.01595  2.32722e-04
 43 -0.00654  1.51373e-04 | 44  0.00293 -3.17834e-04 | 45  0.00695 -8.74544e-04
 46  0.00977 -1.12444e-03 | 47  0.00330 -1.51603e-03 | 48  0.01114 -1.08571e-03
 49 -0.00061 -1.14124e-03 | 50 -0.03427 -1.94280e-03 | 51 -0.03670 -1.99614e-03
 52 -0.02971 -1.93437e-03 | 53 -0.00786 -1.73247e-03 | 54 -0.01148 -2.17602e-03
 55 -0.00106 -2.25263e-03 | 56 -0.02843 -2.94569e-03 | 57 -0.01902 -2.94382e-03
 58 -0.01747 -2.99464e-03 | 59 -0.00011 -2.95602e-03 | 60 -0.01336 -3.23048e-03
 61 -0.01587 -3.23093e-03 | 62 -0.01157 -3.25500e-03 | 63 -0.01010 -3.44602e-03
 64 -0.01048 -3.78587e-03 | 65 -0.02034 -4.12467e-03 | 66 -0.00794 -1.34961e-05
 67 -0.00027 -1.32267e-06 | 68  0.00000  0.00000e+00 | 69 -0.77306  8.28416e-02
 70  0.17174 -3.45132e+00 | 71  0.11480 -1.19847e+01 | 72  0.18346 -6.92620e-03
 73 -0.13105  3.96040e-04 | 74  0.05095  3.54228e-03 | 75  0.15781 -6.17412e+00
 76  0.08663 -1.03031e+01 | 77  0.16237  3.83249e-02 | 78 -0.08770  3.44596e-03
 79 -0.18642  9.57278e-03 | 80  0.14153  1.15753e-03 | 81  0.07774  1.86246e-04
 82  0.12754 -1.56290e-03 | 83  0.00000 -1.43181e-30 | 84  0.02840  6.81453e-04
 85 -0.06785  4.70696e-04 | 86 -0.23714 -6.92423e-07 | 87  0.10107 -3.71980e-04
 88  0.72026  9.65867e-05 | 89 -0.15600  4.78160e-04 | 90  0.08790  3.67269e-04
 91 -0.66326 -5.46050e-05 |
91 variables; iteration 520; function evaluation 638; phase 4
Function value 2.5903785e+02; maximum gradient component mag -7.5658e+00
Var    Value     Gradient |Var    Value     Gradient |Var    Value     Gradient
  1  0.02624  3.76955e-02 |  2 -0.01428 -1.63412e-02 |  3 -0.02570  6.66065e-04
  4 -0.02688  7.92870e-04 |  5 -0.02067  9.82644e-04 |  6 -0.01477  1.13697e-03
  7 -0.01712  1.17296e-03 |  8 -0.01232  1.30722e-03 |  9  0.00154  1.55801e-03
 10 -0.00116  1.57390e-03 | 11  0.00360  1.81647e-03 | 12 -0.00782  1.72500e-03
 13 -0.01828  5.33099e-04 | 14 -0.01294  6.31457e-04 | 15 -0.01462  5.48969e-04
 16 -0.01413  4.42005e-04 | 17 -0.00825  4.57932e-04 | 18  0.00403  6.73347e-04
 19  0.00485  7.86183e-04 | 20  0.01114  1.11005e-03 | 21 -0.01212  7.23153e-04
 22 -0.01793  5.55154e-04 | 23 -0.01078  5.93147e-04 | 24 -0.01986  4.29246e-04
 25 -0.01994  4.52485e-04 | 26  0.01907  1.19265e-03 | 27  0.02085  1.08934e-03
 28  0.01866  6.17776e-04 | 29  0.04010  5.68346e-04 | 30  0.01816 -3.71757e-05
 31  0.02486 -1.19641e-04 | 32  0.08694  7.57815e-04 | 33  0.03812  5.86638e-05
 34  0.02012 -1.05781e-04 | 35  0.03092  1.28281e-05 | 36  0.01385 -1.99316e-04
 37  0.05434  4.63028e-04 | 38  0.02817  2.27988e-04 | 39  0.00052  1.51345e-05
 40 -0.00946  4.88829e-05 | 41 -0.01920  2.16743e-05 | 42 -0.01595  8.94963e-05
 43 -0.00654  7.20228e-05 | 44  0.00293 -5.92448e-05 | 45  0.00695 -2.11494e-04
 46  0.00977 -2.92692e-04 | 47  0.00330 -3.83037e-04 | 48  0.01114 -2.77498e-04
 49 -0.00061 -2.88808e-04 | 50 -0.03427 -4.86474e-04 | 51 -0.03670 -4.98533e-04
 52 -0.02971 -4.87078e-04 | 53 -0.00786 -4.32456e-04 | 54 -0.01148 -5.43159e-04
 55 -0.00106 -5.57358e-04 | 56 -0.02843 -7.31592e-04 | 57 -0.01903 -7.28651e-04
 58 -0.01747 -7.42083e-04 | 59 -0.00011 -7.25096e-04 | 60 -0.01336 -8.05347e-04
 61 -0.01587 -8.06582e-04 | 62 -0.01157 -8.10005e-04 | 63 -0.01010 -8.60320e-04
 64 -0.01048 -9.38566e-04 | 65 -0.02034 -1.02983e-03 | 66 -0.00794 -2.38644e-06
 67 -0.00027 -1.14915e-06 | 68  0.00000  0.00000e+00 | 69 -0.77306 -1.82258e-02
 70  0.17174 -2.18039e+00 | 71  0.11480 -7.56582e+00 | 72  0.18346 -1.88692e-03
 73 -0.12268  1.25042e-04 | 74  0.05095  9.95803e-04 | 75  0.15780 -9.60148e-01
 76  0.08663 -1.62130e+00 | 77  0.16237 -9.19711e-03 | 78 -0.09784  4.61062e-05
 79 -0.18642 -1.89791e-03 | 80  0.14153  4.33996e-04 | 81  0.07774  5.80334e-05
 82  0.12754 -5.47902e-04 | 83  0.00000 -1.43228e-30 | 84  0.02840  2.45890e-04
 85 -0.06785  1.23737e-04 | 86 -0.23713 -3.12996e-07 | 87  0.10107 -1.03284e-04
 88  0.72026  2.45153e-05 | 89 -0.15600  1.18228e-04 | 90  0.08790  9.61238e-05
 91 -0.66326 -2.27883e-05 |
91 variables; iteration 540; function evaluation 661; phase 4
Function value 2.5903785e+02; maximum gradient component mag -5.8505e+00
Var    Value     Gradient |Var    Value     Gradient |Var    Value     Gradient
  1  0.02624 -1.25607e-01 |  2 -0.01428 -5.48822e-02 |  3 -0.02570 -1.69622e-04
  4 -0.02688 -1.95847e-04 |  5 -0.02067 -2.41583e-04 |  6 -0.01477 -2.76284e-04
  7 -0.01712 -2.84582e-04 |  8 -0.01232 -3.12774e-04 |  9  0.00154 -3.71327e-04
 10 -0.00116 -3.77433e-04 | 11  0.00360 -4.42287e-04 | 12 -0.00782 -4.20025e-04
 13 -0.01828 -1.49658e-04 | 14 -0.01294 -1.69480e-04 | 15 -0.01462 -1.51169e-04
 16 -0.01413 -1.25164e-04 | 17 -0.00825 -1.21416e-04 | 18  0.00403 -1.58441e-04
 19  0.00485 -1.86595e-04 | 20  0.01114 -2.79324e-04 | 21 -0.01212 -1.89296e-04
 22 -0.01793 -1.27259e-04 | 23 -0.01078 -1.14637e-04 | 24 -0.01986 -8.89715e-05
 25 -0.01994 -1.01244e-04 | 26  0.01907 -2.42984e-04 | 27  0.02085 -1.94932e-04
 28  0.01866 -9.51671e-05 | 29  0.04010 -1.02753e-04 | 30  0.01816  1.64464e-05
 31  0.02486  3.20190e-05 | 32  0.08694 -1.57183e-04 | 33  0.03812 -1.32233e-05
 34  0.02012  2.22541e-05 | 35  0.03092  1.05980e-06 | 36  0.01385  4.94363e-05
 37  0.05434 -1.06153e-04 | 38  0.02817 -8.32348e-05 | 39  0.00052 -4.48413e-05
 40 -0.00946 -3.71222e-05 | 41 -0.01920  7.16238e-06 | 42 -0.01595  2.75431e-05
 43 -0.00654  4.53292e-05 | 44  0.00293  5.49831e-05 | 45  0.00695  5.09750e-05
 46  0.00977  4.75695e-05 | 47  0.00330  6.77765e-05 | 48  0.01114  4.91140e-05
 49 -0.00061  5.76423e-05 | 50 -0.03427  1.05873e-04 | 51 -0.03670  1.10347e-04
 52 -0.02971  1.09102e-04 | 53 -0.00786  9.38180e-05 | 54 -0.01148  1.19322e-04
 55 -0.00106  1.21288e-04 | 56 -0.02843  1.64859e-04 | 57 -0.01903  1.64331e-04
 58 -0.01747  1.71961e-04 | 59 -0.00011  1.68366e-04 | 60 -0.01336  1.84440e-04
 61 -0.01587  1.82006e-04 | 62 -0.01157  1.78091e-04 | 63 -0.01010  1.93663e-04
 64 -0.01048  2.10409e-04 | 65 -0.02034  2.28586e-04 | 66 -0.00794  1.42881e-06
 67 -0.00027  2.43788e-07 | 68  0.00000  0.00000e+00 | 69 -0.77306 -5.78415e-02
 70  0.17174 -1.68673e+00 | 71  0.11480 -5.85047e+00 | 72  0.18346  1.49433e-04
 73 -0.11740  2.42820e-05 | 74  0.05095 -3.00802e-06 | 75  0.15780  1.20098e+00
 76  0.08663  1.97670e+00 | 77  0.16237 -2.78403e-02 | 78 -0.10402 -1.11572e-03
 79 -0.18642 -6.42630e-03 | 80  0.14153 -7.90506e-05 | 81  0.07774 -2.17868e-07
 82  0.12754  1.05451e-04 | 83  0.00000 -1.43250e-30 | 84  0.02840 -5.89090e-05
 85 -0.06785 -2.31956e-05 | 86 -0.23714 -5.64545e-07 | 87  0.10107  1.27284e-05
 88  0.72026 -4.97764e-06 | 89 -0.15600 -2.68914e-05 | 90  0.08790 -2.90249e-05
 91 -0.66326  6.58385e-06 |
91 variables; iteration 560; function evaluation 688; phase 4
Function value 2.5903785e+02; maximum gradient component mag -9.6256e+00
Var    Value     Gradient |Var    Value     Gradient |Var    Value     Gradient
  1  0.02624  4.57511e-01 |  2 -0.01428  4.40346e-02 |  3 -0.02570  3.53354e-03
  4 -0.02688  4.23548e-03 |  5 -0.02067  5.20264e-03 |  6 -0.01477  6.02826e-03
  7 -0.01712  6.20169e-03 |  8 -0.01232  6.85041e-03 |  9  0.00154  8.26263e-03
 10 -0.00116  8.31169e-03 | 11  0.00360  9.60897e-03 | 12 -0.00782  9.11128e-03
 13 -0.01828  2.92736e-03 | 14 -0.01294  3.41629e-03 | 15 -0.01462  2.96574e-03
 16 -0.01413  2.39053e-03 | 17 -0.00825  2.49588e-03 | 18  0.00403  3.57687e-03
 19  0.00485  4.16263e-03 | 20  0.01114  5.92680e-03 | 21 -0.01212  3.90530e-03
 22 -0.01793  2.93880e-03 | 23 -0.01078  3.13536e-03 | 24 -0.01986  2.21809e-03
 25 -0.01994  2.39374e-03 | 26  0.01907  6.24639e-03 | 27  0.02085  5.67899e-03
 28  0.01866  3.17343e-03 | 29  0.04010  2.92929e-03 | 30  0.01816 -2.35665e-04
 31  0.02486 -6.68719e-04 | 32  0.08694  3.98213e-03 | 33  0.03812  2.47848e-04
 34  0.02012 -5.94910e-04 | 35  0.03092  3.08338e-05 | 36  0.01385 -1.07901e-03
 37  0.05434  2.35863e-03 | 38  0.02817  1.21561e-03 | 39  0.00052  1.47521e-04
 40 -0.00946  2.29975e-04 | 41 -0.01920  6.93467e-05 | 42 -0.01595  3.20841e-04
 43 -0.00654  2.35342e-04 | 44  0.00293 -3.96654e-04 | 45  0.00695 -1.15119e-03
 46  0.00977 -1.50338e-03 | 47  0.00330 -2.01848e-03 | 48  0.01114 -1.47579e-03
 49 -0.00061 -1.51766e-03 | 50 -0.03427 -2.55544e-03 | 51 -0.03670 -2.61394e-03
 52 -0.02971 -2.52237e-03 | 53 -0.00786 -2.28111e-03 | 54 -0.01148 -2.85396e-03
 55 -0.00106 -2.96743e-03 | 56 -0.02843 -3.85953e-03 | 57 -0.01903 -3.85951e-03
 58 -0.01747 -3.89905e-03 | 59 -0.00011 -3.87415e-03 | 60 -0.01336 -4.20314e-03
 61 -0.01587 -4.21791e-03 | 62 -0.01157 -4.25817e-03 | 63 -0.01010 -4.48149e-03
 64 -0.01048 -4.93812e-03 | 65 -0.02034 -5.37558e-03 | 66 -0.00794 -2.30958e-05
 67 -0.00027  1.84238e-06 | 68  0.00000  0.00000e+00 | 69 -0.77306  4.20845e-02
 70  0.17174 -2.77055e+00 | 71  0.11480 -9.62559e+00 | 72  0.18346 -9.64031e-03
 73 -0.10653  6.21859e-04 | 74  0.05095  5.00816e-03 | 75  0.15780 -4.77762e+00
 76  0.08663 -7.97989e+00 | 77  0.16237  1.79590e-02 | 78 -0.11423  1.53939e-03
 79 -0.18642  5.10069e-03 | 80  0.14153  8.10028e-04 | 81  0.07774  1.67683e-04
 82  0.12754 -1.35197e-03 | 83  0.00000 -1.43189e-30 | 84  0.02840  5.47666e-04
 85 -0.06785  6.34548e-04 | 86 -0.23714 -7.66164e-07 | 87  0.10107 -4.84465e-04
 88  0.72026  1.33244e-04 | 89 -0.15600  6.27186e-04 | 90  0.08790  4.95253e-04
 91 -0.66326 -6.17257e-05 |
91 variables; iteration 580; function evaluation 715; phase 4
Function value 2.5903785e+02; maximum gradient component mag -8.0166e+00
Var    Value     Gradient |Var    Value     Gradient |Var    Value     Gradient
  1  0.02624  4.64597e-01 |  2 -0.01428  2.41186e-02 |  3 -0.02570  3.97535e-03
  4 -0.02688  4.75815e-03 |  5 -0.02067  5.85592e-03 |  6 -0.01477  6.78325e-03
  7 -0.01712  6.98187e-03 |  8 -0.01232  7.72421e-03 |  9  0.00154  9.29852e-03
 10 -0.00116  9.36127e-03 | 11  0.00360  1.08137e-02 | 12 -0.00782  1.02605e-02
 13 -0.01828  3.27886e-03 | 14 -0.01294  3.83520e-03 | 15 -0.01462  3.32906e-03
 16 -0.01413  2.68373e-03 | 17 -0.00825  2.79720e-03 | 18  0.00403  4.02504e-03
 19  0.00485  4.68605e-03 | 20  0.01114  6.66396e-03 | 21 -0.01212  4.38563e-03
 22 -0.01793  3.30949e-03 | 23 -0.01078  3.53041e-03 | 24 -0.01986  2.50397e-03
 25 -0.01994  2.69493e-03 | 26  0.01907  7.04128e-03 | 27  0.02085  6.41290e-03
 28  0.01866  3.59156e-03 | 29  0.04010  3.30981e-03 | 30  0.01816 -2.57930e-04
 31  0.02486 -7.46704e-04 | 32  0.08694  4.48599e-03 | 33  0.03812  2.93679e-04
 34  0.02012 -6.62302e-04 | 35  0.03092  3.75860e-05 | 36  0.01385 -1.21143e-03
 37  0.05434  2.67025e-03 | 38  0.02817  1.35652e-03 | 39  0.00052  1.54467e-04
 40 -0.00946  2.60813e-04 | 41 -0.01920  8.60362e-05 | 42 -0.01595  3.88344e-04
 43 -0.00654  2.88759e-04 | 44  0.00293 -4.34762e-04 | 45  0.00695 -1.28804e-03
 46  0.00977 -1.70325e-03 | 47  0.00330 -2.27195e-03 | 48  0.01114 -1.66240e-03
 49 -0.00061 -1.71094e-03 | 50 -0.03427 -2.88154e-03 | 51 -0.03670 -2.94535e-03
 52 -0.02971 -2.84984e-03 | 53 -0.00786 -2.57018e-03 | 54 -0.01148 -3.21848e-03
 55 -0.00106 -3.33680e-03 | 56 -0.02843 -4.34623e-03 | 57 -0.01903 -4.34137e-03
 58 -0.01747 -4.39280e-03 | 59 -0.00011 -4.35334e-03 | 60 -0.01336 -4.74058e-03
 61 -0.01587 -4.75622e-03 | 62 -0.01157 -4.79531e-03 | 63 -0.01010 -5.05491e-03
 64 -0.01048 -5.56030e-03 | 65 -0.02034 -6.06382e-03 | 66 -0.00794 -2.48690e-05
 67 -0.00027  5.88487e-07 | 68  0.00000  0.00000e+00 | 69 -0.77306  2.03628e-02
 70  0.17174 -2.30572e+00 | 71  0.11480 -8.01663e+00 | 72  0.18346 -1.09516e-02
 73 -0.09110  7.16809e-04 | 74  0.05095  5.69256e-03 | 75  0.15780 -4.38031e+00
 76  0.08663 -7.32767e+00 | 77  0.16236  7.21425e-03 | 78 -0.12544  1.04566e-03
 79 -0.18642  2.78299e-03 | 80  0.14153  1.13300e-03 | 81  0.07774  1.89807e-04
 82  0.12754 -1.77344e-03 | 83  0.00000 -1.43181e-30 | 84  0.02840  7.39695e-04
 85 -0.06785  7.25406e-04 | 86 -0.23714 -6.06823e-07 | 87  0.10107 -5.58964e-04
 88  0.72026  1.51275e-04 | 89 -0.15600  7.06702e-04 | 90  0.08790  5.67788e-04
 91 -0.66326 -8.34176e-05 |
91 variables; iteration 600; function evaluation 741; phase 4
Function value 2.5903785e+02; maximum gradient component mag 6.0340e+00
Var    Value     Gradient |Var    Value     Gradient |Var    Value     Gradient
  1  0.02624 -2.98567e-01 |  2 -0.01428 -7.29979e-02 |  3 -0.02570 -1.47687e-03
  4 -0.02688 -1.76266e-03 |  5 -0.02067 -2.16623e-03 |  6 -0.01477 -2.50668e-03
  7 -0.01712 -2.57881e-03 |  8 -0.01232 -2.84707e-03 |  9  0.00154 -3.42891e-03
 10 -0.00116 -3.45254e-03 | 11  0.00360 -3.99744e-03 | 12 -0.00782 -3.79139e-03
 13 -0.01828 -1.23260e-03 | 14 -0.01294 -1.43348e-03 | 15 -0.01462 -1.24841e-03
 16 -0.01413 -1.00966e-03 | 17 -0.00825 -1.04489e-03 | 18  0.00403 -1.48105e-03
 19  0.00485 -1.72610e-03 | 20  0.01114 -2.47258e-03 | 21 -0.01212 -1.63448e-03
 22 -0.01793 -1.21440e-03 | 23 -0.01078 -1.27445e-03 | 24 -0.01986 -9.09665e-04
 25 -0.01994 -9.87147e-04 | 26  0.01907 -2.55432e-03 | 27  0.02085 -2.29602e-03
 28  0.01866 -1.26885e-03 | 29  0.04010 -1.18602e-03 | 30  0.01816  1.03742e-04
 31  0.02486  2.80144e-04 | 32  0.08694 -1.63239e-03 | 33  0.03812 -1.05414e-04
 34  0.02012  2.41754e-04 | 35  0.03092 -1.06455e-05 | 36  0.01385  4.49181e-04
 37  0.05434 -9.79936e-04 | 38  0.02817 -5.34686e-04 | 39  0.00052 -1.01787e-04
 40 -0.00946 -1.23553e-04 | 41 -0.01920 -1.88865e-05 | 42 -0.01595 -9.03213e-05
 43 -0.00654 -4.08667e-05 | 44  0.00293  2.01595e-04 | 45  0.00695  4.76629e-04
 46  0.00977  6.02654e-04 | 47  0.00330  8.14169e-04 | 48  0.01114  5.94195e-04
 49 -0.00061  6.18545e-04 | 50 -0.03427  1.05123e-03 | 51 -0.03670  1.07733e-03
 52 -0.02971  1.04245e-03 | 53 -0.00786  9.38627e-04 | 54 -0.01148  1.17589e-03
 55 -0.00106  1.22058e-03 | 56 -0.02843  1.59345e-03 | 57 -0.01903  1.59375e-03
 58 -0.01747  1.61553e-03 | 59 -0.00011  1.60345e-03 | 60 -0.01336  1.74007e-03
 61 -0.01587  1.74288e-03 | 62 -0.01157  1.75401e-03 | 63 -0.01010  1.85187e-03
 64 -0.01048  2.03866e-03 | 65 -0.02034  2.21804e-03 | 66 -0.00794  9.84427e-06
 67 -0.00027 -4.59232e-07 | 68  0.00000  0.00000e+00 | 69 -0.77306 -7.53390e-02
 70  0.17174 -3.30211e-01 | 71  0.11480 -1.13920e+00 | 72  0.18346  3.70592e-03
 73 -0.07968 -2.02488e-04 | 74  0.05095 -1.84815e-03 | 75  0.15780  3.62873e+00
 76  0.08663  6.03395e+00 | 77  0.16237 -3.54143e-02 | 78 -0.13255 -1.91998e-03
 79 -0.18642 -8.52770e-03 | 80  0.14153 -3.72503e-04 | 81  0.07774 -6.23729e-05
 82  0.12754  6.01072e-04 | 83  0.00000 -1.43273e-30 | 84  0.02840 -2.56953e-04
 85 -0.06785 -2.58016e-04 | 86 -0.23713 -2.02505e-07 | 87  0.10107  1.93524e-04
 88  0.72026 -5.45149e-05 | 89 -0.15600 -2.59142e-04 | 90  0.08790 -2.12256e-04
 91 -0.66326  2.86826e-05 |
91 variables; iteration 620; function evaluation 768; phase 4
Function value 2.5903785e+02; maximum gradient component mag -3.1521e+00
Var    Value     Gradient |Var    Value     Gradient |Var    Value     Gradient
  1  0.02624  5.92582e-02 |  2 -0.01428 -3.91974e-02 |  3 -0.02570  1.30154e-03
  4 -0.02688  1.56253e-03 |  5 -0.02067  1.92398e-03 |  6 -0.01477  2.22969e-03
  7 -0.01712  2.29604e-03 |  8 -0.01232  2.54135e-03 |  9  0.00154  3.06291e-03
 10 -0.00116  3.07965e-03 | 11  0.00360  3.55421e-03 | 12 -0.00782  3.37053e-03
 13 -0.01828  1.06603e-03 | 14 -0.01294  1.25031e-03 | 15 -0.01462  1.08216e-03
 16 -0.01413  8.69476e-04 | 17 -0.00825  9.13732e-04 | 18  0.00403  1.32869e-03
 19  0.00485  1.54446e-03 | 20  0.01114  2.18283e-03 | 21 -0.01212  1.43128e-03
 22 -0.01793  1.09430e-03 | 23 -0.01078  1.18545e-03 | 24 -0.01986  8.35264e-04
 25 -0.01994  8.92805e-04 | 26  0.01907  2.35080e-03 | 27  0.02085  2.16153e-03
 28  0.01866  1.22282e-03 | 29  0.04010  1.11598e-03 | 30  0.01816 -8.04056e-05
 31  0.02486 -2.43522e-04 | 32  0.08694  1.49175e-03 | 33  0.03812  9.31169e-05
 34  0.02012 -2.23288e-04 | 35  0.03092  1.48675e-05 | 36  0.01385 -3.97805e-04
 37  0.05434  8.76725e-04 | 38  0.02817  4.21944e-04 | 39  0.00052  1.36470e-05
 40 -0.00946  6.21108e-05 | 41 -0.01920  3.55382e-05 | 42 -0.01595  1.64741e-04
 43 -0.00654  1.43732e-04 | 44  0.00293 -1.11631e-04 | 45  0.00695 -4.25465e-04
 46  0.00977 -5.79460e-04 | 47  0.00330 -7.69591e-04 | 48  0.01114 -5.62473e-04
 49 -0.00061 -5.74153e-04 | 50 -0.03427 -9.56673e-04 | 51 -0.03670 -9.76461e-04
 52 -0.02971 -9.42782e-04 | 53 -0.00786 -8.51638e-04 | 54 -0.01148 -1.06732e-03
 55 -0.00106 -1.10641e-03 | 56 -0.02843 -1.43818e-03 | 57 -0.01903 -1.43466e-03
 58 -0.01747 -1.44905e-03 | 59 -0.00011 -1.43547e-03 | 60 -0.01336 -1.56414e-03
 61 -0.01587 -1.57242e-03 | 62 -0.01157 -1.58933e-03 | 63 -0.01010 -1.67329e-03
 64 -0.01048 -1.83882e-03 | 65 -0.02034 -2.00676e-03 | 66 -0.00794 -8.24045e-06
 67 -0.00027  3.85747e-07 | 68  0.00000  0.00000e+00 | 69 -0.77306 -4.31521e-02
 70  0.17174 -9.06824e-01 | 71  0.11481 -3.15207e+00 | 72  0.18346 -3.84740e-03
 73 -0.06787  2.85496e-04 | 74  0.05095  2.07363e-03 | 75  0.15780  1.29029e+00
 76  0.08663  2.13503e+00 | 77  0.16237 -2.17013e-02 | 78 -0.13868 -1.10611e-03
 79 -0.18642 -4.60850e-03 | 80  0.14153  3.52957e-04 | 81  0.07774  6.60453e-05
 82  0.12754 -5.58483e-04 | 83  0.00000 -1.43226e-30 | 84  0.02840  2.25679e-04
 85 -0.06785  2.42401e-04 | 86 -0.23713 -2.35525e-07 | 87  0.10107 -1.86982e-04
 88  0.72026  5.00590e-05 | 89 -0.15600  2.33767e-04 | 90  0.08790  1.76521e-04
 91 -0.66326 -2.40948e-05 |
91 variables; iteration 640; function evaluation 795; phase 4
Function value 2.5903785e+02; maximum gradient component mag -5.0756e+00
Var    Value     Gradient |Var    Value     Gradient |Var    Value     Gradient
  1  0.02624  4.97560e-01 |  2 -0.01428 -4.25620e-02 |  3 -0.02570  5.54551e-03
  4 -0.02688  6.63424e-03 |  5 -0.02067  8.17778e-03 |  6 -0.01477  9.46921e-03
  7 -0.01712  9.75257e-03 |  8 -0.01232  1.07990e-02 |  9  0.00154  1.29919e-02
 10 -0.00116  1.30745e-02 | 11  0.00360  1.51022e-02 | 12 -0.00782  1.43272e-02
 13 -0.01828  4.54951e-03 | 14 -0.01294  5.33203e-03 | 15 -0.01462  4.62465e-03
 16 -0.01413  3.72376e-03 | 17 -0.00825  3.88743e-03 | 18  0.00403  5.62270e-03
 19  0.00485  6.54483e-03 | 20  0.01114  9.28544e-03 | 21 -0.01212  6.09545e-03
 22 -0.01793  4.62769e-03 | 23 -0.01078  4.96113e-03 | 24 -0.01986  3.52304e-03
 25 -0.01994  3.77281e-03 | 26  0.01907  9.88776e-03 | 27  0.02085  9.03053e-03
 28  0.01866  5.07986e-03 | 29  0.04010  4.66986e-03 | 30  0.01816 -3.50400e-04
 31  0.02486 -1.03669e-03 | 32  0.08694  6.28855e-03 | 33  0.03812  4.12285e-04
 34  0.02012 -9.27484e-04 | 35  0.03092  6.44056e-05 | 36  0.01385 -1.68923e-03
 37  0.05434  3.73970e-03 | 38  0.02817  1.86970e-03 | 39  0.00052  1.57326e-04
 40 -0.00946  3.42443e-04 | 41 -0.01920  1.34300e-04 | 42 -0.01595  6.11592e-04
 43 -0.00654  4.85946e-04 | 44  0.00293 -5.53357e-04 | 45  0.00695 -1.79629e-03
 46  0.00977 -2.40765e-03 | 47  0.00330 -3.20528e-03 | 48  0.01114 -2.33624e-03
 49 -0.00061 -2.40619e-03 | 50 -0.03427 -4.03744e-03 | 51 -0.03670 -4.12672e-03
 52 -0.02971 -3.99607e-03 | 53 -0.00786 -3.59594e-03 | 54 -0.01148 -4.51061e-03
 55 -0.00106 -4.66740e-03 | 56 -0.02843 -6.08372e-03 | 57 -0.01903 -6.06923e-03
 58 -0.01747 -6.14725e-03 | 59 -0.00011 -6.07876e-03 | 60 -0.01336 -6.63448e-03
 61 -0.01587 -6.65974e-03 | 62 -0.01157 -6.71584e-03 | 63 -0.01010 -7.08886e-03
 64 -0.01048 -7.78247e-03 | 65 -0.02034 -8.49485e-03 | 66 -0.00794 -3.37534e-05
 67 -0.00027 -5.68918e-08 | 68  0.00000  0.00000e+00 | 69 -0.77306 -5.22884e-02
 70  0.17174 -1.45523e+00 | 71  0.11481 -5.07558e+00 | 72  0.18346 -1.56056e-02
 73 -0.04798  1.06431e-03 | 74  0.05095  8.23439e-03 | 75  0.15780  1.87035e+00
 76  0.08662  3.09877e+00 | 77  0.16237 -2.88436e-02 | 78 -0.14562 -1.27683e-03
 79 -0.18642 -5.03419e-03 | 80  0.14153  1.77858e-03 | 81  0.07774  2.80849e-04
 82  0.12754 -2.67296e-03 | 83  0.00000 -1.43147e-30 | 84  0.02840  1.12421e-03
 85 -0.06785  1.01745e-03 | 86 -0.23713 -1.57006e-07 | 87  0.10107 -7.86244e-04
 88  0.72026  2.10525e-04 | 89 -0.15600  9.89126e-04 | 90  0.08790  7.68760e-04
 91 -0.66326 -1.16310e-04 |
91 variables; iteration 660; function evaluation 821; phase 4
Function value 2.5903785e+02; maximum gradient component mag 6.5946e+00
Var    Value     Gradient |Var    Value     Gradient |Var    Value     Gradient
  1  0.02624  3.54944e-01 |  2 -0.01428 -6.45485e-02 |  3 -0.02570  4.59848e-03
  4 -0.02688  5.49942e-03 |  5 -0.02067  6.78487e-03 |  6 -0.01477  7.85558e-03
  7 -0.01712  8.09293e-03 |  8 -0.01232  8.96737e-03 |  9  0.00154  1.07811e-02
 10 -0.00116  1.08511e-02 | 11  0.00360  1.25304e-02 | 12 -0.00782  1.18889e-02
 13 -0.01828  3.76137e-03 | 14 -0.01294  4.41433e-03 | 15 -0.01462  3.82737e-03
 16 -0.01413  3.08064e-03 | 17 -0.00825  3.21686e-03 | 18  0.00403  4.66583e-03
 19  0.00485  5.43124e-03 | 20  0.01114  7.69716e-03 | 21 -0.01212  5.04722e-03
 22 -0.01793  3.84227e-03 | 23 -0.01078  4.12611e-03 | 24 -0.01986  2.93223e-03
 25 -0.01994  3.13341e-03 | 26  0.01907  8.22356e-03 | 27  0.02085  7.52192e-03
 28  0.01866  4.23981e-03 | 29  0.04010  3.89193e-03 | 30  0.01816 -2.85572e-04
 31  0.02486 -8.56797e-04 | 32  0.08694  5.22731e-03 | 33  0.03812  3.47468e-04
 34  0.02012 -7.68019e-04 | 35  0.03092  5.74097e-05 | 36  0.01385 -1.39998e-03
 37  0.05434  3.11113e-03 | 38  0.02817  1.54037e-03 | 39  0.00052  1.11426e-04
 40 -0.00946  2.78094e-04 | 41 -0.01920  1.18319e-04 | 42 -0.01595  5.35092e-04
 43 -0.00654  4.33889e-04 | 44  0.00293 -4.40246e-04 | 45  0.00695 -1.48763e-03
 46  0.00977 -2.00926e-03 | 47  0.00330 -2.66856e-03 | 48  0.01114 -1.94369e-03
 49 -0.00061 -2.00180e-03 | 50 -0.03427 -3.35557e-03 | 51 -0.03670 -3.42903e-03
 52 -0.02971 -3.32325e-03 | 53 -0.00786 -2.98739e-03 | 54 -0.01148 -3.74904e-03
 55 -0.00106 -3.87507e-03 | 56 -0.02843 -5.05291e-03 | 57 -0.01903 -5.03804e-03
 58 -0.01747 -5.10547e-03 | 59 -0.00011 -5.04269e-03 | 60 -0.01336 -5.51211e-03
 61 -0.01587 -5.53371e-03 | 62 -0.01157 -5.57943e-03 | 63 -0.01010 -5.89267e-03
 64 -0.01048 -6.46386e-03 | 65 -0.02034 -7.06066e-03 | 66 -0.00794 -2.72952e-05
 67 -0.00027 -6.64341e-07 | 68  0.00000  0.00000e+00 | 69 -0.77306 -7.43531e-02
 70  0.17174 -7.91224e-01 | 71  0.11482 -2.76868e+00 | 72  0.18346 -1.30728e-02
 73 -0.02266  8.89765e-04 | 74  0.05095  6.93243e-03 | 75  0.15780  3.96505e+00
 76  0.08662  6.59461e+00 | 77  0.16237 -3.88626e-02 | 78 -0.14904 -1.86044e-03
 79 -0.18642 -7.59073e-03 | 80  0.14153  1.58912e-03 | 81  0.07774  2.39721e-04
 82  0.12754 -2.34033e-03 | 83  0.00000 -1.43162e-30 | 84  0.02840  9.90094e-04
 85 -0.06785  8.48781e-04 | 86 -0.23712 -7.37215e-08 | 87  0.10107 -6.59240e-04
 88  0.72026  1.74989e-04 | 89 -0.15600  8.21477e-04 | 90  0.08790  6.36139e-04
 91 -0.66326 -1.00702e-04 |
91 variables; iteration 680; function evaluation 848; phase 4
Function value 2.5903784e+02; maximum gradient component mag -7.4481e+01
Var    Value     Gradient |Var    Value     Gradient |Var    Value     Gradient
  1  0.02624  2.76638e+00 |  2 -0.01428  4.10355e-01 |  3 -0.02570  1.86699e-02
  4 -0.02688  2.22630e-02 |  5 -0.02067  2.74483e-02 |  6 -0.01478  3.17612e-02
  7 -0.01712  3.27080e-02 |  8 -0.01232  3.62165e-02 |  9  0.00154  4.34997e-02
 10 -0.00117  4.38253e-02 | 11  0.00360  5.06805e-02 | 12 -0.00782  4.80925e-02
 13 -0.01828  1.53719e-02 | 14 -0.01294  1.79885e-02 | 15 -0.01462  1.56428e-02
 16 -0.01413  1.26286e-02 | 17 -0.00825  1.30881e-02 | 18  0.00403  1.87805e-02
 19  0.00485  2.18957e-02 | 20  0.01114  3.12206e-02 | 21 -0.01212  2.05365e-02
 22 -0.01793  1.54373e-02 | 23 -0.01078  1.63318e-02 | 24 -0.01986  1.16931e-02
 25 -0.01994  1.25708e-02 | 26  0.01907  3.27429e-02 | 27  0.02085  2.96365e-02
 28  0.01866  1.65367e-02 | 29  0.04010  1.53456e-02 | 30  0.01816 -1.22132e-03
 31  0.02486 -3.49425e-03 | 32  0.08694  2.08944e-02 | 33  0.03812  1.43390e-03
 34  0.02012 -3.03577e-03 | 35  0.03092  2.12267e-04 | 36  0.01385 -5.66548e-03
 37  0.05434  1.25871e-02 | 38  0.02816  6.60212e-03 | 39  0.00052  9.64634e-04
 40 -0.00946  1.46514e-03 | 41 -0.01920  3.71451e-04 | 42 -0.01595  1.63861e-03
 43 -0.00654  1.07220e-03 | 44  0.00293 -2.20938e-03 | 45  0.00695 -5.99605e-03
 46  0.00977 -7.83849e-03 | 47  0.00330 -1.04813e-02 | 48  0.01114 -7.62293e-03
 49 -0.00061 -7.92815e-03 | 50 -0.03427 -1.34272e-02 | 51 -0.03670 -1.37517e-02
 52 -0.02971 -1.33480e-02 | 53 -0.00786 -1.19749e-02 | 54 -0.01148 -1.50199e-02
 55 -0.00106 -1.55309e-02 | 56 -0.02843 -2.02970e-02 | 57 -0.01902 -2.02650e-02
 58 -0.01747 -2.05744e-02 | 59 -0.00011 -2.03280e-02 | 60 -0.01336 -2.22001e-02
 61 -0.01587 -2.22444e-02 | 62 -0.01157 -2.23813e-02 | 63 -0.01010 -2.36713e-02
 64 -0.01048 -2.59870e-02 | 65 -0.02034 -2.83549e-02 | 66 -0.00794 -1.09076e-04
 67 -0.00027 -4.65844e-06 | 68  0.00000  0.00000e+00 | 69 -0.77306  4.09489e-01
 70  0.17174 -1.29138e+00 | 71  0.11483 -4.57131e+00 | 72  0.18346 -4.92213e-02
 73  0.01193  2.78104e-03 | 74  0.05095  2.51617e-02 | 75  0.15780 -4.46033e+01
 76  0.08662 -7.44806e+01 | 77  0.16237  1.85862e-01 | 78 -0.13953  1.34669e-02
 79 -0.18642  4.79845e-02 | 80  0.14153  6.78252e-03 | 81  0.07774  9.83212e-04
 82  0.12754 -9.80889e-03 | 83  0.00000 -1.42885e-30 | 84  0.02840  4.25793e-03
 85 -0.06785  3.34250e-03 | 86 -0.23712  7.18494e-08 | 87  0.10107 -2.59244e-03
 88  0.72026  6.94725e-04 | 89 -0.15600  3.29789e-03 | 90  0.08790  2.67112e-03
 91 -0.66326 -4.33894e-04 |
91 variables; iteration 700; function evaluation 870; phase 4
Function value 2.5903783e+02; maximum gradient component mag -1.6988e+01
Var    Value     Gradient |Var    Value     Gradient |Var    Value     Gradient
  1  0.02623  1.92803e-01 |  2 -0.01428  1.94208e-01 |  3 -0.02569 -1.81735e-03
  4 -0.02688 -2.09078e-03 |  5 -0.02067 -2.68699e-03 |  6 -0.01477 -3.08004e-03
  7 -0.01711 -3.21251e-03 |  8 -0.01231 -3.66784e-03 |  9  0.00154 -4.23354e-03
 10 -0.00116 -4.31510e-03 | 11  0.00360 -4.95690e-03 | 12 -0.00782 -4.74164e-03
 13 -0.01828 -1.31851e-03 | 14 -0.01293 -1.62880e-03 | 15 -0.01462 -1.42010e-03
 16 -0.01413 -1.14449e-03 | 17 -0.00825 -1.14576e-03 | 18  0.00403 -1.80269e-03
 19  0.00485 -2.12866e-03 | 20  0.01114 -2.95792e-03 | 21 -0.01211 -1.86722e-03
 22 -0.01793 -1.50879e-03 | 23 -0.01078 -1.60666e-03 | 24 -0.01986 -1.24530e-03
 25 -0.01994 -1.23796e-03 | 26  0.01907 -3.32756e-03 | 27  0.02084 -3.06956e-03
 28  0.01866 -1.79692e-03 | 29  0.04010 -1.64739e-03 | 30  0.01815  4.82690e-05
 31  0.02486  2.85981e-04 | 32  0.08694 -2.10023e-03 | 33  0.03812 -2.57628e-04
 34  0.02012  2.33331e-04 | 35  0.03092 -9.24562e-05 | 36  0.01385  5.23127e-04
 37  0.05434 -1.39650e-03 | 38  0.02817 -6.21489e-04 | 39  0.00053  2.86840e-05
 40 -0.00946 -2.02247e-04 | 41 -0.01920 -1.17110e-04 | 42 -0.01595 -4.39370e-04
 43 -0.00654 -3.65660e-04 | 44  0.00293  6.30388e-05 | 45  0.00694  5.15263e-04
 46  0.00977  8.49686e-04 | 47  0.00330  1.04445e-03 | 48  0.01114  7.24564e-04
 49 -0.00061  7.95441e-04 | 50 -0.03427  1.34940e-03 | 51 -0.03670  1.38577e-03
 52 -0.02971  1.41316e-03 | 53 -0.00786  1.18381e-03 | 54 -0.01148  1.52217e-03
 55 -0.00106  1.48586e-03 | 56 -0.02843  2.01344e-03 | 57 -0.01903  1.96986e-03
 58 -0.01747  2.07310e-03 | 59 -0.00011  1.92379e-03 | 60 -0.01336  2.27365e-03
 61 -0.01587  2.26872e-03 | 62 -0.01157  2.23367e-03 | 63 -0.01010  2.45875e-03
 64 -0.01048  2.59054e-03 | 65 -0.02034  2.90987e-03 | 66 -0.00794 -4.46806e-06
 67 -0.00027  1.41563e-05 | 68  0.00000  0.00000e+00 | 69 -0.77308  2.08746e-01
 70  0.17173  1.98246e-01 | 71  0.11484  7.04113e-01 | 72  0.18346  5.38462e-03
 73  0.02360 -3.86476e-04 | 74  0.05095 -2.92937e-03 | 75  0.15772 -1.02377e+01
 76  0.08668 -1.69885e+01 | 77  0.16234  1.01437e-01 | 78 -0.11634  3.78085e-03
 79 -0.18641  2.25130e-02 | 80  0.14152 -3.23848e-03 | 81  0.07774 -2.64760e-04
 82  0.12754  3.69829e-03 | 83  0.00000 -1.43358e-30 | 84  0.02840 -1.74158e-03
 85 -0.06785 -3.74802e-04 | 86 -0.23716 -1.78160e-06 | 87  0.10107  3.58621e-04
 88  0.72026 -6.52194e-05 | 89 -0.15600 -3.24163e-04 | 90  0.08790 -2.68525e-04
 91 -0.66326  1.42979e-04 |
91 variables; iteration 720; function evaluation 892; phase 4
Function value 2.5903782e+02; maximum gradient component mag -3.4147e+01
Var    Value     Gradient |Var    Value     Gradient |Var    Value     Gradient
  1  0.02624  2.54346e+00 |  2 -0.01428  3.22597e-01 |  3 -0.02569  1.82055e-02
  4 -0.02688  2.17182e-02 |  5 -0.02067  2.67739e-02 |  6 -0.01477  3.09789e-02
  7 -0.01711  3.19067e-02 |  8 -0.01232  3.53257e-02 |  9  0.00154  4.24375e-02
 10 -0.00116  4.27479e-02 | 11  0.00360  4.94306e-02 | 12 -0.00782  4.69026e-02
 13 -0.01828  1.49886e-02 | 14 -0.01294  1.75363e-02 | 15 -0.01462  1.52473e-02
 16 -0.01413  1.23068e-02 | 17 -0.00825  1.27675e-02 | 18  0.00403  1.83382e-02
 19  0.00485  2.13751e-02 | 20  0.01114  3.04426e-02 | 21 -0.01212  2.00206e-02
 22 -0.01793  1.50734e-02 | 23 -0.01078  1.59793e-02 | 24 -0.01986  1.14262e-02
 25 -0.01994  1.22725e-02 | 26  0.01907  3.19931e-02 | 27  0.02085  2.89904e-02
 28  0.01866  1.61951e-02 | 29  0.04010  1.50144e-02 | 30  0.01816 -1.18326e-03
 31  0.02486 -3.40224e-03 | 32  0.08694  2.03917e-02 | 33  0.03812  1.37709e-03
 34  0.02012 -2.97902e-03 | 35  0.03092  2.07428e-04 | 36  0.01385 -5.52586e-03
 37  0.05434  1.22542e-02 | 38  0.02817  6.38709e-03 | 39  0.00053  8.61177e-04
 40 -0.00946  1.37691e-03 | 41 -0.01920  3.64129e-04 | 42 -0.01595  1.64825e-03
 43 -0.00654  1.11798e-03 | 44  0.00293 -2.11118e-03 | 45  0.00694 -5.85489e-03
 46  0.00977 -7.68429e-03 | 47  0.00330 -1.02676e-02 | 48  0.01114 -7.47185e-03
 49 -0.00061 -7.75948e-03 | 50 -0.03427 -1.31118e-02 | 51 -0.03670 -1.34284e-02
 52 -0.02971 -1.30279e-02 | 53 -0.00786 -1.16877e-02 | 54 -0.01148 -1.46622e-02
 55 -0.00106 -1.51608e-02 | 56 -0.02843 -1.98092e-02 | 57 -0.01903 -1.97739e-02
 58 -0.01747 -2.00699e-02 | 59 -0.00011 -1.98260e-02 | 60 -0.01336 -2.16535e-02
 61 -0.01587 -2.17050e-02 | 62 -0.01157 -2.18459e-02 | 63 -0.01010 -2.31024e-02
 64 -0.01048 -2.53513e-02 | 65 -0.02034 -2.76609e-02 | 66 -0.00794 -1.07238e-04
 67 -0.00027 -3.82308e-06 | 68  0.00000  0.00000e+00 | 69 -0.77307  3.17313e-01
 70  0.17174 -1.20296e+00 | 71  0.11484 -4.26134e+00 | 72  0.18346 -4.83841e-02
 73  0.01571  2.76636e-03 | 74  0.05095  2.49141e-02 | 75  0.15775 -2.04925e+01
 76  0.08666 -3.41471e+01 | 77  0.16235  1.41658e-01 | 78 -0.10268  9.98872e-03
 79 -0.18642  3.77211e-02 | 80  0.14153  6.51839e-03 | 81  0.07774  9.73714e-04
 82  0.12754 -9.43714e-03 | 83  0.00000 -1.42892e-30 | 84  0.02840  4.08694e-03
 85 -0.06785  3.26007e-03 | 86 -0.23711  7.01426e-07 | 87  0.10107 -2.52088e-03
 88  0.72026  6.75807e-04 | 89 -0.15600  3.21526e-03 | 90  0.08790  2.57786e-03
 91 -0.66326 -4.13760e-04 |
91 variables; iteration 740; function evaluation 917; phase 4
Function value 2.5903781e+02; maximum gradient component mag 6.6146e+00
Var    Value     Gradient |Var    Value     Gradient |Var    Value     Gradient
  1  0.02624  2.66719e-01 |  2 -0.01428 -9.82058e-02 |  3 -0.02570  4.39076e-03
  4 -0.02688  5.24384e-03 |  5 -0.02067  6.48213e-03 |  6 -0.01477  7.50167e-03
  7 -0.01712  7.73332e-03 |  8 -0.01232  8.58090e-03 |  9  0.00154  1.02994e-02
 10 -0.00116  1.03703e-02 | 11  0.00360  1.19696e-02 | 12 -0.00782  1.13605e-02
 13 -0.01828  3.57252e-03 | 14 -0.01294  4.20273e-03 | 15 -0.01462  3.64359e-03
 16 -0.01413  2.93167e-03 | 17 -0.00825  3.05788e-03 | 18  0.00403  4.45480e-03
 19  0.00485  5.18846e-03 | 20  0.01114  7.34246e-03 | 21 -0.01212  4.80607e-03
 22 -0.01793  3.67276e-03 | 23 -0.01078  3.94940e-03 | 24 -0.01986  2.81437e-03
 25 -0.01994  2.99638e-03 | 26  0.01907  7.87770e-03 | 27  0.02085  7.21877e-03
 28  0.01866  4.08088e-03 | 29  0.04010  3.73999e-03 | 30  0.01816 -2.64734e-04
 31  0.02486 -8.13020e-04 | 32  0.08694  5.00398e-03 | 33  0.03812  3.45281e-04
 34  0.02012 -7.28248e-04 | 35  0.03092  6.25394e-05 | 36  0.01385 -1.33531e-03
 37  0.05434  2.98787e-03 | 38  0.02817  1.46071e-03 | 39  0.00052  8.43317e-05
 40 -0.00946  2.64926e-04 | 41 -0.01920  1.22931e-04 | 42 -0.01595  5.49483e-04
 43 -0.00654  4.53438e-04 | 44  0.00293 -3.97651e-04 | 45  0.00695 -1.41414e-03
 46  0.00977 -1.93428e-03 | 47  0.00330 -2.55698e-03 | 48  0.01114 -1.85969e-03
 49 -0.00061 -1.91822e-03 | 50 -0.03427 -3.21255e-03 | 51 -0.03670 -3.28195e-03
 52 -0.02971 -3.18772e-03 | 53 -0.00786 -2.85756e-03 | 54 -0.01148 -3.59107e-03
 55 -0.00106 -3.70137e-03 | 56 -0.02843 -4.83267e-03 | 57 -0.01903 -4.81286e-03
 58 -0.01747 -4.88496e-03 | 59 -0.00011 -4.81211e-03 | 60 -0.01336 -5.27769e-03
 61 -0.01587 -5.29801e-03 | 62 -0.01157 -5.33683e-03 | 63 -0.01010 -5.64674e-03
 64 -0.01048 -6.18206e-03 | 65 -0.02034 -6.76246e-03 | 66 -0.00794 -2.49443e-05
 67 -0.00027 -2.13359e-06 | 68  0.00000  0.00000e+00 | 69 -0.77306 -1.09783e-01
 70  0.17174 -5.49247e-01 | 71  0.11483 -1.92907e+00 | 72  0.18346 -1.26274e-02
 73 -0.00446  8.80442e-04 | 74  0.05095  6.72668e-03 | 75  0.15780  3.98879e+00
 76  0.08664  6.61460e+00 | 77  0.16237 -5.57841e-02 | 78 -0.09435 -2.74660e-03
 79 -0.18642 -1.15028e-02 | 80  0.14153  1.76545e-03 | 81  0.07774  2.39121e-04
 82  0.12754 -2.50466e-03 | 83  0.00000 -1.43161e-30 | 84  0.02840  1.07566e-03
 85 -0.06785  8.18906e-04 | 86 -0.23712  2.55145e-07 | 87  0.10107 -6.42125e-04
 88  0.72026  1.67774e-04 | 89 -0.15600  7.85962e-04 | 90  0.08790  6.08138e-04
 91 -0.66326 -1.06447e-04 |
91 variables; iteration 760; function evaluation 939; phase 4
Function value 2.5903781e+02; maximum gradient component mag -5.2774e+00
Var    Value     Gradient |Var    Value     Gradient |Var    Value     Gradient
  1  0.02624  1.45010e-01 |  2 -0.01428  3.27297e-02 |  3 -0.02570  7.71871e-04
  4 -0.02688  9.06004e-04 |  5 -0.02067  1.13157e-03 |  6 -0.01477  1.30299e-03
  7 -0.01712  1.34597e-03 |  8 -0.01232  1.50499e-03 |  9  0.00154  1.78000e-03
 10 -0.00116  1.80227e-03 | 11  0.00360  2.08438e-03 | 12 -0.00782  1.98274e-03
 13 -0.01828  6.27918e-04 | 14 -0.01294  7.38503e-04 | 15 -0.01462  6.48458e-04
 16 -0.01413  5.27790e-04 | 17 -0.00825  5.34433e-04 | 18  0.00403  7.68642e-04
 19  0.00485  9.01245e-04 | 20  0.01114  1.28304e-03 | 21 -0.01212  8.38914e-04
 22 -0.01793  6.32454e-04 | 23 -0.01078  6.52121e-04 | 24 -0.01986  4.84604e-04
 25 -0.01994  5.10246e-04 | 26  0.01907  1.32374e-03 | 27  0.02085  1.18309e-03
 28  0.01866  6.59187e-04 | 29  0.04010  6.19510e-04 | 30  0.01816 -4.66779e-05
 31  0.02486 -1.39497e-04 | 32  0.08694  8.45276e-04 | 33  0.03812  7.63677e-05
 34  0.02012 -1.11371e-04 | 35  0.03092  1.41435e-05 | 36  0.01385 -2.29962e-04
 37  0.05434  5.31708e-04 | 38  0.02817  2.87898e-04 | 39  0.00052  5.76499e-05
 40 -0.00946  8.62632e-05 | 41 -0.01920  1.43715e-05 | 42 -0.01595  6.23116e-05
 43 -0.00654  2.71447e-05 | 44  0.00293 -1.05383e-04 | 45  0.00695 -2.40450e-04
 46  0.00977 -3.17354e-04 | 47  0.00330 -4.14966e-04 | 48  0.01114 -2.98138e-04
 49 -0.00061 -3.21657e-04 | 50 -0.03427 -5.48223e-04 | 51 -0.03670 -5.63681e-04
 52 -0.02971 -5.59889e-04 | 53 -0.00786 -4.90961e-04 | 54 -0.01148 -6.18459e-04
 55 -0.00106 -6.27742e-04 | 56 -0.02843 -8.29030e-04 | 57 -0.01903 -8.26462e-04
 58 -0.01747 -8.48823e-04 | 59 -0.00011 -8.22972e-04 | 60 -0.01336 -9.18527e-04
 61 -0.01587 -9.15629e-04 | 62 -0.01157 -9.08437e-04 | 63 -0.01010 -9.78059e-04
 64 -0.01048 -1.05974e-03 | 65 -0.02034 -1.16190e-03 | 66 -0.00794 -2.91689e-06
 67 -0.00027 -2.37404e-06 | 68  0.00000  0.00000e+00 | 69 -0.77306  3.34926e-02
 70  0.17174 -1.07992e-01 | 71  0.11482 -3.78715e-01 | 72  0.18346 -1.85105e-03
 73 -0.01194  1.00587e-04 | 74  0.05095  9.07906e-04 | 75  0.15780 -3.16139e+00
 76  0.08664 -5.27742e+00 | 77  0.16237  1.57332e-02 | 78 -0.09314  1.38405e-03
 79 -0.18642  3.86205e-03 | 80  0.14153  6.47525e-04 | 81  0.07774  6.49425e-05
 82  0.12754 -7.94837e-04 | 83  0.00000 -1.43225e-30 | 84  0.02840  3.72480e-04
 85 -0.06785  1.39925e-04 | 86 -0.23711  4.77891e-07 | 87  0.10107 -1.21965e-04
 88  0.72026  2.82055e-05 | 89 -0.15600  1.34226e-04 | 90  0.08790  1.19638e-04
 91 -0.66326 -3.29585e-05 |
91 variables; iteration 780; function evaluation 960; phase 4
Function value 2.5903781e+02; maximum gradient component mag -2.5729e+01
Var    Value     Gradient |Var    Value     Gradient |Var    Value     Gradient
  1  0.02624  2.20758e-01 |  2 -0.01428  2.50279e-01 |  3 -0.02570 -2.57394e-03
  4 -0.02688 -3.18648e-03 |  5 -0.02067 -3.83486e-03 |  6 -0.01478 -4.48426e-03
  7 -0.01712 -4.59520e-03 |  8 -0.01232 -4.99057e-03 |  9  0.00154 -6.19978e-03
 10 -0.00117 -6.16982e-03 | 11  0.00360 -7.11160e-03 | 12 -0.00782 -6.71335e-03
 13 -0.01828 -2.14515e-03 | 14 -0.01294 -2.49567e-03 | 15 -0.01462 -2.11306e-03
 16 -0.01413 -1.66615e-03 | 17 -0.00825 -1.84350e-03 | 18  0.00403 -2.69006e-03
 19  0.00485 -3.09065e-03 | 20  0.01114 -4.36538e-03 | 21 -0.01212 -2.88869e-03
 22 -0.01793 -2.21583e-03 | 23 -0.01077 -2.53574e-03 | 24 -0.01986 -1.66445e-03
 25 -0.01994 -1.84123e-03 | 26  0.01907 -4.90761e-03 | 27  0.02085 -4.64090e-03
 28  0.01866 -2.64544e-03 | 29  0.04010 -2.35161e-03 | 30  0.01816  1.76797e-04
 31  0.02486  5.12645e-04 | 32  0.08694 -3.10299e-03 | 33  0.03812 -7.24147e-05
 34  0.02012  5.42415e-04 | 35  0.03092  1.19399e-06 | 36  0.01385  8.15706e-04
 37  0.05434 -1.66618e-03 | 38  0.02816 -7.00997e-04 | 39  0.00052  1.41682e-04
 40 -0.00946  7.54536e-05 | 41 -0.01920 -8.91335e-05 | 42 -0.01595 -4.19999e-04
 43 -0.00654 -4.69502e-04 | 44  0.00293  8.38976e-05 | 45  0.00695  8.89341e-04
 46  0.00977  1.22197e-03 | 47  0.00330  1.67639e-03 | 48  0.01114  1.24768e-03
 49 -0.00061  1.19339e-03 | 50 -0.03427  1.95487e-03 | 51 -0.03670  1.97789e-03
 52 -0.02971  1.82622e-03 | 53 -0.00786  1.72383e-03 | 54 -0.01148  2.14894e-03
 55 -0.00106  2.29628e-03 | 56 -0.02842  2.93253e-03 | 57 -0.01902  2.92360e-03
 58 -0.01747  2.89394e-03 | 59 -0.00011  2.96368e-03 | 60 -0.01336  3.10444e-03
 61 -0.01587  3.15729e-03 | 62 -0.01157  3.27763e-03 | 63 -0.01010  3.34153e-03
 64 -0.01048  3.75346e-03 | 65 -0.02034  4.06782e-03 | 66 -0.00794  2.83042e-05
 67 -0.00027 -1.59712e-05 | 68  0.00000  0.00000e+00 | 69 -0.77306  2.67371e-01
 70  0.17174  5.66411e-01 | 71  0.11482  1.97528e+00 | 72  0.18346  9.18665e-03
 73 -0.02497 -8.15373e-04 | 74  0.05095 -5.26607e-03 | 75  0.15781 -1.54474e+01
 76  0.08663 -2.57287e+01 | 77  0.16237  1.31140e-01 | 78 -0.08030  1.03203e-02
 79 -0.18643  2.95695e-02 | 80  0.14153  1.71813e-03 | 81  0.07774  4.85818e-05
 82  0.12754 -1.43516e-03 | 83  0.00000 -1.43225e-30 | 84  0.02840  8.44227e-04
 85 -0.06785 -4.83003e-04 | 86 -0.23705  2.98700e-06 | 87  0.10107  2.80720e-04
 88  0.72026 -1.05101e-04 | 89 -0.15600 -4.80780e-04 | 90  0.08791 -2.74499e-04
 91 -0.66326 -5.38409e-05 |
91 variables; iteration 800; function evaluation 982; phase 4
Function value 2.5903780e+02; maximum gradient component mag -9.6615e+00
Var    Value     Gradient |Var    Value     Gradient |Var    Value     Gradient
  1  0.02624  6.90977e-01 |  2 -0.01428  1.36685e-01 |  3 -0.02570  4.02407e-03
  4 -0.02688  4.78370e-03 |  5 -0.02067  5.91000e-03 |  6 -0.01478  6.83205e-03
  7 -0.01712  7.03762e-03 |  8 -0.01232  7.80436e-03 |  9  0.00154  9.34865e-03
 10 -0.00117  9.42724e-03 | 11  0.00360  1.09071e-02 | 12 -0.00782  1.03534e-02
 13 -0.01828  3.31785e-03 | 14 -0.01294  3.87946e-03 | 15 -0.01462  3.38300e-03
 16 -0.01413  2.73839e-03 | 17 -0.00825  2.82399e-03 | 18  0.00403  4.03919e-03
 19  0.00485  4.71381e-03 | 20  0.01114  6.72740e-03 | 21 -0.01212  4.42375e-03
 22 -0.01793  3.31822e-03 | 23 -0.01077  3.48338e-03 | 24 -0.01986  2.51215e-03
 25 -0.01994  2.69347e-03 | 26  0.01907  7.00023e-03 | 27  0.02085  6.30571e-03
 28  0.01866  3.50854e-03 | 29  0.04010  3.27160e-03 | 30  0.01816 -2.64629e-04
 31  0.02486 -7.50947e-04 | 32  0.08694  4.47238e-03 | 33  0.03812  3.22888e-04
 34  0.02012 -6.38201e-04 | 35  0.03092  4.71307e-05 | 36  0.01385 -1.21670e-03
 37  0.05435  2.71588e-03 | 38  0.02816  1.45100e-03 | 39  0.00052  2.49077e-04
 40 -0.00946  3.50134e-04 | 41 -0.01920  7.09971e-05 | 42 -0.01595  3.17371e-04
 43 -0.00654  1.80015e-04 | 44  0.00293 -5.11713e-04 | 45  0.00695 -1.28809e-03
 46  0.00977 -1.66990e-03 | 47  0.00330 -2.22953e-03 | 48  0.01114 -1.61843e-03
 49 -0.00061 -1.69699e-03 | 50 -0.03427 -2.88008e-03 | 51 -0.03670 -2.95293e-03
 52 -0.02971 -2.87920e-03 | 53 -0.00786 -2.57358e-03 | 54 -0.01148 -3.22814e-03
 55 -0.00106 -3.32972e-03 | 56 -0.02843 -4.35762e-03 | 57 -0.01902 -4.35392e-03
 58 -0.01747 -4.42700e-03 | 59 -0.00011 -4.36193e-03 | 60 -0.01336 -4.77610e-03
 61 -0.01587 -4.77951e-03 | 62 -0.01157 -4.79445e-03 | 63 -0.01010 -5.08822e-03
 64 -0.01048 -5.57611e-03 | 65 -0.02034 -6.08379e-03 | 66 -0.00794 -2.24238e-05
 67 -0.00027 -2.81732e-06 | 68  0.00000  0.00000e+00 | 69 -0.77306  1.39224e-01
 70  0.17174 -3.56740e-01 | 71  0.11482 -1.25721e+00 | 72  0.18346 -1.02821e-02
 73 -0.00470  5.63142e-04 | 74  0.05095  5.18394e-03 | 75  0.15782 -5.80740e+00
 76  0.08663 -9.66146e+00 | 77  0.16237  6.46767e-02 | 78 -0.06747  4.48743e-03
 79 -0.18642  1.60209e-02 | 80  0.14153  1.76712e-03 | 81  0.07774  2.34249e-04
 82  0.12754 -2.43631e-03 | 83  0.00000 -1.43162e-30 | 84  0.02840  1.08752e-03
 85 -0.06785  7.19751e-04 | 86 -0.23711  6.82150e-07 | 87  0.10107 -5.72751e-04
 88  0.72026  1.49404e-04 | 89 -0.15600  7.08181e-04 | 90  0.08790  5.90731e-04
 91 -0.66326 -1.06046e-04 |
91 variables; iteration 820; function evaluation 1006; phase 4
Function value 2.5903780e+02; maximum gradient component mag -1.2927e+01
Var    Value     Gradient |Var    Value     Gradient |Var    Value     Gradient
  1  0.02624  1.16956e+00 |  2 -0.01428  2.42439e-01 |  3 -0.02570  6.60242e-03
  4 -0.02688  7.86199e-03 |  5 -0.02067  9.69280e-03 |  6 -0.01478  1.12102e-02
  7 -0.01712  1.15433e-02 |  8 -0.01232  1.27812e-02 |  9  0.00154  1.53385e-02
 10 -0.00117  1.54605e-02 | 11  0.00360  1.78893e-02 | 12 -0.00782  1.69765e-02
 13 -0.01828  5.45549e-03 | 14 -0.01294  6.37228e-03 | 15 -0.01462  5.55214e-03
 16 -0.01413  4.48973e-03 | 17 -0.00825  4.63674e-03 | 18  0.00403  6.62176e-03
 19  0.00485  7.72565e-03 | 20  0.01114  1.10365e-02 | 21 -0.01212  7.26919e-03
 22 -0.01793  5.43811e-03 | 23 -0.01078  5.71444e-03 | 24 -0.01986  4.10601e-03
 25 -0.01994  4.42067e-03 | 26  0.01907  1.14782e-02 | 27  0.02085  1.03402e-02
 28  0.01866  5.74480e-03 | 29  0.04010  5.35723e-03 | 30  0.01816 -4.41136e-04
 31  0.02486 -1.23694e-03 | 32  0.08694  7.33190e-03 | 33  0.03812  5.10485e-04
 34  0.02012 -1.06117e-03 | 35  0.03092  7.09772e-05 | 36  0.01385 -1.99990e-03
 37  0.05434  4.43733e-03 | 38  0.02816  2.38082e-03 | 39  0.00052  4.12576e-04
 40 -0.00946  5.64361e-04 | 41 -0.01920  1.12090e-04 | 42 -0.01595  4.98561e-04
 43 -0.00654  2.76709e-04 | 44  0.00293 -8.46874e-04 | 45  0.00695 -2.11576e-03
 46  0.00977 -2.72814e-03 | 47  0.00330 -3.65564e-03 | 48  0.01114 -2.65819e-03
 49 -0.00061 -2.77800e-03 | 50 -0.03427 -4.71854e-03 | 51 -0.03670 -4.83751e-03
 52 -0.02971 -4.70191e-03 | 53 -0.00786 -4.21259e-03 | 54 -0.01148 -5.28260e-03
 55 -0.00106 -5.46067e-03 | 56 -0.02843 -7.14305e-03 | 57 -0.01902 -7.13760e-03
 58 -0.01747 -7.25066e-03 | 59 -0.00011 -7.16149e-03 | 60 -0.01336 -7.82244e-03
 61 -0.01587 -7.83113e-03 | 62 -0.01157 -7.86730e-03 | 63 -0.01010 -8.33128e-03
 64 -0.01048 -9.14424e-03 | 65 -0.02034 -9.97043e-03 | 66 -0.00794 -3.85611e-05
 67 -0.00027 -2.42235e-06 | 68  0.00000  0.00000e+00 | 69 -0.77306  2.47766e-01
 70  0.17174 -3.50873e-01 | 71  0.11484 -1.24843e+00 | 72  0.18346 -1.68336e-02
 73  0.01630  8.76439e-04 | 74  0.05095  8.46526e-03 | 75  0.15780 -7.79968e+00
 76  0.08665 -1.29266e+01 | 77  0.16237  1.15444e-01 | 78 -0.05604  7.32234e-03
 79 -0.18642  2.83801e-02 | 80  0.14153  2.50658e-03 | 81  0.07774  3.58091e-04
 82  0.12754 -3.57357e-03 | 83  0.00000 -1.43117e-30 | 84  0.02840  1.57168e-03
 85 -0.06785  1.16878e-03 | 86 -0.23711  4.27881e-07 | 87  0.10107 -9.10836e-04
 88  0.72026  2.43452e-04 | 89 -0.15600  1.16018e-03 | 90  0.08790  9.57043e-04
 91 -0.66326 -1.59316e-04 |
91 variables; iteration 840; function evaluation 1029; phase 4
Function value 2.5903780e+02; maximum gradient component mag -4.6488e+00
Var    Value     Gradient |Var    Value     Gradient |Var    Value     Gradient
  1  0.02624  4.11981e-01 |  2 -0.01428  1.08774e-01 |  3 -0.02570  1.88554e-03
  4 -0.02688  2.24439e-03 |  5 -0.02067  2.76248e-03 |  6 -0.01478  3.19492e-03
  7 -0.01712  3.28814e-03 |  8 -0.01232  3.63604e-03 |  9  0.00154  4.36651e-03
 10 -0.00117  4.40203e-03 | 11  0.00360  5.09822e-03 | 12 -0.00782  4.83721e-03
 13 -0.01828  1.56637e-03 | 14 -0.01294  1.82502e-03 | 15 -0.01462  1.59210e-03
 16 -0.01413  1.28890e-03 | 17 -0.00825  1.32746e-03 | 18  0.00403  1.88235e-03
 19  0.00485  2.19732e-03 | 20  0.01114  3.15130e-03 | 21 -0.01212  2.08097e-03
 22 -0.01793  1.54384e-03 | 23 -0.01078  1.61019e-03 | 24 -0.01986  1.15897e-03
 25 -0.01994  1.25488e-03 | 26  0.01907  3.24289e-03 | 27  0.02085  2.90385e-03
 28  0.01866  1.60251e-03 | 29  0.04010  1.50407e-03 | 30  0.01816 -1.30929e-04
 31  0.02486 -3.55304e-04 | 32  0.08694  2.07613e-03 | 33  0.03812  1.43434e-04
 34  0.02012 -3.00957e-04 | 35  0.03092  1.76735e-05 | 36  0.01385 -5.70793e-04
 37  0.05434  1.26108e-03 | 38  0.02816  6.98778e-04 | 39  0.00052  1.46589e-04
 40 -0.00946  1.76660e-04 | 41 -0.01920  2.50647e-05 | 42 -0.01595  1.09139e-04
 43 -0.00654  3.88515e-05 | 44  0.00293 -2.65711e-04 | 45  0.00695 -6.03052e-04
 46  0.00977 -7.60157e-04 | 47  0.00330 -1.02534e-03 | 48  0.01114 -7.45802e-04
 49 -0.00061 -7.82110e-04 | 50 -0.03427 -1.33622e-03 | 51 -0.03670 -1.37147e-03
 52 -0.02971 -1.33170e-03 | 53 -0.00786 -1.19395e-03 | 54 -0.01148 -1.49610e-03
 55 -0.00106 -1.54951e-03 | 56 -0.02843 -2.02799e-03 | 57 -0.01903 -2.02877e-03
 58 -0.01747 -2.06083e-03 | 59 -0.00011 -2.03937e-03 | 60 -0.01336 -2.22212e-03
 61 -0.01587 -2.22289e-03 | 62 -0.01157 -2.23257e-03 | 63 -0.01010 -2.36290e-03
 64 -0.01048 -2.59775e-03 | 65 -0.02034 -2.82863e-03 | 66 -0.00794 -1.13528e-05
 67 -0.00027 -3.74026e-07 | 68  0.00000  0.00000e+00 | 69 -0.77306  1.12614e-01
 70  0.17174 -1.44241e-02 | 71  0.11485 -5.84278e-02 | 72  0.18346 -4.59985e-03
 73  0.02956  1.92689e-04 | 74  0.05095  2.25525e-03 | 75  0.15780 -2.81222e+00
 76  0.08666 -4.64885e+00 | 77  0.16237  5.31676e-02 | 78 -0.04323  3.09825e-03
 79 -0.18642  1.27327e-02 | 80  0.14153  6.58228e-04 | 81  0.07774  9.90613e-05
 82  0.12754 -9.56359e-04 | 83  0.00000 -1.43213e-30 | 84  0.02840  4.20774e-04
 85 -0.06785  3.26782e-04 | 86 -0.23712  4.94464e-08 | 87  0.10107 -2.52054e-04
 88  0.72026  6.85584e-05 | 89 -0.15600  3.29334e-04 | 90  0.08790  2.76329e-04
 91 -0.66326 -4.36458e-05 |
91 variables; iteration 860; function evaluation 1054; phase 4
Function value 2.5903780e+02; maximum gradient component mag -3.8572e+00
Var    Value     Gradient |Var    Value     Gradient |Var    Value     Gradient
  1  0.02624  2.84562e-01 |  2 -0.01428  1.19238e-01 |  3 -0.02570  4.72317e-04
  4 -0.02688  5.59411e-04 |  5 -0.02067  6.79028e-04 |  6 -0.01477  7.84902e-04
  7 -0.01712  8.03915e-04 |  8 -0.01232  8.78897e-04 |  9  0.00154  1.06086e-03
 10 -0.00116  1.07180e-03 | 11  0.00360  1.25211e-03 | 12 -0.00782  1.18651e-03
 13 -0.01828  4.11990e-04 | 14 -0.01294  4.69503e-04 | 15 -0.01462  4.14451e-04
 16 -0.01413  3.39396e-04 | 17 -0.00825  3.40732e-04 | 18  0.00403  4.51967e-04
 19  0.00485  5.30417e-04 | 20  0.01114  7.88300e-04 | 21 -0.01212  5.32710e-04
 22 -0.01793  3.65941e-04 | 23 -0.01078  3.52021e-04 | 24 -0.01986  2.58691e-04
 25 -0.01994  2.95775e-04 | 26  0.01907  7.29216e-04 | 27  0.02085  6.11359e-04
 28  0.01866  3.11537e-04 | 29  0.04010  3.15348e-04 | 30  0.01816 -4.39144e-05
 31  0.02486 -9.33961e-05 | 32  0.08694  4.77664e-04 | 33  0.03812  3.09495e-05
 34  0.02012 -7.01137e-05 | 35  0.03092 -1.39431e-06 | 36  0.01385 -1.41999e-04
 37  0.05434  3.01899e-04 | 38  0.02817  2.18609e-04 | 39  0.00052  1.03332e-04
 40 -0.00946  8.10566e-05 | 41 -0.01920 -1.00673e-05 | 42 -0.01595 -4.98968e-05
 43 -0.00654 -8.44189e-05 | 44  0.00293 -1.23117e-04 | 45  0.00695 -1.48555e-04
 46  0.00977 -1.46752e-04 | 47  0.00330 -2.13402e-04 | 48  0.01114 -1.55537e-04
 49 -0.00061 -1.69976e-04 | 50 -0.03427 -3.08317e-04 | 51 -0.03670 -3.20247e-04
 52 -0.02971 -3.08580e-04 | 53 -0.00786 -2.78093e-04 | 54 -0.01148 -3.45805e-04
 55 -0.00106 -3.64497e-04 | 56 -0.02843 -4.79573e-04 | 57 -0.01903 -4.85408e-04
 58 -0.01747 -4.93272e-04 | 59 -0.00011 -4.96197e-04 | 60 -0.01336 -5.29150e-04
 61 -0.01587 -5.25050e-04 | 62 -0.01157 -5.25218e-04 | 63 -0.01010 -5.53670e-04
 64 -0.01048 -6.17571e-04 | 65 -0.02034 -6.64010e-04 | 66 -0.00794 -3.34998e-06
 67 -0.00027  5.50889e-07 | 68  0.00000  0.00000e+00 | 69 -0.77306  1.25582e-01
 70  0.17174  7.60545e-02 | 71  0.11485  2.62975e-01 | 72  0.18346 -6.64667e-04
 73  0.03710 -5.16722e-05 | 74  0.05095  1.87048e-04 | 75  0.15780 -2.34676e+00
 76  0.08667 -3.85724e+00 | 77  0.16237  6.03299e-02 | 78 -0.03168  3.14154e-03
 79 -0.18642  1.39569e-02 | 80  0.14153  5.07056e-05 | 81  0.07774  1.79311e-05
 82  0.12754 -1.10280e-04 | 83  0.00000 -1.43244e-30 | 84  0.02840  5.22682e-05
 85 -0.06785  6.57685e-05 | 86 -0.23712 -1.20142e-07 | 87  0.10107 -4.50528e-05
 88  0.72026  1.49935e-05 | 89 -0.15600  7.76803e-05 | 90  0.08790  7.71003e-05
 91 -0.66326 -7.77457e-06 |
91 variables; iteration 880; function evaluation 1081; phase 4
Function value 2.5903780e+02; maximum gradient component mag -4.5149e+00
Var    Value     Gradient |Var    Value     Gradient |Var    Value     Gradient
  1  0.02624  3.82814e-01 |  2 -0.01428  1.82679e-01 |  3 -0.02570  2.17628e-04
  4 -0.02688  2.48608e-04 |  5 -0.02067  2.94167e-04 |  6 -0.01477  3.37280e-04
  7 -0.01712  3.41694e-04 |  8 -0.01232  3.65085e-04 |  9  0.00154  4.38270e-04
 10 -0.00116  4.49071e-04 | 11  0.00360  5.39697e-04 | 12 -0.00782  5.11214e-04
 13 -0.01828  2.12429e-04 | 14 -0.01294  2.30185e-04 | 15 -0.01462  2.11816e-04
 16 -0.01413  1.79973e-04 | 17 -0.00825  1.65179e-04 | 18  0.00403  1.79140e-04
 19  0.00485  2.16091e-04 | 20  0.01114  3.58821e-04 | 21 -0.01212  2.56401e-04
 22 -0.01793  1.38629e-04 | 23 -0.01078  8.58900e-05 | 24 -0.01986  7.83727e-05
 25 -0.01994  1.08502e-04 | 26  0.01907  2.15756e-04 | 27  0.02085  1.12535e-04
 28  0.01866  1.57687e-05 | 29  0.04010  5.91606e-05 | 30  0.01816 -3.33474e-05
 31  0.02486 -4.67277e-05 | 32  0.08694  1.57409e-04 | 33  0.03812  1.35663e-05
 34  0.02012 -1.99108e-05 | 35  0.03092 -6.40741e-06 | 36  0.01385 -6.22528e-05
 37  0.05434  1.25083e-04 | 38  0.02817  1.64080e-04 | 39  0.00052  1.42387e-04
 40 -0.00946  9.57548e-05 | 41 -0.01920 -2.65827e-05 | 42 -0.01595 -1.27125e-04
 43 -0.00654 -1.69435e-04 | 44  0.00293 -1.36136e-04 | 45  0.00695 -6.22796e-05
 46  0.00977 -7.18272e-06 | 47  0.00330 -3.42296e-05 | 48  0.01114 -2.36543e-05
 49 -0.00061 -4.16227e-05 | 50 -0.03427 -1.04554e-04 | 51 -0.03670 -1.15115e-04
 52 -0.02971 -1.12070e-04 | 53 -0.00786 -9.86345e-05 | 54 -0.01148 -1.20063e-04
 55 -0.00106 -1.31437e-04 | 56 -0.02843 -1.79968e-04 | 57 -0.01903 -1.89512e-04
 58 -0.01747 -1.96653e-04 | 59 -0.00011 -2.02863e-04 | 60 -0.01336 -2.07885e-04
 61 -0.01587 -1.98572e-04 | 62 -0.01157 -1.91098e-04 | 63 -0.01010 -2.04832e-04
 64 -0.01048 -2.35725e-04 | 65 -0.02034 -2.43595e-04 | 66 -0.00794 -1.60412e-06
 67 -0.00027  3.19000e-07 | 68  0.00000  0.00000e+00 | 69 -0.77306  1.93029e-01
 70  0.17174  1.08337e-01 | 71  0.11485  3.76834e-01 | 72  0.18346  4.12735e-04
 73  0.03966 -1.56711e-04 | 74  0.05095 -4.63009e-04 | 75  0.15780 -2.76402e+00
 76  0.08668 -4.51488e+00 | 77  0.16237  9.30814e-02 | 78 -0.01959  4.64555e-03
 79 -0.18642  2.13952e-02 | 80  0.14153  9.81439e-06 | 81  0.07774  8.48306e-06
 82  0.12754 -2.44716e-05 | 83  0.00000 -1.43247e-30 | 84  0.02840  2.64603e-05
 85 -0.06785  9.34341e-06 | 86 -0.23712 -6.55612e-08 | 87  0.10107 -2.26032e-06
 88  0.72026  3.68112e-06 | 89 -0.15600  2.86703e-05 | 90  0.08790  4.82436e-05
 91 -0.66326 -4.37408e-06 |
91 variables; iteration 900; function evaluation 1107; phase 4
Function value 2.5903779e+02; maximum gradient component mag -5.0284e-01
Var    Value     Gradient |Var    Value     Gradient |Var    Value     Gradient
  1  0.02624  3.45341e-01 |  2 -0.01428  6.97324e-04 |  3 -0.02570  3.28220e-03
  4 -0.02688  3.92263e-03 |  5 -0.02067  4.83550e-03 |  6 -0.01477  5.59746e-03
  7 -0.01712  5.76453e-03 |  8 -0.01232  6.38395e-03 |  9  0.00154  7.67594e-03
 10 -0.00116  7.72645e-03 | 11  0.00360  8.92638e-03 | 12 -0.00782  8.46932e-03
 13 -0.01828  2.69529e-03 | 14 -0.01294  3.15592e-03 | 15 -0.01462  2.74054e-03
 16 -0.01413  2.20771e-03 | 17 -0.00825  2.29871e-03 | 18  0.00403  3.31926e-03
 19  0.00485  3.86602e-03 | 20  0.01114  5.49077e-03 | 21 -0.01212  3.60797e-03
 22 -0.01793  2.73150e-03 | 23 -0.01078  2.91761e-03 | 24 -0.01986  2.07633e-03
 25 -0.01994  2.22632e-03 | 26  0.01907  5.82383e-03 | 27  0.02085  5.30788e-03
 28  0.01866  2.97922e-03 | 29  0.04010  2.74542e-03 | 30  0.01816 -2.10077e-04
 31  0.02486 -6.13964e-04 | 32  0.08694  3.70573e-03 | 33  0.03812  2.46361e-04
 34  0.02012 -5.45806e-04 | 35  0.03092  3.78672e-05 | 36  0.01385 -9.99333e-04
 37  0.05434  2.21092e-03 | 38  0.02817  1.12033e-03 | 39  0.00052  1.13032e-04
 40 -0.00946  2.16304e-04 | 41 -0.01920  7.60550e-05 | 42 -0.01595  3.42137e-04
 43 -0.00654  2.61982e-04 | 44  0.00293 -3.43777e-04 | 45  0.00695 -1.05916e-03
 46  0.00977 -1.41175e-03 | 47  0.00330 -1.88125e-03 | 48  0.01114 -1.37102e-03
 49 -0.00061 -1.41566e-03 | 50 -0.03427 -2.38046e-03 | 51 -0.03670 -2.43375e-03
 52 -0.02971 -2.35863e-03 | 53 -0.00786 -2.11999e-03 | 54 -0.01148 -2.66021e-03
 55 -0.00106 -2.75189e-03 | 56 -0.02843 -3.58951e-03 | 57 -0.01903 -3.58325e-03
 58 -0.01747 -3.62983e-03 | 59 -0.00011 -3.58900e-03 | 60 -0.01336 -3.91978e-03
 61 -0.01587 -3.93251e-03 | 62 -0.01157 -3.96131e-03 | 63 -0.01010 -4.18504e-03
 64 -0.01048 -4.59376e-03 | 65 -0.02034 -5.01180e-03 | 66 -0.00794 -1.98956e-05
 67 -0.00027 -3.98752e-07 | 68  0.00000  0.00000e+00 | 69 -0.77306 -3.56188e-03
 70  0.17174 -1.40197e-01 | 71  0.11485 -5.02845e-01 | 72  0.18346 -9.08521e-03
 73  0.02876  5.33688e-04 | 74  0.05095  4.75143e-03 | 75  0.15780 -3.33210e-03
 76  0.08670 -1.17068e-02 | 77  0.16237 -3.85042e-03 | 78 -0.00553 -1.03394e-05
 79 -0.18642  5.46725e-05 | 80  0.14153  1.07892e-03 | 81  0.07774  1.66825e-04
 82  0.12754 -1.60868e-03 | 83  0.00000 -1.43189e-30 | 84  0.02840  6.79165e-04
 85 -0.06785  5.99265e-04 | 86 -0.23712  1.43165e-08 | 87  0.10107 -4.63423e-04
 88  0.72026  1.23927e-04 | 89 -0.15600  5.83901e-04 | 90  0.08790  4.56864e-04
 91 -0.66326 -7.13280e-05 |
91 variables; iteration 920; function evaluation 1133; phase 4
Function value 2.5903779e+02; maximum gradient component mag -1.1798e+00
Var    Value     Gradient |Var    Value     Gradient |Var    Value     Gradient
  1  0.02624  4.08708e-01 |  2 -0.01428  5.50499e-03 |  3 -0.02570  3.79480e-03
  4 -0.02688  4.53597e-03 |  5 -0.02067  5.59132e-03 |  6 -0.01477  6.47291e-03
  7 -0.01712  6.66642e-03 |  8 -0.01232  7.38053e-03 |  9  0.00154  8.87630e-03
 10 -0.00116  8.93546e-03 | 11  0.00360  1.03253e-02 | 12 -0.00782  9.79566e-03
 13 -0.01828  3.11870e-03 | 14 -0.01294  3.65299e-03 | 15 -0.01462  3.17038e-03
 16 -0.01413  2.55498e-03 | 17 -0.00825  2.66211e-03 | 18  0.00403  3.83967e-03
 19  0.00485  4.47082e-03 | 20  0.01114  6.35284e-03 | 21 -0.01212  4.17326e-03
 22 -0.01793  3.15854e-03 | 23 -0.01078  3.37282e-03 | 24 -0.01986  2.39989e-03
 25 -0.01994  2.57366e-03 | 26  0.01907  6.73211e-03 | 27  0.02085  6.13182e-03
 28  0.01866  3.44056e-03 | 29  0.04010  3.17165e-03 | 30  0.01816 -2.42813e-04
 31  0.02486 -7.09941e-04 | 32  0.08694  4.28547e-03 | 33  0.03812  2.83570e-04
 34  0.02012 -6.29998e-04 | 35  0.03092  4.29757e-05 | 36  0.01385 -1.15480e-03
 37  0.05434  2.55699e-03 | 38  0.02817  1.29731e-03 | 39  0.00052  1.33852e-04
 40 -0.00946  2.52245e-04 | 41 -0.01920  8.58440e-05 | 42 -0.01595  3.90966e-04
 43 -0.00654  2.95959e-04 | 44  0.00293 -4.01253e-04 | 45  0.00695 -1.22721e-03
 46  0.00977 -1.63142e-03 | 47  0.00330 -2.17512e-03 | 48  0.01114 -1.58479e-03
 49 -0.00061 -1.63657e-03 | 50 -0.03427 -2.75290e-03 | 51 -0.03670 -2.81536e-03
 52 -0.02971 -2.72761e-03 | 53 -0.00786 -2.45282e-03 | 54 -0.01148 -3.07649e-03
 55 -0.00106 -3.18303e-03 | 56 -0.02843 -4.15185e-03 | 57 -0.01903 -4.14236e-03
 58 -0.01747 -4.19884e-03 | 59 -0.00011 -4.15165e-03 | 60 -0.01336 -4.53034e-03
 61 -0.01587 -4.54549e-03 | 62 -0.01157 -4.58142e-03 | 63 -0.01010 -4.83793e-03
 64 -0.01048 -5.31155e-03 | 65 -0.02034 -5.79736e-03 | 66 -0.00794 -2.30120e-05
 67 -0.00027 -1.92828e-07 | 68  0.00000  0.00000e+00 | 69 -0.77306  8.50354e-04
 70  0.17174 -3.34652e-01 | 71  0.11483 -1.17983e+00 | 72  0.18346 -1.04766e-02
 73  0.00505  6.59507e-04 | 74  0.05095  5.48170e-03 | 75  0.15780 -3.21776e-02
 76  0.08670 -5.55256e-02 | 77  0.16237 -2.03824e-03 | 78 -0.00089  8.17447e-05
 79 -0.18642  6.13927e-04 | 80  0.14153  1.24324e-03 | 81  0.07774  1.90996e-04
 82  0.12754 -1.85535e-03 | 83  0.00000 -1.43180e-30 | 84  0.02840  7.89128e-04
 85 -0.06785  6.90742e-04 | 86 -0.23712  2.50309e-08 | 87  0.10107 -5.32557e-04
 88  0.72026  1.43294e-04 | 89 -0.15600  6.74840e-04 | 90  0.08790  5.31309e-04
 91 -0.66326 -8.14871e-05 |

Function minimizer: Step size too small -- ialph=1

 - final statistics:
91 variables; iteration 934; function evaluation 1149
Function value 2.5904e+02; maximum gradient component mag -7.8002e-03
Exit code = 3;  converg criter 1.0000e-04
Var    Value     Gradient |Var    Value     Gradient |Var    Value     Gradient
  1  0.02624  2.09271e-03 |  2 -0.01428  3.17502e-04 |  3 -0.02570  1.39942e-05
  4 -0.02688  1.67022e-05 |  5 -0.02067  2.05746e-05 |  6 -0.01477  2.38110e-05
  7 -0.01712  2.45147e-05 |  8 -0.01232  2.71265e-05 |  9  0.00154  3.26116e-05
 10 -0.00116  3.28455e-05 | 11  0.00360  3.79852e-05 | 12 -0.00782  3.60409e-05
 13 -0.01828  1.15487e-05 | 14 -0.01294  1.34987e-05 | 15 -0.01462  1.17375e-05
 16 -0.01413  9.47694e-06 | 17 -0.00825  9.83424e-06 | 18  0.00403  1.40905e-05
 19  0.00485  1.64205e-05 | 20  0.01114  2.34143e-05 | 21 -0.01212  1.54111e-05
 22 -0.01793  1.15766e-05 | 23 -0.01078  1.22566e-05 | 24 -0.01986  8.75787e-06
 25 -0.01994  9.42487e-06 | 26  0.01907  2.45435e-05 | 27  0.02085  2.22127e-05
 28  0.01866  1.23877e-05 | 29  0.04010  1.14938e-05 | 30  0.01816 -9.23776e-07
 31  0.02486 -2.62373e-06 | 32  0.08694  1.56535e-05 | 33  0.03812  1.04814e-06
 34  0.02012 -2.29039e-06 | 35  0.03092  1.44664e-07 | 36  0.01385 -4.24859e-06
 37  0.05434  9.40050e-06 | 38  0.02817  4.93005e-06 | 39  0.00052  7.16839e-07
 40 -0.00946  1.07119e-06 | 41 -0.01920  2.66915e-07 | 42 -0.01595  1.20196e-06
 43 -0.00654  7.89505e-07 | 44  0.00293 -1.66393e-06 | 45  0.00695 -4.50820e-06
 46  0.00977 -5.87661e-06 | 47  0.00330 -7.86939e-06 | 48  0.01114 -5.72880e-06
 49 -0.00061 -5.94724e-06 | 50 -0.03427 -1.00626e-05 | 51 -0.03670 -1.03058e-05
 52 -0.02971 -9.99127e-06 | 53 -0.00786 -8.97494e-06 | 54 -0.01148 -1.12533e-05
 55 -0.00106 -1.16497e-05 | 56 -0.02843 -1.52140e-05 | 57 -0.01903 -1.51953e-05
 58 -0.01747 -1.54136e-05 | 59 -0.00011 -1.52457e-05 | 60 -0.01336 -1.66249e-05
 61 -0.01587 -1.66627e-05 | 62 -0.01157 -1.67734e-05 | 63 -0.01010 -1.77257e-05
 64 -0.01048 -1.94715e-05 | 65 -0.02034 -2.12329e-05 | 66 -0.00794 -8.45393e-08
 67 -0.00027 -1.24675e-09 | 68  0.00000  0.00000e+00 | 69 -0.77306  3.17584e-04
 70  0.17174 -1.14677e-03 | 71  0.11483 -4.04473e-03 | 72  0.18346 -3.69313e-05
 73 -0.00006  2.11805e-06 | 74  0.05095  1.89160e-05 | 75  0.15780 -4.76501e-03
 76  0.08670 -7.80017e-03 | 77  0.16237  1.44382e-04 | 78 -0.00093  8.24133e-06
 79 -0.18642  3.70897e-05 | 80  0.14153  4.65815e-06 | 81  0.07774  7.12109e-07
 82  0.12754 -6.89114e-06 | 83  0.00000 -1.43250e-30 | 84  0.02840  2.96871e-06
 85 -0.06785  2.50227e-06 | 86 -0.23712  2.24083e-10 | 87  0.10107 -1.92866e-06
 88  0.72026  5.20807e-07 | 89 -0.15600  2.47275e-06 | 90  0.08790  1.98830e-06
 91 -0.66326 -3.05217e-07 |
size of file gradfil1.tmp = 0
size of file gradfil2.tmp = 0
size of file varssave.tmp = 0
size of file cmpdiff.tmp = 0
