
Initial statistics: 6 variables; iteration 0; function evaluation 0; phase 1
Function value 5.7833160e+03; maximum gradient component mag 1.5776e+05
Var    Value     Gradient |Var    Value     Gradient |Var    Value     Gradient
  1  0.05168  1.57763e+05 |  2 -0.01278  7.86565e+04 |  3  0.00000 -1.94298e+00
  4  0.00000  2.52448e-02 |  5  0.00000  0.00000e+00 |  6 -0.76499  7.93290e+04

Intermediate statistics: 6 variables; iteration 20; function evaluation 49; phase 1
Function value 4.2751043e+02; maximum gradient component mag 4.2538e+03
Var    Value     Gradient |Var    Value     Gradient |Var    Value     Gradient
  1  0.01470 -2.46332e+03 |  2  0.13533 -1.12822e+03 |  3 -0.00552 -5.34665e+00
  4  0.01489  1.12960e+01 |  5  0.00000  0.00000e+00 |  6 -1.09707  4.25376e+03

 - final statistics:
6 variables; iteration 33; function evaluation 62
Function value 3.8141e+02; maximum gradient component mag 8.9632e+00
Exit code = 1;  converg criter 1.0000e+01
Var    Value     Gradient |Var    Value     Gradient |Var    Value     Gradient
  1  0.00909 -6.34472e+00 |  2 -0.02418 -4.70610e+00 |  3  0.00090 -5.33065e-03
  4 -0.00014 -6.28262e-02 |  5  0.00000  0.00000e+00 |  6 -1.19614  8.96319e+00

Initial statistics: 60 variables; iteration 0; function evaluation 0; phase 2
Function value 3.8140624e+02; maximum gradient component mag -4.4940e+02
Var    Value     Gradient |Var    Value     Gradient |Var    Value     Gradient
  1  0.00909 -6.34472e+00 |  2 -0.02418 -4.70610e+00 |  3  0.00000  1.23517e+02
  4  0.00000  1.25958e+02 |  5  0.00000  1.30070e+02 |  6  0.00000  1.29979e+02
  7  0.00000  1.31244e+02 |  8  0.00000  1.27697e+02 |  9  0.00000  1.29075e+02
 10  0.00000  1.35044e+02 | 11  0.00000  1.55240e+02 | 12  0.00000  1.53750e+02
 13  0.00000  1.24757e+02 | 14  0.00000  9.35388e+01 | 15  0.00000  3.96695e+01
 16  0.00000 -4.03287e+01 | 17  0.00000 -1.01731e+02 | 18  0.00000 -1.69628e+02
 19  0.00000 -2.41414e+02 | 20  0.00000 -3.03022e+02 | 21  0.00000 -3.80718e+02
 22  0.00000 -4.49401e+02 | 23  0.00000 -4.41166e+02 | 24  0.00000 -4.19137e+02
 25  0.00000 -4.12705e+02 | 26  0.00000 -3.81642e+02 | 27  0.00000 -3.59884e+02
 28  0.00000 -2.68303e+02 | 29  0.00000 -1.56541e+02 | 30  0.00000 -6.58220e+01
 31  0.00000 -1.39644e+01 | 32  0.00000 -1.92323e+01 | 33  0.00000 -4.85308e+01
 34  0.00000 -4.90870e+01 | 35  0.00000 -1.90501e+01 | 36  0.00000  1.81332e+01
 37  0.00000  4.77121e+01 | 38  0.00000  6.66854e+01 | 39  0.00000  1.17704e+02
 40  0.00000  1.95452e+02 | 41  0.00000  2.19992e+02 | 42  0.00000  2.10083e+02
 43  0.00000  1.83906e+02 | 44  0.00000  1.84385e+02 | 45  0.00000  1.90595e+02
 46  0.00000  2.35135e+02 | 47  0.00000  2.27673e+02 | 48  0.00000  1.94263e+02
 49  0.00000  1.48678e+02 | 50  0.00000  1.36965e+02 | 51  0.00000  1.29836e+02
 52  0.00000  1.10649e+02 | 53  0.00000  7.36710e+01 | 54  0.00000  3.43018e+01
 55  0.00000  1.59503e+01 | 56  0.00090 -5.33065e-03 | 57 -0.00014 -6.28262e-02
 58  0.00000  0.00000e+00 | 59 -0.80386 -8.96319e+00 | 60  0.09974  2.89003e+02

Intermediate statistics: 60 variables; iteration 20; function evaluation 51; phase 2
Function value 2.9841906e+02; maximum gradient component mag 9.8684e+03
Var    Value     Gradient |Var    Value     Gradient |Var    Value     Gradient
  1 -0.00611  9.86837e+03 |  2 -0.01486 -2.56323e+03 |  3 -0.09634 -5.49242e+01
  4 -0.06873  2.73704e+01 |  5 -0.05042  8.40865e+01 |  6 -0.02709  1.59665e+02
  7 -0.00563  2.45009e+02 |  8  0.01629  3.39582e+02 |  9  0.02385  3.52897e+02
 10  0.02318  3.29904e+02 | 11  0.00569  2.38111e+02 | 12 -0.00218  1.92487e+02
 13 -0.00085  1.80045e+02 | 14 -0.01625  1.02621e+02 | 15 -0.01677  8.60109e+01
 16  0.00870  1.51278e+02 | 17  0.01284  1.41163e+02 | 18  0.01790  7.83726e+01
 19  0.03788  2.62716e+01 | 20 -0.03763 -1.74497e+02 | 21 -0.01913 -1.63440e+02
 22  0.10587  8.46231e+01 | 23  0.03821 -8.19599e+01 | 24 -0.03780 -2.00786e+02
 25  0.04919 -1.23580e+02 | 26 -0.00816 -1.71877e+02 | 27  0.06964 -6.08259e+01
 28  0.00346 -1.38935e+02 | 29 -0.01481 -1.50520e+02 | 30 -0.00872 -1.27310e+02
 31 -0.01031 -1.09981e+02 | 32 -0.01101 -1.04116e+02 | 33  0.00742 -8.58435e+01
 34  0.02174 -8.07111e+01 | 35  0.01478 -9.98982e+01 | 36  0.01599 -9.06514e+01
 37  0.02053 -6.35327e+01 | 38  0.02570 -1.27883e+01 | 39  0.01215  1.49056e+01
 40 -0.01641 -1.83075e+01 | 41 -0.01602 -9.01198e+00 | 42 -0.00138  3.50824e+01
 43  0.01815  8.10769e+01 | 44  0.01626  7.23787e+01 | 45  0.01351  2.94354e+01
 46 -0.00522 -2.71210e+01 | 47 -0.00174 -2.92788e+01 | 48 -0.00009 -1.82002e+01
 49  0.01482  9.44079e+00 | 50  0.00877 -1.25497e+01 | 51 -0.00062 -6.27410e+01
 52 -0.01279 -1.28771e+02 | 53 -0.02155 -1.85635e+02 | 54 -0.02380 -2.19458e+02
 55 -0.07101 -2.49203e+02 | 56 -0.00298 -2.31538e+00 | 57 -0.00012  1.12117e-02
 58  0.00000  0.00000e+00 | 59 -0.79080 -3.24924e+03 | 60  0.07818 -6.65554e+01
60 variables; iteration 40; function evaluation 76; phase 2
Function value 2.6563652e+02; maximum gradient component mag 8.8331e+03
Var    Value     Gradient |Var    Value     Gradient |Var    Value     Gradient
  1 -0.00622  8.83313e+03 |  2 -0.01602 -8.30419e+02 |  3 -0.07134 -1.65921e+01
  4 -0.05226  3.30528e+01 |  5 -0.03844  7.56954e+01 |  6 -0.02513  1.17017e+02
  7 -0.00470  1.98092e+02 |  8  0.00150  2.07564e+02 |  9  0.00793  2.25019e+02
 10  0.00566  2.16165e+02 | 11 -0.01169  1.53833e+02 | 12 -0.00669  1.61617e+02
 13 -0.00988  1.16010e+02 | 14 -0.02505  5.12952e+01 | 15 -0.02854  3.28897e+01
 16  0.01333  1.54505e+02 | 17  0.00824  1.24177e+02 | 18  0.01548  6.45965e+01
 19  0.04867  6.09302e+01 | 20 -0.01598 -1.10879e+02 | 21 -0.00935 -1.07810e+02
 22  0.12465  2.04806e+02 | 23  0.04846 -2.50183e+01 | 24 -0.03277 -1.57363e+02
 25  0.05256 -7.85214e+01 | 26 -0.03733 -1.53522e+02 | 27  0.09735  1.07037e+02
 28 -0.01161 -1.09209e+02 | 29 -0.01162 -1.18639e+02 | 30 -0.00682 -1.14864e+02
 31 -0.00875 -1.09711e+02 | 32  0.00849 -9.09501e+01 | 33 -0.00651 -1.40391e+02
 34  0.01380 -1.44241e+02 | 35  0.01054 -1.49736e+02 | 36  0.00700 -1.45761e+02
 37  0.01562 -1.25122e+02 | 38  0.00972 -1.16636e+02 | 39  0.01928 -6.39503e+01
 40 -0.02136 -9.03657e+01 | 41 -0.01387 -8.03163e+01 | 42 -0.00902 -8.88142e+01
 43 -0.00661 -1.10483e+02 | 44 -0.00631 -9.59047e+01 | 45  0.00728 -7.46447e+01
 46 -0.03098 -1.15855e+02 | 47 -0.02183 -1.14738e+02 | 48 -0.01388 -1.03912e+02
 49  0.00662 -7.55073e+01 | 50  0.00465 -5.12226e+01 | 51  0.01024 -3.70594e+01
 52 -0.01170 -9.69689e+01 | 53  0.01127 -9.94780e+01 | 54 -0.02735 -1.67353e+02
 55  0.00110 -1.47738e+02 | 56  0.06556  5.66636e+01 | 57 -0.00033 -1.47997e-01
 58  0.00000  0.00000e+00 | 59 -0.78644 -1.14495e+03 | 60  0.07831 -7.21075e+01
Maximum number of function evaluations exceeded

 - final statistics:
60 variables; iteration 57; function evaluation 100
Function value 2.5692e+02; maximum gradient component mag 9.6473e+03
Exit code = 3;  converg criter 1.0000e+01
Var    Value     Gradient |Var    Value     Gradient |Var    Value     Gradient
  1 -0.00664  9.64731e+03 |  2 -0.02002 -1.12149e+02 |  3 -0.06470  8.11291e+00
  4 -0.04544  6.16896e+01 |  5 -0.03560  9.34404e+01 |  6 -0.02260  1.36119e+02
  7 -0.01125  1.76634e+02 |  8 -0.00258  1.93154e+02 |  9  0.00456  2.13045e+02
 10 -0.00107  1.94808e+02 | 11 -0.01826  1.41618e+02 | 12 -0.00627  1.80997e+02
 13 -0.00427  1.58636e+02 | 14 -0.02369  7.38031e+01 | 15 -0.02227  6.58516e+01
 16  0.01757  1.79314e+02 | 17  0.01254  1.55233e+02 | 18  0.02176  1.24744e+02
 19  0.05098  1.27710e+02 | 20 -0.00695 -7.25886e+01 | 21 -0.00853 -9.69191e+01
 22  0.12211  1.77375e+02 | 23  0.03828 -3.36295e+01 | 24 -0.02133 -1.27936e+02
 25  0.06151 -2.89474e+01 | 26 -0.03321 -1.40539e+02 | 27  0.09031  3.77001e+01
 28 -0.02170 -1.34696e+02 | 29 -0.00876 -1.19137e+02 | 30 -0.00390 -1.00348e+02
 31  0.00319 -7.81223e+01 | 32  0.00849 -8.86493e+01 | 33 -0.01250 -1.49210e+02
 34  0.02213 -1.36922e+02 | 35  0.01323 -1.42265e+02 | 36  0.00571 -1.45939e+02
 37  0.01767 -1.34398e+02 | 38  0.00179 -1.47453e+02 | 39  0.02174 -1.04582e+02
 40 -0.02428 -1.20583e+02 | 41 -0.01635 -1.11823e+02 | 42 -0.01305 -1.18833e+02
 43  0.00428 -1.22933e+02 | 44 -0.01125 -1.35536e+02 | 45  0.00303 -1.30342e+02
 46 -0.04008 -1.51768e+02 | 47 -0.01973 -1.37930e+02 | 48 -0.01717 -1.34788e+02
 49  0.00185 -1.20153e+02 | 50  0.00070 -9.93563e+01 | 51  0.00266 -9.27262e+01
 52 -0.00871 -1.20607e+02 | 53 -0.00530 -1.37178e+02 | 54 -0.00562 -1.52463e+02
 55 -0.02222 -1.61307e+02 | 56  0.00511  5.15874e+00 | 57  0.00910  6.97569e+00
 58  0.00000  0.00000e+00 | 59 -0.78077 -3.15931e+02 | 60  0.08844  2.97720e+01

Initial statistics: 81 variables; iteration 0; function evaluation 0; phase 3
Function value 2.5643397e+02; maximum gradient component mag 9.6473e+03
Var    Value     Gradient |Var    Value     Gradient |Var    Value     Gradient
  1 -0.00664  9.64731e+03 |  2 -0.02002 -1.12149e+02 |  3 -0.06407  3.67843e+01
  4 -0.04481  9.04389e+01 |  5 -0.03496  1.22218e+02 |  6 -0.02197  1.64923e+02
  7 -0.01062  2.05450e+02 |  8 -0.00195  2.21971e+02 |  9  0.00519  2.41858e+02
 10 -0.00043  2.23625e+02 | 11 -0.01763  1.70428e+02 | 12 -0.00564  2.09814e+02
 13 -0.00364  1.87453e+02 | 14 -0.02306  1.02603e+02 | 15 -0.02163  9.46535e+01
 16  0.01821  2.08113e+02 | 17  0.01317  1.84040e+02 | 18  0.02239  1.53538e+02
 19  0.05162  1.56422e+02 | 20 -0.00632 -4.37745e+01 | 21 -0.00790 -6.81062e+01
 22  0.12276  2.05623e+02 | 23  0.03892 -4.86499e+00 | 24 -0.02070 -9.91390e+01
 25  0.06215 -2.65439e-01 | 26 -0.03258 -1.11767e+02 | 27  0.09095  6.62175e+01
 28 -0.02107 -1.05900e+02 | 29 -0.00813 -9.03241e+01 | 30 -0.00327 -7.15331e+01
 31  0.00382 -4.93061e+01 | 32  0.00913 -5.98348e+01 | 33 -0.01187 -1.20401e+02
 34  0.02276 -1.08119e+02 | 35  0.01386 -1.13453e+02 | 36  0.00635 -1.17123e+02
 37  0.01830 -1.05590e+02 | 38  0.00242 -1.18636e+02 | 39  0.02237 -7.57798e+01
 40 -0.02365 -9.17910e+01 | 41 -0.01572 -8.30183e+01 | 42 -0.01242 -9.00249e+01
 43  0.00491 -9.41165e+01 | 44 -0.01062 -1.06726e+02 | 45  0.00366 -1.01526e+02
 46 -0.03944 -1.23016e+02 | 47 -0.01909 -1.09131e+02 | 48 -0.01654 -1.05985e+02
 49  0.00248 -9.13366e+01 | 50  0.00133 -7.05398e+01 | 51  0.00329 -6.39099e+01
 52 -0.00808 -9.17946e+01 | 53 -0.00466 -1.08364e+02 | 54 -0.00499 -1.23649e+02
 55 -0.02158 -1.32513e+02 | 56  0.00511  5.15874e+00 | 57  0.00910  6.97569e+00
 58  0.00000  0.00000e+00 | 59 -0.78077 -3.15931e+02 | 60  0.20375  1.25805e+03
 61  0.10430  1.90536e+03 | 62  0.18961 -1.33364e+03 | 63  0.00000  2.25105e-11
 64  0.06326  2.88629e+02 | 65  0.17418  3.26857e+02 | 66  0.07530  4.41307e+01
 67  0.16633 -5.56340e+02 | 68  0.00000  4.39836e-04 | 69 -0.17934  1.77883e+00
 70  0.14683  3.35699e+02 | 71  0.07387  6.45122e+01 | 72  0.12880 -4.90947e+02
 73  0.00000  2.19212e-28 | 74  0.03253  1.84474e+02 | 75 -0.06289  2.14906e+02
 76 -0.23700  6.81154e-03 | 77  0.10401 -1.84135e+02 | 78  0.70672  3.33431e+01
 79 -0.14795  9.49662e+01 | 80  0.08844  2.97720e+01 | 81 -0.65136  7.06781e+00

Intermediate statistics: 81 variables; iteration 20; function evaluation 32; phase 3
Function value 2.4290552e+02; maximum gradient component mag 1.2894e+04
Var    Value     Gradient |Var    Value     Gradient |Var    Value     Gradient
  1 -0.00348  1.28942e+04 |  2 -0.01436 -7.75837e+01 |  3 -0.04876  8.09162e+01
  4 -0.03376  1.48830e+02 |  5 -0.02878  1.82142e+02 |  6 -0.02287  2.18779e+02
  7 -0.01853  2.52562e+02 |  8 -0.01459  2.73015e+02 |  9 -0.01092  2.98443e+02
 10 -0.01471  2.94804e+02 | 11 -0.03120  2.19924e+02 | 12 -0.02176  2.40513e+02
 13 -0.01618  2.19543e+02 | 14 -0.02981  1.35755e+02 | 15 -0.02545  1.38279e+02
 16  0.01695  2.99312e+02 | 17  0.01419  2.58420e+02 | 18  0.01506  1.67823e+02
 19  0.04448  1.70850e+02 | 20  0.00625 -3.31416e+01 | 21  0.00820 -7.24459e+01
 22  0.11549  1.95591e+02 | 23  0.03813 -2.75218e+01 | 24  0.00665 -8.83925e+01
 25  0.06135  5.66024e+00 | 26 -0.00779 -1.18227e+02 | 27  0.07771  5.15936e+01
 28  0.00135 -9.55143e+01 | 29  0.00047 -8.72149e+01 | 30 -0.00194 -8.14123e+01
 31 -0.00492 -8.24699e+01 | 32 -0.00171 -8.74461e+01 | 33  0.00057 -1.14166e+02
 34  0.02074 -1.08128e+02 | 35  0.01598 -1.24993e+02 | 36  0.01368 -1.31738e+02
 37  0.01844 -1.26795e+02 | 38  0.01903 -1.26650e+02 | 39  0.01469 -1.11978e+02
 40 -0.02355 -1.35141e+02 | 41 -0.02199 -1.36264e+02 | 42 -0.01580 -1.37416e+02
 43  0.00294 -1.31320e+02 | 44 -0.00693 -1.35563e+02 | 45  0.00314 -1.32422e+02
 46 -0.02763 -1.51634e+02 | 47 -0.02072 -1.53490e+02 | 48 -0.01684 -1.52745e+02
 49  0.00314 -1.44842e+02 | 50 -0.00700 -1.45644e+02 | 51 -0.00934 -1.48128e+02
 52 -0.01004 -1.55763e+02 | 53 -0.00738 -1.64533e+02 | 54 -0.00597 -1.73076e+02
 55 -0.01393 -1.77776e+02 | 56 -0.00731 -3.85800e+00 | 57 -0.00165 -1.15512e+00
 58  0.00000  0.00000e+00 | 59 -0.79455 -3.41086e+02 | 60  0.17843  6.41989e+02
 61  0.11223  5.88644e+02 | 62  0.18447 -1.10823e+03 | 63 -0.00000 -1.27042e-16
 64  0.05556  3.07309e+02 | 65  0.17757  3.16377e+02 | 66  0.07343  9.06798e+01
 67  0.17429 -4.04267e+02 | 68  0.00000  1.20326e-08 | 69 -0.18642  5.42823e+00
 70  0.12302  1.27314e+02 | 71  0.08663  5.12442e-01 | 72  0.12252 -2.33308e+02
 73  0.00000  1.37011e-29 | 74  0.02593  9.32295e+01 | 75 -0.06754  1.95855e+02
 76 -0.23700  5.11662e-03 | 77  0.09918 -2.00318e+02 | 78  0.71174  2.40036e+01
 79 -0.15577  6.57984e+01 | 80  0.08308  2.05898e+01 | 81 -0.67103 -5.97907e+00
81 variables; iteration 40; function evaluation 58; phase 3
Function value 2.3828317e+02; maximum gradient component mag 1.6829e+04
Var    Value     Gradient |Var    Value     Gradient |Var    Value     Gradient
  1 -0.00334  1.68294e+04 |  2 -0.01252  2.85453e+02 |  3 -0.04768  1.01685e+02
  4 -0.03299  1.84951e+02 |  5 -0.02974  2.15035e+02 |  6 -0.02298  2.64083e+02
  7 -0.01816  3.08253e+02 |  8 -0.01578  3.24434e+02 |  9 -0.00968  3.76220e+02
 10 -0.01509  3.61289e+02 | 11 -0.03232  2.63551e+02 | 12 -0.02092  3.01167e+02
 13 -0.01568  2.78080e+02 | 14 -0.02882  1.79570e+02 | 15 -0.02413  1.85469e+02
 16  0.01819  3.91598e+02 | 17  0.01424  3.29533e+02 | 18  0.01490  2.12255e+02
 19  0.04448  2.20601e+02 | 20  0.00693 -2.97989e+01 | 21  0.00652 -8.63305e+01
 22  0.11567  2.51438e+02 | 23  0.03901 -3.17753e+01 | 24  0.00418 -1.09437e+02
 25  0.06361  1.94339e+01 | 26 -0.01266 -1.49670e+02 | 27  0.07942  7.93806e+01
 28  0.00079 -1.11523e+02 | 29  0.00252 -9.65691e+01 | 30 -0.00295 -9.18201e+01
 31 -0.00428 -8.60637e+01 | 32  0.00237 -7.79408e+01 | 33 -0.00065 -1.22890e+02
 34  0.02183 -1.21407e+02 | 35  0.01438 -1.51518e+02 | 36  0.01475 -1.55020e+02
 37  0.01898 -1.49480e+02 | 38  0.01969 -1.51814e+02 | 39  0.01473 -1.42018e+02
 40 -0.02462 -1.73063e+02 | 41 -0.02217 -1.71000e+02 | 42 -0.01313 -1.65599e+02
 43  0.00116 -1.66545e+02 | 44 -0.00703 -1.75368e+02 | 45  0.00151 -1.75163e+02
 46 -0.02685 -1.90498e+02 | 47 -0.02074 -1.91123e+02 | 48 -0.01579 -1.90622e+02
 49 -0.00018 -1.91394e+02 | 50 -0.00792 -1.91581e+02 | 51 -0.00780 -1.90096e+02
 52 -0.01077 -2.00888e+02 | 53 -0.01254 -2.12772e+02 | 54 -0.00275 -2.11733e+02
 55 -0.01277 -2.18841e+02 | 56 -0.00342  1.08052e+00 | 57  0.00157  1.37208e+00
 58  0.00000  0.00000e+00 | 59 -0.79638  3.02284e+01 | 60  0.18098  5.23024e+02
 61  0.11134  4.65820e+02 | 62  0.19089 -8.09613e+02 | 63 -0.00000 -1.27368e-14
 64  0.05309  3.45204e+02 | 65  0.17217  6.73470e+02 | 66  0.07756  7.38750e+02
 67  0.17569 -1.73184e+02 | 68  0.00026  1.28218e-06 | 69 -0.19693  3.81405e+01
 70  0.12330  8.06777e+01 | 71  0.08918  2.75369e+01 | 72  0.12610 -1.12561e+02
 73  0.00000  7.20389e-29 | 74  0.02296  7.07219e+01 | 75 -0.07219  7.93919e+01
 76 -0.23697  3.15172e-03 | 77  0.10296 -5.43988e+01 | 78  0.72234  1.72536e+01
 79 -0.15859  5.81002e+01 | 80  0.08484  2.88279e+01 | 81 -0.66469 -2.04265e+00
81 variables; iteration 60; function evaluation 86; phase 3
Function value 2.3714247e+02; maximum gradient component mag 1.0141e+04
Var    Value     Gradient |Var    Value     Gradient |Var    Value     Gradient
  1 -0.00335  1.01413e+04 |  2 -0.00950  6.26894e+01 |  3 -0.04769  4.54848e+01
  4 -0.03128  1.01508e+02 |  5 -0.02755  1.21275e+02 |  6 -0.02244  1.45536e+02
  7 -0.01871  1.68558e+02 |  8 -0.01522  1.80603e+02 |  9 -0.00918  2.10318e+02
 10 -0.01359  2.02379e+02 | 11 -0.03153  1.42683e+02 | 12 -0.02324  1.59312e+02
 13 -0.01421  1.62519e+02 | 14 -0.02875  9.73101e+01 | 15 -0.02630  9.41672e+01
 16  0.01735  2.26772e+02 | 17  0.01255  1.89689e+02 | 18  0.01568  1.35960e+02
 19  0.04467  1.44097e+02 | 20  0.00599 -2.34970e+01 | 21  0.00749 -5.33800e+01
 22  0.11621  1.81153e+02 | 23  0.03858 -1.36492e+01 | 24  0.00497 -6.97281e+01
 25  0.06101  1.82458e+01 | 26 -0.00985 -8.92558e+01 | 27  0.08067  8.48731e+01
 28  0.00134 -6.25430e+01 | 29  0.00145 -5.12043e+01 | 30 -0.00050 -4.12484e+01
 31 -0.00469 -3.94079e+01 | 32  0.00213 -2.81232e+01 | 33 -0.00040 -5.93403e+01
 34  0.02446 -4.79367e+01 | 35  0.01774 -7.44792e+01 | 36  0.01362 -8.66437e+01
 37  0.02101 -8.10566e+01 | 38  0.01654 -9.09586e+01 | 39  0.01724 -7.27933e+01
 40 -0.02387 -9.94507e+01 | 41 -0.02202 -1.00487e+02 | 42 -0.01789 -1.03959e+02
 43  0.00229 -9.83183e+01 | 44 -0.00799 -1.05385e+02 | 45  0.00395 -1.00063e+02
 46 -0.03052 -1.17684e+02 | 47 -0.01917 -1.11725e+02 | 48 -0.01858 -1.16436e+02
 49  0.00244 -1.13907e+02 | 50 -0.00886 -1.18729e+02 | 51 -0.01256 -1.20973e+02
 52 -0.01183 -1.22602e+02 | 53 -0.00402 -1.20813e+02 | 54 -0.00840 -1.32632e+02
 55 -0.01742 -1.38317e+02 | 56 -0.00683 -8.44199e-01 | 57 -0.00040 -6.37134e-02
 58  0.00000  0.00000e+00 | 59 -0.79790 -1.24626e+02 | 60  0.18075  3.10942e+02
 61  0.11152  3.09877e+02 | 62  0.19350 -4.07460e+02 | 63 -0.00000 -2.13357e-13
 64  0.05254  2.09727e+02 | 65  0.17384 -5.96913e+02 | 66  0.07544 -8.13943e+02
 67  0.17899 -1.06601e+02 | 68  0.00025  1.93215e+00 | 69 -0.20159  8.27581e+00
 70  0.12605  6.55863e+01 | 71  0.08831  8.15387e+01 | 72  0.12972 -1.93747e+01
 73  0.00000  1.50397e-28 | 74  0.02068  4.13548e+01 | 75 -0.07456 -3.20660e+00
 76 -0.23706  4.43434e-04 | 77  0.10417  2.21167e+01 | 78  0.71884  3.45699e+00
 79 -0.16002  3.09578e+01 | 80  0.08400  1.75793e+01 | 81 -0.66515  1.94353e-02
Maximum number of function evaluations exceeded

 - final statistics:
81 variables; iteration 72; function evaluation 100
Function value 2.3705e+02; maximum gradient component mag 9.1009e+03
Exit code = 3;  converg criter 1.0000e+00
Var    Value     Gradient |Var    Value     Gradient |Var    Value     Gradient
  1 -0.00331  9.10089e+03 |  2 -0.00993  2.51236e+01 |  3 -0.04797  3.70262e+01
  4 -0.03127  8.81881e+01 |  5 -0.02843  1.02809e+02 |  6 -0.02234  1.28194e+02
  7 -0.01859  1.48951e+02 |  8 -0.01479  1.60101e+02 |  9 -0.00924  1.84249e+02
 10 -0.01352  1.76318e+02 | 11 -0.03112  1.24563e+02 | 12 -0.02277  1.41137e+02
 13 -0.01453  1.41413e+02 | 14 -0.02831  8.57131e+01 | 15 -0.02642  8.09776e+01
 16  0.01722  2.00165e+02 | 17  0.01265  1.68710e+02 | 18  0.01505  1.19916e+02
 19  0.04474  1.31454e+02 | 20  0.00529 -2.32803e+01 | 21  0.00793 -4.80650e+01
 22  0.11628  1.69147e+02 | 23  0.03751 -1.28655e+01 | 24  0.00458 -6.40881e+01
 25  0.06196  2.23511e+01 | 26 -0.01010 -8.05371e+01 | 27  0.08049  8.37758e+01
 28  0.00159 -5.50776e+01 | 29  0.00189 -4.33611e+01 | 30 -0.00069 -3.42905e+01
 31 -0.00419 -3.08426e+01 | 32  0.00181 -2.18997e+01 | 33 -0.00045 -5.16111e+01
 34  0.02464 -3.96240e+01 | 35  0.01680 -6.58585e+01 | 36  0.01464 -7.47032e+01
 37  0.02091 -7.12501e+01 | 38  0.01546 -8.34008e+01 | 39  0.01696 -6.47556e+01
 40 -0.02340 -8.79647e+01 | 41 -0.02229 -8.93632e+01 | 42 -0.01802 -9.24820e+01
 43  0.00260 -8.67680e+01 | 44 -0.00810 -9.45921e+01 | 45  0.00308 -9.01936e+01
 46 -0.02942 -1.03943e+02 | 47 -0.01884 -9.87067e+01 | 48 -0.02010 -1.05200e+02
 49  0.00445 -9.86107e+01 | 50 -0.01112 -1.07587e+02 | 51 -0.01101 -1.05537e+02
 52 -0.01117 -1.08027e+02 | 53 -0.00479 -1.08170e+02 | 54 -0.00845 -1.19195e+02
 55 -0.01584 -1.23439e+02 | 56 -0.00743 -1.23796e+00 | 57 -0.00130 -7.41941e-01
 58  0.00000  0.00000e+00 | 59 -0.79774 -1.49785e+02 | 60  0.18051  2.76465e+02
 61  0.11162  2.76165e+02 | 62  0.19377 -3.49267e+02 | 63 -0.00000 -2.42335e-13
 64  0.05219  1.87912e+02 | 65  0.17342 -5.13206e+02 | 66  0.07575 -7.22706e+02
 67  0.17915 -1.01745e+02 | 68 -0.02291  1.16478e+00 | 69 -0.20138  4.51960e+00
 70  0.12618  3.65984e+01 | 71  0.08785  3.25516e+01 | 72  0.12976 -1.59833e+01
 73  0.00000  7.37723e-29 | 74  0.02051  3.80163e+01 | 75 -0.07451 -6.01407e+00
 76 -0.23707  3.78084e-04 | 77  0.10428  2.52355e+01 | 78  0.71899  3.06553e+00
 79 -0.16009  2.88467e+01 | 80  0.08386  1.62165e+01 | 81 -0.66548 -1.79933e-02

Initial statistics: 91 variables; iteration 0; function evaluation 0; phase 4
Function value 2.3704536e+02; maximum gradient component mag 9.1009e+03
Var    Value     Gradient |Var    Value     Gradient |Var    Value     Gradient
  1 -0.00331  9.10089e+03 |  2 -0.00993  2.51236e+01 |  3  0.00000  1.26368e+02
  4  0.00000  1.44241e+02 |  5  0.00000  1.54951e+02 |  6  0.00000  1.66826e+02
  7  0.00000  1.86702e+02 |  8  0.00000  2.05061e+02 |  9  0.00000  2.24523e+02
 10  0.00000  2.54432e+02 | 11  0.00000  2.80717e+02 | 12  0.00000  3.09862e+02
 13 -0.04798  3.67572e+01 | 14 -0.03128  8.79187e+01 | 15 -0.02844  1.02540e+02
 16 -0.02235  1.27924e+02 | 17 -0.01860  1.48681e+02 | 18 -0.01480  1.59831e+02
 19 -0.00925  1.83980e+02 | 20 -0.01352  1.76049e+02 | 21 -0.03112  1.24293e+02
 22 -0.02277  1.40867e+02 | 23 -0.01454  1.41143e+02 | 24 -0.02832  8.54436e+01
 25 -0.02643  8.07080e+01 | 26  0.01722  1.99895e+02 | 27  0.01264  1.68440e+02
 28  0.01505  1.19647e+02 | 29  0.04474  1.31186e+02 | 30  0.00528 -2.35501e+01
 31  0.00792 -4.83347e+01 | 32  0.11627  1.68882e+02 | 33  0.03751 -1.31348e+01
 34  0.00457 -6.43579e+01 | 35  0.06195  2.20827e+01 | 36 -0.01011 -8.08068e+01
 37  0.08048  8.35083e+01 | 38  0.00159 -5.53473e+01 | 39  0.00188 -4.36309e+01
 40 -0.00069 -3.45603e+01 | 41 -0.00420 -3.11123e+01 | 42  0.00180 -2.21695e+01
 43 -0.00046 -5.18808e+01 | 44  0.02464 -3.98936e+01 | 45  0.01680 -6.61282e+01
 46  0.01464 -7.49729e+01 | 47  0.02090 -7.15197e+01 | 48  0.01545 -8.36705e+01
 49  0.01696 -6.50252e+01 | 50 -0.02341 -8.82342e+01 | 51 -0.02229 -8.96327e+01
 52 -0.01803 -9.27516e+01 | 53  0.00259 -8.70377e+01 | 54 -0.00811 -9.48618e+01
 55  0.00307 -9.04633e+01 | 56 -0.02942 -1.04212e+02 | 57 -0.01885 -9.89763e+01
 58 -0.02011 -1.05470e+02 | 59  0.00444 -9.88804e+01 | 60 -0.01112 -1.07857e+02
 61 -0.01102 -1.05807e+02 | 62 -0.01118 -1.08297e+02 | 63 -0.00480 -1.08440e+02
 64 -0.00845 -1.19465e+02 | 65 -0.01585 -1.23709e+02 | 66 -0.00743 -1.23796e+00
 67 -0.00130 -7.41941e-01 | 68  0.00000  0.00000e+00 | 69 -0.79774 -1.49785e+02
 70  0.18051  2.76465e+02 | 71  0.11162  2.76165e+02 | 72  0.19377 -3.49267e+02
 73 -0.00000 -2.42335e-13 | 74  0.05219  1.87912e+02 | 75  0.17342 -5.13206e+02
 76  0.07575 -7.22706e+02 | 77  0.17915 -1.01745e+02 | 78 -0.02291  1.16478e+00
 79 -0.20138  4.51960e+00 | 80  0.12618  3.65984e+01 | 81  0.08785  3.25516e+01
 82  0.12976 -1.59833e+01 | 83  0.00000  7.37723e-29 | 84  0.02051  3.80163e+01
 85 -0.07451 -6.01407e+00 | 86 -0.23707  3.78084e-04 | 87  0.10428  2.52355e+01
 88  0.71899  3.06553e+00 | 89 -0.16009  2.88467e+01 | 90  0.08386  1.62165e+01
 91 -0.66548 -1.79933e-02 |

Intermediate statistics: 91 variables; iteration 20; function evaluation 34; phase 4
Function value 2.2938249e+02; maximum gradient component mag 1.9322e+03
Var    Value     Gradient |Var    Value     Gradient |Var    Value     Gradient
  1 -0.00132  1.93223e+03 |  2 -0.01624  1.45857e+02 |  3 -0.02796  1.74197e+01
  4 -0.02815  2.02713e+01 |  5 -0.02282  2.32598e+01 |  6 -0.01870  2.59899e+01
  7 -0.02014  2.84236e+01 |  8 -0.01598  3.18782e+01 |  9 -0.00784  3.63160e+01
 10 -0.00948  3.94711e+01 | 11 -0.00667  4.30897e+01 | 12 -0.01321  4.32818e+01
 13 -0.03228  2.81514e+00 | 14 -0.02412  6.16847e+00 | 15 -0.02353  5.95816e+00
 16 -0.01965  7.76631e+00 | 17 -0.01317  1.10486e+01 | 18 -0.00339  1.37785e+01
 19 -0.00167  1.42464e+01 | 20 -0.00001  1.20999e+01 | 21 -0.01864  3.49583e+00
 22 -0.01930  3.70130e+00 | 23 -0.01077  5.22186e+00 | 24 -0.02357 -2.05478e+00
 25 -0.02335 -6.88899e+00 | 26  0.01474 -1.17881e+00 | 27  0.01307 -4.21611e+00
 28  0.00807 -6.31896e+00 | 29  0.02871 -8.75814e-01 | 30  0.01248 -9.60376e+00
 31  0.02017 -1.03508e+01 | 32  0.09180  1.61275e+01 | 33  0.03345 -7.20712e+00
 34  0.02091 -9.81938e+00 | 35  0.04748  1.22178e+01 | 36  0.00692 -2.31171e+00
 37  0.06751  5.11810e+01 | 38  0.01535  1.18653e+01 | 39 -0.00034  9.55433e+00
 40 -0.00477  1.06373e+01 | 41 -0.00944  1.39086e+01 | 42 -0.00385  2.39126e+01
 43  0.00395  2.17564e+01 | 44  0.01883  1.99215e+01 | 45  0.01310  1.66934e+00
 46  0.00921 -7.26640e+00 | 47  0.00979 -8.55605e+00 | 48  0.01801 -5.99627e+00
 49  0.00973  6.50326e-01 | 50 -0.02492 -7.02150e+00 | 51 -0.02487 -7.43190e+00
 52 -0.01904 -7.58768e+00 | 53 -0.00034 -5.26032e+00 | 54 -0.00832 -8.67692e+00
 55 -0.00072 -9.82343e+00 | 56 -0.03217 -1.65793e+01 | 57 -0.02643 -1.63858e+01
 58 -0.02113 -1.54338e+01 | 59  0.00074 -1.21653e+01 | 60 -0.01116 -1.46956e+01
 61 -0.01409 -1.54639e+01 | 62 -0.01367 -1.73227e+01 | 63 -0.01035 -1.86687e+01
 64 -0.00844 -2.11578e+01 | 65 -0.01650 -2.32395e+01 | 66 -0.00585  1.27410e-01
 67 -0.00038 -8.09053e-02 | 68  0.00000  0.00000e+00 | 69 -0.79616  1.43592e+02
 70  0.15973  2.20538e+02 | 71  0.11843  5.70105e+02 | 72  0.18754 -1.26146e+02
 73  0.00000  3.22671e-09 | 74  0.04255  3.43909e+01 | 75  0.16981  6.37640e+02
 76  0.07875  8.90499e+02 | 77  0.17936  1.03770e+02 | 78 -0.02406  3.31904e-04
 79 -0.20767  1.49082e+01 | 80  0.12396  7.37733e+00 | 81  0.08845  6.21546e+00
 82  0.12836 -4.02499e+00 | 83 -0.00000  2.08843e-29 | 84  0.01967  1.04084e+01
 85 -0.07706 -3.54041e+01 | 86 -0.23707 -8.91457e-04 | 87  0.10324  4.13763e+01
 88  0.72495 -5.87702e+00 | 89 -0.16924 -1.22836e+00 | 90  0.07908 -1.56638e+01
 91 -0.67112  3.53602e+00 |
91 variables; iteration 40; function evaluation 60; phase 4
Function value 2.2854934e+02; maximum gradient component mag 8.7190e+02
Var    Value     Gradient |Var    Value     Gradient |Var    Value     Gradient
  1 -0.00103  4.63157e+02 |  2 -0.01663  1.72062e+02 |  3 -0.02948 -2.00128e+00
  4 -0.03087 -3.57414e+00 |  5 -0.02511 -4.67873e+00 |  6 -0.02083 -5.81722e+00
  7 -0.02326 -6.44545e+00 |  8 -0.01891 -7.26428e+00 |  9 -0.00948 -8.74892e+00
 10 -0.01286 -9.53653e+00 | 11 -0.00945 -1.05328e+01 | 12 -0.01730 -8.31216e+00
 13 -0.02889 -1.05562e+01 | 14 -0.02157 -9.05591e+00 | 15 -0.02134 -9.44553e+00
 16 -0.01951 -1.18602e+01 | 17 -0.01494 -1.48560e+01 | 18 -0.00426 -1.56419e+01
 19 -0.00062 -1.04956e+01 | 20  0.00388 -7.63723e+00 | 21 -0.01540 -6.67018e+00
 22 -0.01929 -8.62289e+00 | 23 -0.01139 -9.85392e+00 | 24 -0.02187 -6.70858e+00
 25 -0.02126 -4.97276e+00 | 26  0.01721 -3.54436e+00 | 27  0.01370 -6.15271e+00
 28  0.00831 -5.79314e+00 | 29  0.02916 -1.47510e+00 | 30  0.01290 -2.23819e+00
 31  0.02198 -9.46037e-01 | 32  0.08888  1.07538e+01 | 33  0.03565  3.92732e+00
 34  0.02144 -9.58632e-02 | 35  0.04458  8.86371e+00 | 36  0.00927  1.92430e+00
 37  0.06073  2.26518e+01 | 38  0.01951  1.11243e+01 | 39 -0.00249  9.36449e+00
 40 -0.00658  1.04496e+01 | 41 -0.01005  1.36838e+01 | 42 -0.00626  1.62824e+01
 43  0.00498  1.40608e+01 | 44  0.01568  9.41553e+00 | 45  0.01245  2.97661e+00
 46  0.00783 -2.76096e-01 | 47  0.00884  1.32317e+00 | 48  0.01894  1.82335e+00
 49  0.00747  2.35827e+00 | 50 -0.02649 -1.14505e+00 | 51 -0.02628 -5.46173e-01
 52 -0.01935  1.18392e+00 | 53 -0.00066  1.94539e+00 | 54 -0.00919 -3.34980e-01
 55 -0.00211 -5.11645e-01 | 56 -0.03182 -3.24547e-01 | 57 -0.02566  1.47365e+00
 58 -0.02018  2.05706e+00 | 59 -0.00013  9.69293e-01 | 60 -0.01250 -1.67712e+00
 61 -0.01461 -5.71773e-01 | 62 -0.01377  3.18358e-01 | 63 -0.01008  1.51262e+00
 64 -0.00787  1.10452e-01 | 65 -0.01666 -2.72814e+00 | 66 -0.00618 -4.24364e-01
 67 -0.00042 -1.13122e-01 | 68  0.00000  0.00000e+00 | 69 -0.79401  2.11116e+02
 70  0.15223  5.92443e+01 | 71  0.12058  1.91636e+02 | 72  0.18682  2.20359e+01
 73  0.00041  2.03804e-06 | 74  0.04323  1.30010e+01 | 75  0.17132  6.45035e+02
 76  0.07729  8.71903e+02 | 77  0.17715  8.28412e+01 | 78 -0.21962 -1.12893e-03
 79 -0.20560  1.79586e+01 | 80  0.12216  2.63046e+00 | 81  0.08941  4.98973e+00
 82  0.12714 -5.03862e+00 | 83 -0.00000  1.58314e-29 | 84  0.01962  4.25968e+00
 85 -0.08005 -7.97558e+00 | 86 -0.23732 -2.28206e-04 | 87  0.09942  1.90925e-01
 88  0.73442 -1.59338e+00 | 89 -0.17010  1.50881e+00 | 90  0.08020 -2.59173e+00
 91 -0.67011  1.12159e+00 |
91 variables; iteration 60; function evaluation 87; phase 4
Function value 2.2821838e+02; maximum gradient component mag 4.9583e+03
Var    Value     Gradient |Var    Value     Gradient |Var    Value     Gradient
  1 -0.00112  3.13659e+01 |  2 -0.01604  3.55345e+01 |  3 -0.03089 -5.56887e+00
  4 -0.03155 -6.83484e+00 |  5 -0.02571 -8.42512e+00 |  6 -0.02099 -9.71885e+00
  7 -0.02337 -1.05841e+01 |  8 -0.01930 -1.22667e+01 |  9 -0.01019 -1.47635e+01
 10 -0.01165 -1.39933e+01 | 11 -0.00918 -1.59398e+01 | 12 -0.01517 -1.17617e+01
 13 -0.03056 -1.42269e+01 | 14 -0.02178 -1.15480e+01 | 15 -0.02041 -9.80998e+00
 16 -0.01844 -1.04626e+01 | 17 -0.01089 -1.10891e+01 | 18 -0.00519 -1.60062e+01
 19  0.00251 -9.27219e+00 | 20  0.00403 -9.29846e+00 | 21 -0.01722 -9.10422e+00
 22 -0.01678 -5.40276e+00 | 23 -0.00859 -4.00437e+00 | 24 -0.02321 -3.51589e+00
 25 -0.02152  9.33399e-01 | 26  0.02215  8.86657e+00 | 27  0.01224 -2.78350e+00
 28  0.00428 -6.46741e+00 | 29  0.03245  4.74172e+00 | 30  0.01068 -4.36938e-01
 31  0.02056 -4.71809e-01 | 32  0.08871  9.23689e+00 | 33  0.03126  2.66529e+00
 34  0.02290  2.97282e+00 | 35  0.04476  1.09159e+01 | 36  0.01560  3.71576e+00
 37  0.05278  4.76054e+00 | 38  0.02188  5.86138e+00 | 39 -0.00097  8.54359e+00
 40 -0.00679  8.11358e+00 | 41 -0.01211  6.88940e+00 | 42 -0.00862  5.48157e+00
 43  0.00466  4.59624e+00 | 44  0.01516  4.91007e+00 | 45  0.01258  5.04415e+00
 46  0.00886  4.35586e+00 | 47  0.00822  3.75965e+00 | 48  0.01808  3.02343e+00
 49  0.00818  5.01637e+00 | 50 -0.02529  2.45958e+00 | 51 -0.02621  1.34970e+00
 52 -0.01981  1.58668e+00 | 53 -0.00105  2.56038e+00 | 54 -0.00854  2.84703e+00
 55 -0.00162  3.10166e+00 | 56 -0.03151  1.76527e+00 | 57 -0.02729  1.32367e-02
 58 -0.02173 -5.10862e-01 | 59 -0.00041 -6.31471e-02 | 60 -0.01107 -1.01466e-02
 61 -0.01548 -1.30666e+00 | 62 -0.01463 -8.19410e-01 | 63 -0.01066  1.01585e+00
 64 -0.00785  1.21191e+00 | 65 -0.01582 -1.05770e-01 | 66 -0.00541  2.23384e-01
 67 -0.00023  2.69432e-02 | 68  0.00000  0.00000e+00 | 69 -0.79482  5.41126e+01
 70  0.14254 -2.75409e+00 | 71  0.12338  2.57508e+01 | 72  0.18452  6.21202e+01
 73  0.00097  4.80126e-06 | 74  0.03779 -1.01330e+00 | 75  0.16996  3.80683e+03
 76  0.07840  4.95833e+03 | 77  0.17646  4.04800e+00 | 78 -0.22486  6.18947e-01
 79 -0.20713  4.33578e+00 | 80  0.12402  2.36873e+00 | 81  0.08765  1.34888e+00
 82  0.12811 -2.37123e+00 | 83 -0.00000  7.40866e-30 | 84  0.01755 -6.46463e+00
 85 -0.07794  9.75405e+00 | 86 -0.23777  4.17667e-04 | 87  0.10054 -1.02166e+01
 88  0.73306  1.65936e-01 | 89 -0.17293 -8.37575e-02 | 90  0.07973 -2.05197e+00
 91 -0.66999  1.74417e+00 |
91 variables; iteration 80; function evaluation 117; phase 4
Function value 2.2788399e+02; maximum gradient component mag 2.6595e+03
Var    Value     Gradient |Var    Value     Gradient |Var    Value     Gradient
  1 -0.00154 -2.31049e+03 |  2 -0.01775 -5.32906e+01 |  3 -0.03084 -2.98148e+01
  4 -0.02841 -3.29624e+01 |  5 -0.02321 -4.11248e+01 |  6 -0.01949 -4.84938e+01
  7 -0.02160 -5.16070e+01 |  8 -0.01546 -5.82163e+01 |  9 -0.00850 -6.99029e+01
 10 -0.01292 -7.16991e+01 | 11 -0.00823 -7.91311e+01 | 12 -0.01184 -7.31122e+01
 13 -0.03427 -3.73601e+01 | 14 -0.01954 -3.68853e+01 | 15 -0.01875 -3.25042e+01
 16 -0.01604 -2.95734e+01 | 17 -0.01429 -3.16697e+01 | 18  0.00440 -3.70956e+01
 19  0.00382 -3.87066e+01 | 20  0.00053 -4.67509e+01 | 21 -0.01466 -3.37440e+01
 22 -0.01522 -2.60843e+01 | 23 -0.00769 -2.79396e+01 | 24 -0.02338 -2.21234e+01
 25 -0.02158 -2.21088e+01 | 26  0.02000 -4.33850e+01 | 27  0.01039 -3.72124e+01
 28  0.01102 -2.07149e+01 | 29  0.02782 -1.71289e+01 | 30  0.01150 -3.40719e+00
 31  0.02301 -1.76328e-01 | 32  0.08586 -1.98516e+01 | 33  0.03203  1.49889e+00
 34  0.02429  3.61632e+00 | 35  0.03993  7.28393e-01 | 36  0.01598  7.75854e+00
 37  0.05564 -8.09973e+00 | 38  0.01796 -3.24890e-01 | 39 -0.00176  8.32015e+00
 40 -0.00607  9.10672e+00 | 41 -0.01317  8.66602e+00 | 42 -0.00912  9.15214e+00
 43  0.00395  9.75001e+00 | 44  0.01764  1.35222e+01 | 45  0.00916  1.41967e+01
 46  0.00853  1.94610e+01 | 47  0.00855  2.22174e+01 | 48  0.01852  2.01418e+01
 49  0.00737  2.12698e+01 | 50 -0.02572  2.31247e+01 | 51 -0.02473  2.51149e+01
 52 -0.01982  2.45660e+01 | 53 -0.00010  2.49985e+01 | 54 -0.00940  2.42092e+01
 55 -0.00025  2.56891e+01 | 56 -0.03420  2.39268e+01 | 57 -0.02603  2.68365e+01
 58 -0.02099  2.57593e+01 | 59 -0.00059  2.42299e+01 | 60 -0.01146  2.52024e+01
 61 -0.01399  2.63591e+01 | 62 -0.01331  2.62659e+01 | 63 -0.01216  2.42072e+01
 64 -0.01071  2.36528e+01 | 65 -0.01865  2.57871e+01 | 66 -0.00489  6.24584e-01
 67 -0.00024 -4.96996e-03 | 68  0.00000  0.00000e+00 | 69 -0.79298  6.96746e+00
 70  0.13043 -3.44427e+01 | 71  0.12666  1.42859e+00 | 72  0.18023  8.14045e+01
 73  0.00245  1.21115e-05 | 74  0.03747 -2.71361e+01 | 75  0.16928  2.01119e+03
 76  0.07891  2.65951e+03 | 77  0.17748  2.91777e+01 | 78 -0.24972  2.21897e-01
 79 -0.21340 -4.88544e+00 | 80  0.12289 -3.17279e+00 | 81  0.08658  1.34649e-01
 82  0.12801  5.37318e+00 | 83 -0.00000  1.73947e-30 | 84  0.01784 -6.05586e+00
 85 -0.07964 -3.65687e+00 | 86 -0.23902  8.00750e-05 | 87  0.10012  2.62389e+00
 88  0.73560 -1.91992e-01 | 89 -0.17169 -5.24845e-01 | 90  0.07784 -4.16499e+00
 91 -0.67472 -8.86396e-01 |
91 variables; iteration 100; function evaluation 149; phase 4
Function value 2.2773227e+02; maximum gradient component mag 9.3320e+03
Var    Value     Gradient |Var    Value     Gradient |Var    Value     Gradient
  1 -0.00163 -1.48343e+03 |  2 -0.01585 -2.28409e+01 |  3 -0.02989 -1.91068e+01
  4 -0.02967 -2.20254e+01 |  5 -0.02507 -2.81278e+01 |  6 -0.02081 -3.29304e+01
  7 -0.02107 -3.39550e+01 |  8 -0.01955 -4.00383e+01 |  9 -0.00704 -4.55289e+01
 10 -0.00948 -4.53741e+01 | 11 -0.00373 -4.92638e+01 | 12 -0.01244 -4.55581e+01
 13 -0.03207 -2.57127e+01 | 14 -0.02348 -2.60596e+01 | 15 -0.01920 -2.10233e+01
 16 -0.01542 -1.69730e+01 | 17 -0.01278 -1.83800e+01 | 18  0.00665 -1.97655e+01
 19  0.00083 -2.28425e+01 | 20  0.00296 -2.81046e+01 | 21 -0.01268 -1.81526e+01
 22 -0.01551 -1.34351e+01 | 23 -0.00830 -1.46337e+01 | 24 -0.02131 -1.17298e+01
 25 -0.01750 -1.23352e+01 | 26  0.01278 -2.89956e+01 | 27  0.01427 -2.19213e+01
 28  0.01343 -9.90368e+00 | 29  0.02236 -1.38128e+01 | 30  0.01274 -4.03047e+00
 31  0.02414 -1.30983e+00 | 32  0.08214 -1.37060e+01 | 33  0.03504  1.62405e+00
 34  0.02458  2.56975e+00 | 35  0.03774 -4.84808e-01 | 36  0.01499  5.70681e+00
 37  0.05863  1.69024e-01 | 38  0.01792  8.00186e-01 | 39 -0.00335  4.53600e+00
 40 -0.00699  4.63134e+00 | 41 -0.01292  4.78130e+00 | 42 -0.00839  5.87606e+00
 43  0.00354  5.02968e+00 | 44  0.01619  7.33149e+00 | 45  0.01076  8.39177e+00
 46  0.00692  1.01219e+01 | 47  0.00659  1.14398e+01 | 48  0.01843  1.04005e+01
 49  0.00687  1.11960e+01 | 50 -0.02538  1.32845e+01 | 51 -0.02536  1.37332e+01
 52 -0.02105  1.23258e+01 | 53  0.00018  1.41144e+01 | 54 -0.00959  1.32689e+01
 55 -0.00087  1.49191e+01 | 56 -0.03308  1.55067e+01 | 57 -0.02687  1.67287e+01
 58 -0.02235  1.54309e+01 | 59  0.00147  1.70277e+01 | 60 -0.01211  1.51350e+01
 61 -0.01403  1.62341e+01 | 62 -0.01466  1.61532e+01 | 63 -0.01070  1.81706e+01
 64 -0.00885  1.81330e+01 | 65 -0.01708  1.79904e+01 | 66 -0.00526  2.13133e-01
 67 -0.00066 -3.36270e-01 | 68  0.00000  0.00000e+00 | 69 -0.79442  1.53197e+01
 70  0.12618 -1.45162e+01 | 71  0.12773  1.19003e+00 | 72  0.17873  3.18411e+01
 73  0.00338  1.66675e-05 | 74  0.03933 -1.27815e+01 | 75  0.16893  6.98685e+03
 76  0.07918  9.33199e+03 | 77  0.17750  2.46469e+01 | 78 -0.26142  6.39488e-01
 79 -0.21700 -3.76749e+00 | 80  0.12165 -3.88016e+00 | 81  0.08601  4.27891e-02
 82  0.12779  5.24301e+00 | 83 -0.00000  7.45550e-31 | 84  0.01807 -1.94386e+00
 85 -0.08006 -5.30559e+00 | 86 -0.24080 -7.50519e-05 | 87  0.10002  3.54316e+00
 88  0.73665 -1.25923e+00 | 89 -0.17439 -2.78572e+00 | 90  0.07739 -2.03612e+00
 91 -0.67509 -1.06662e+00 |
91 variables; iteration 120; function evaluation 171; phase 4
Function value 2.2729290e+02; maximum gradient component mag 6.4805e+02
Var    Value     Gradient |Var    Value     Gradient |Var    Value     Gradient
  1 -0.00198 -2.06637e+02 |  2 -0.01342 -1.38050e+00 |  3 -0.02709 -2.15318e+00
  4 -0.02708 -2.51851e+00 |  5 -0.02010 -2.84595e+00 |  6 -0.01454 -3.26267e+00
  7 -0.01638 -3.64135e+00 |  8 -0.01110 -4.03227e+00 |  9 -0.00019 -4.57174e+00
 10 -0.00418 -5.23622e+00 | 11 -0.00121 -6.00226e+00 | 12 -0.01481 -7.05596e+00
 13 -0.02323 -1.15705e+00 | 14 -0.01877 -2.63806e+00 | 15 -0.01839 -3.12242e+00
 16 -0.01632 -3.75048e+00 | 17 -0.01037 -4.38165e+00 | 18  0.00164 -4.64580e+00
 19 -0.00032 -5.54431e+00 | 20  0.00380 -5.46404e+00 | 21 -0.01443 -3.96411e+00
 22 -0.01815 -4.34218e+00 | 23 -0.00970 -4.15023e+00 | 24 -0.02051 -2.64500e+00
 25 -0.01958 -2.47321e+00 | 26  0.01457 -5.03261e+00 | 27  0.01298 -4.16969e+00
 28  0.00907 -2.32544e+00 | 29  0.02356 -2.57772e+00 | 30  0.01212  6.90259e-01
 31  0.02545  1.48626e+00 | 32  0.07840 -2.40601e+00 | 33  0.03397  1.03414e+00
 34  0.02523  1.75800e+00 | 35  0.03724  3.33115e-01 | 36  0.01858  2.16666e+00
 37  0.05317 -4.70466e-01 | 38  0.02272  1.62194e+00 | 39 -0.00376  1.40723e+00
 40 -0.00793  1.29275e+00 | 41 -0.01269  1.36521e+00 | 42 -0.00958  1.14460e+00
 43  0.00439  1.42370e+00 | 44  0.01525  1.45603e+00 | 45  0.01114  1.96511e+00
 46  0.00572  2.09808e+00 | 47  0.00494  2.01218e+00 | 48  0.01784  2.04926e+00
 49  0.00677  1.88378e+00 | 50 -0.02488  2.20409e+00 | 51 -0.02548  2.16211e+00
 52 -0.01963  2.15489e+00 | 53 -0.00109  2.02797e+00 | 54 -0.00788  2.21778e+00
 55 -0.00140  2.21988e+00 | 56 -0.03260  2.45114e+00 | 57 -0.02799  2.42099e+00
 58 -0.02115  2.42341e+00 | 59  0.00067  2.36867e+00 | 60 -0.01013  2.48377e+00
 61 -0.01366  2.51678e+00 | 62 -0.01376  2.53791e+00 | 63 -0.01143  2.57477e+00
 64 -0.00852  2.69488e+00 | 65 -0.01564  2.76816e+00 | 66 -0.00555 -3.62365e-03
 67 -0.00020  6.74238e-04 | 68  0.00000  0.00000e+00 | 69 -0.79672  1.58230e+00
 70  0.11399 -2.70859e+00 | 71  0.13001  2.27977e+00 | 72  0.17559  5.67098e+00
 73  0.00523  2.58020e-05 | 74  0.03417 -4.48048e+00 | 75  0.16812  4.96506e+02
 76  0.07978  6.48054e+02 | 77  0.17812  1.67203e+00 | 78 -0.28001  3.52819e-02
 79 -0.20864 -1.91989e-01 | 80  0.11943 -2.02284e-01 | 81  0.08470  6.16863e-02
 82  0.12768  2.90717e-01 | 83 -0.00000  4.73869e-32 | 84  0.01664 -3.51251e-01
 85 -0.08119  1.90857e-01 | 86 -0.24938 -1.95044e-04 | 87  0.09967 -2.92234e-01
 88  0.73894  1.58668e-02 | 89 -0.17711 -3.67221e-01 | 90  0.07598 -6.06114e-02
 91 -0.67542 -1.92462e-02 |
91 variables; iteration 140; function evaluation 207; phase 4
Function value 2.2707460e+02; maximum gradient component mag 5.4581e+02
Var    Value     Gradient |Var    Value     Gradient |Var    Value     Gradient
  1 -0.00202 -1.45834e+02 |  2 -0.01350 -1.51124e+00 |  3 -0.02686 -1.64322e+00
  4 -0.02682 -1.91727e+00 |  5 -0.01994 -2.24812e+00 |  6 -0.01432 -2.54988e+00
  7 -0.01598 -2.78570e+00 |  8 -0.01068 -3.12742e+00 |  9  0.00018 -3.55518e+00
 10 -0.00353 -3.86871e+00 | 11 -0.00064 -4.33422e+00 | 12 -0.01350 -4.65466e+00
 13 -0.02379 -1.37996e+00 | 14 -0.01852 -2.02482e+00 | 15 -0.01795 -2.12581e+00
 16 -0.01568 -2.29184e+00 | 17 -0.00943 -2.47463e+00 | 18  0.00196 -2.82577e+00
 19  0.00058 -3.24845e+00 | 20  0.00410 -3.34804e+00 | 21 -0.01421 -2.45492e+00
 22 -0.01737 -2.40692e+00 | 23 -0.00939 -2.49681e+00 | 24 -0.02036 -1.74255e+00
 25 -0.01943 -1.73877e+00 | 26  0.01436 -3.67382e+00 | 27  0.01292 -2.83635e+00
 28  0.00853 -1.81990e+00 | 29  0.02385 -1.86113e+00 | 30  0.01146 -9.43201e-02
 31  0.02408  3.49858e-01 | 32  0.07868 -1.87660e+00 | 33  0.03304  3.09688e-01
 34  0.02451  6.72454e-01 | 35  0.03767 -5.67177e-02 | 36  0.01763  1.02247e+00
 37  0.05387 -4.17453e-01 | 38  0.02206  7.42595e-01 | 39 -0.00373  7.96686e-01
 40 -0.00796  7.87187e-01 | 41 -0.01287  8.29879e-01 | 42 -0.00960  8.48545e-01
 43  0.00425  1.01423e+00 | 44  0.01534  1.01641e+00 | 45  0.01091  1.27728e+00
 46  0.00529  1.37758e+00 | 47  0.00467  1.40893e+00 | 48  0.01750  1.40346e+00
 49  0.00681  1.38932e+00 | 50 -0.02484  1.59984e+00 | 51 -0.02538  1.63717e+00
 52 -0.01961  1.62493e+00 | 53 -0.00107  1.54547e+00 | 54 -0.00776  1.60526e+00
 55 -0.00130  1.62556e+00 | 56 -0.03265  1.75340e+00 | 57 -0.02811  1.75929e+00
 58 -0.02111  1.78298e+00 | 59  0.00082  1.75273e+00 | 60 -0.00993  1.79045e+00
 61 -0.01352  1.81394e+00 | 62 -0.01371  1.84263e+00 | 63 -0.01144  1.87509e+00
 64 -0.00848  1.91952e+00 | 65 -0.01544  1.95299e+00 | 66 -0.00556 -1.19261e-03
 67 -0.00020  2.88337e-03 | 68  0.00000  0.00000e+00 | 69 -0.79677  1.10573e+00
 70  0.11175 -9.71970e+00 | 71  0.12890 -2.42705e+01 | 72  0.17496  6.11631e+00
 73 -0.00680 -3.89624e-05 | 74  0.03822 -2.59244e+00 | 75  0.16761  4.17298e+02
 76  0.08015  5.45811e+02 | 77  0.17817  1.62257e+00 | 78 -0.32942  1.40420e-02
 79 -0.20862 -1.07456e-01 | 80  0.12001 -1.69982e+00 | 81  0.07891 -2.10506e+00
 82  0.12804  4.61613e-01 | 83 -0.00000 -1.39722e-30 | 84  0.01664 -2.47767e-01
 85 -0.08152 -5.00432e-01 | 86 -0.23613  4.02840e-04 | 87  0.09960  4.39887e-01
 88  0.73919 -9.87573e-02 | 89 -0.17775 -3.31483e-01 | 90  0.07546 -1.95369e-01
 91 -0.67598  4.60558e-02 |
91 variables; iteration 160; function evaluation 229; phase 4
Function value 2.2705275e+02; maximum gradient component mag 8.8350e+02
Var    Value     Gradient |Var    Value     Gradient |Var    Value     Gradient
  1 -0.00209  8.06230e+01 |  2 -0.01333  2.03052e+00 |  3 -0.02622  8.44331e-01
  4 -0.02613  9.76546e-01 |  5 -0.01927  1.14443e+00 |  6 -0.01364  1.31352e+00
  7 -0.01511  1.43987e+00 |  8 -0.00973  1.65852e+00 |  9  0.00090  1.89881e+00
 10 -0.00260  1.99607e+00 | 11  0.00002  2.20536e+00 | 12 -0.01212  2.27072e+00
 13 -0.02384  7.32104e-01 | 14 -0.01811  9.49445e-01 | 15 -0.01741  9.73465e-01
 16 -0.01491  9.94290e-01 | 17 -0.00880  1.04358e+00 | 18  0.00214  1.22887e+00
 19  0.00127  1.39500e+00 | 20  0.00425  1.59457e+00 | 21 -0.01405  1.09649e+00
 22 -0.01697  9.81127e-01 | 23 -0.00915  1.07140e+00 | 24 -0.02023  7.67633e-01
 25 -0.01942  7.95065e-01 | 26  0.01452  1.70304e+00 | 27  0.01247  1.40825e+00
 28  0.00814  8.73607e-01 | 29  0.02405  9.17264e-01 | 30  0.01092  8.95909e-02
 31  0.02280 -9.44757e-02 | 32  0.07884  9.82592e-01 | 33  0.03213 -2.93805e-02
 34  0.02375 -2.32697e-01 | 35  0.03813  7.91497e-02 | 36  0.01670 -4.17528e-01
 37  0.05444  3.32101e-01 | 38  0.02148 -1.68105e-01 | 39 -0.00366 -3.03665e-01
 40 -0.00802 -3.08906e-01 | 41 -0.01301 -3.49760e-01 | 42 -0.00966 -3.06790e-01
 43  0.00407 -3.15506e-01 | 44  0.01537 -3.83443e-01 | 45  0.01074 -5.30525e-01
 46  0.00491 -6.15037e-01 | 47  0.00431 -6.43999e-01 | 48  0.01717 -6.13502e-01
 49  0.00687 -6.19986e-01 | 50 -0.02479 -7.61296e-01 | 51 -0.02532 -7.58375e-01
 52 -0.01957 -7.43858e-01 | 53 -0.00104 -7.31244e-01 | 54 -0.00755 -7.99557e-01
 55 -0.00117 -7.93342e-01 | 56 -0.03268 -8.94189e-01 | 57 -0.02824 -9.15791e-01
 58 -0.02105 -8.97042e-01 | 59  0.00105 -8.99682e-01 | 60 -0.00965 -9.34338e-01
 61 -0.01336 -9.54518e-01 | 62 -0.01364 -9.66406e-01 | 63 -0.01138 -9.85683e-01
 64 -0.00836 -1.01146e+00 | 65 -0.01524 -1.04913e+00 | 66 -0.00558 -1.31683e-02
 67 -0.00019  7.95095e-03 | 68  0.00000  0.00000e+00 | 69 -0.79702  8.15578e-01
 70  0.11194  5.30997e+00 | 71  0.12885  1.81188e+01 | 72  0.17533 -2.70376e+00
 73  0.00417  6.52637e-04 | 74  0.03808  1.30693e+00 | 75  0.16684  6.52863e+02
 76  0.08071  8.83503e+02 | 77  0.17819 -2.12963e-01 | 78 -0.31635  3.32522e-02
 79 -0.20864  1.77142e-01 | 80  0.11945 -1.95745e+00 | 81  0.07927 -2.97708e+00
 82  0.12803 -3.84364e-02 | 83  0.00000 -1.57671e-30 | 84  0.01636  1.17521e-01
 85 -0.08188  3.41972e-01 | 86 -0.62697 -4.73325e-03 | 87  0.09951 -2.14718e-01
 88  0.73948  7.49366e-02 | 89 -0.17836  1.93154e-01 | 90  0.07491  1.64823e-01
 91 -0.67658 -3.64207e-03 |
91 variables; iteration 180; function evaluation 251; phase 4
Function value 2.2703857e+02; maximum gradient component mag 1.0692e+03
Var    Value     Gradient |Var    Value     Gradient |Var    Value     Gradient
  1 -0.00207  3.84507e+01 |  2 -0.01335  1.57806e+00 |  3 -0.02627  4.20950e-01
  4 -0.02633  3.40907e-01 |  5 -0.01949  3.84208e-01 |  6 -0.01384  4.67410e-01
  7 -0.01547  4.09413e-01 |  8 -0.00997  6.37332e-01 |  9  0.00061  6.65767e-01
 10 -0.00276  8.07589e-01 | 11 -0.00024  7.40437e-01 | 12 -0.01246  7.72907e-01
 13 -0.02392  1.30663e-01 | 14 -0.01824  2.22783e-01 | 15 -0.01752  2.89833e-01
 16 -0.01509  2.80229e-01 | 17 -0.00882  3.68801e-01 | 18  0.00194  3.03222e-01
 19  0.00135  7.35584e-01 | 20  0.00430  8.11716e-01 | 21 -0.01406  4.87624e-01
 22 -0.01701  4.05107e-01 | 23 -0.00914  5.08833e-01 | 24 -0.02029  2.97031e-01
 25 -0.01960  2.78207e-01 | 26  0.01490  1.16401e+00 | 27  0.01219  3.53833e-01
 28  0.00820  3.24067e-01 | 29  0.02421  5.52980e-01 | 30  0.01076 -1.10614e-01
 31  0.02316  4.58485e-02 | 32  0.07881  4.30261e-01 | 33  0.03216 -4.33429e-02
 34  0.02410  9.71612e-02 | 35  0.03788  1.48291e-01 | 36  0.01721  2.47756e-01
 37  0.05412  4.52909e-01 | 38  0.02192  4.64782e-01 | 39 -0.00382 -7.59984e-02
 40 -0.00806 -6.40575e-02 | 41 -0.01288  6.47473e-02 | 42 -0.00970 -1.23839e-02
 43  0.00416  6.95859e-02 | 44  0.01528 -1.46805e-01 | 45  0.01084 -1.46344e-01
 46  0.00496 -3.69964e-01 | 47  0.00425 -5.01285e-01 | 48  0.01729 -3.26528e-01
 49  0.00683 -3.73521e-01 | 50 -0.02480 -4.39288e-01 | 51 -0.02538 -5.12289e-01
 52 -0.01962 -4.70036e-01 | 53 -0.00102 -3.32023e-01 | 54 -0.00755 -3.26179e-01
 55 -0.00122 -4.32687e-01 | 56 -0.03270 -5.14176e-01 | 57 -0.02823 -5.32099e-01
 58 -0.02111 -5.18263e-01 | 59  0.00105 -4.30106e-01 | 60 -0.00976 -5.33973e-01
 61 -0.01338 -5.31232e-01 | 62 -0.01375 -6.09666e-01 | 63 -0.01134 -4.22983e-01
 64 -0.00838 -4.45925e-01 | 65 -0.01524 -4.68394e-01 | 66 -0.00551  2.33157e-02
 67 -0.00029 -6.42305e-02 | 68  0.00000  0.00000e+00 | 69 -0.79702  1.15937e+00
 70  0.11131 -1.36881e+00 | 71  0.12897 -1.35899e+01 | 72  0.17497 -4.74922e+00
 73 -0.09251 -4.59748e-04 | 74  0.03815  3.57425e-01 | 75  0.16640  7.77916e+02
 76  0.08100  1.06916e+03 | 77  0.17797  6.30243e-01 | 78 -0.16639  2.27464e-01
 79 -0.20887 -1.15703e-01 | 80  0.11936 -5.79820e-01 | 81  0.07936 -9.36688e-01
 82  0.12791 -5.20423e-01 | 83  0.00000 -1.22037e-30 | 84  0.01644  1.97586e-01
 85 -0.08186 -2.56368e-01 | 86 -0.25820 -4.98183e-04 | 87  0.09950  1.21908e-01
 88  0.73951 -5.47894e-02 | 89 -0.17830 -3.41858e-02 | 90  0.07499 -1.30290e-02
 91 -0.67658 -6.07555e-02 |
91 variables; iteration 200; function evaluation 272; phase 4
Function value 2.2701950e+02; maximum gradient component mag 1.1439e+02
Var    Value     Gradient |Var    Value     Gradient |Var    Value     Gradient
  1 -0.00209  1.14394e+02 |  2 -0.01318 -1.14790e-01 |  3 -0.02621  1.03322e+00
  4 -0.02609  1.25147e+00 |  5 -0.01925  1.46061e+00 |  6 -0.01359  1.70751e+00
  7 -0.01506  1.84524e+00 |  8 -0.00971  2.08346e+00 |  9  0.00082  2.34681e+00
 10 -0.00252  2.60722e+00 | 11  0.00023  3.03658e+00 | 12 -0.01202  3.01544e+00
 13 -0.02384  7.01832e-01 | 14 -0.01811  9.53734e-01 | 15 -0.01738  1.00282e+00
 16 -0.01487  1.08417e+00 | 17 -0.00867  1.32717e+00 | 18  0.00227  1.69794e+00
 19  0.00137  1.80815e+00 | 20  0.00420  1.89429e+00 | 21 -0.01398  1.40393e+00
 22 -0.01680  1.48552e+00 | 23 -0.00914  1.55013e+00 | 24 -0.02026  9.93702e-01
 25 -0.01934  1.19311e+00 | 26  0.01456  2.65324e+00 | 27  0.01231  2.13921e+00
 28  0.00820  1.40479e+00 | 29  0.02396  1.26021e+00 | 30  0.01084  1.82651e-01
 31  0.02276  9.36879e-03 | 32  0.07880  1.56736e+00 | 33  0.03187 -1.24680e-01
 34  0.02389 -1.67504e-01 | 35  0.03796  1.67372e-01 | 36  0.01674 -3.21870e-01
 37  0.05454  9.66953e-01 | 38  0.02140 -4.04814e-02 | 39 -0.00364 -2.83556e-01
 40 -0.00802 -1.79955e-01 | 41 -0.01298 -1.20325e-01 | 42 -0.00968 -1.55569e-01
 43  0.00396 -3.54138e-01 | 44  0.01540 -3.86760e-01 | 45  0.01075 -6.23289e-01
 46  0.00483 -8.82851e-01 | 47  0.00420 -9.31885e-01 | 48  0.01714 -7.79374e-01
 49  0.00687 -8.59628e-01 | 50 -0.02476 -1.15000e+00 | 51 -0.02538 -1.30606e+00
 52 -0.01967 -1.29982e+00 | 53 -0.00097 -1.02072e+00 | 54 -0.00752 -1.14955e+00
 55 -0.00117 -1.16103e+00 | 56 -0.03269 -1.32101e+00 | 57 -0.02818 -1.26589e+00
 58 -0.02115 -1.40471e+00 | 59  0.00117 -1.22111e+00 | 60 -0.00969 -1.43552e+00
 61 -0.01331 -1.40368e+00 | 62 -0.01365 -1.45329e+00 | 63 -0.01134 -1.40721e+00
 64 -0.00834 -1.51302e+00 | 65 -0.01523 -1.66619e+00 | 66 -0.00549  4.93324e-02
 67 -0.00027 -5.28652e-02 | 68  0.00000  0.00000e+00 | 69 -0.79691 -2.54104e+00
 70  0.11144  6.33759e+00 | 71  0.12894  1.82896e+01 | 72  0.17519 -4.95905e+00
 73  0.03329  5.41324e-02 | 74  0.03801  2.22161e+00 | 75  0.16631  3.61065e+01
 76  0.08093  1.95362e+01 | 77  0.17791 -1.83582e+00 | 78 -0.03024  6.12449e-04
 79 -0.20468 -2.21382e-01 | 80  0.11919  1.27967e+00 | 81  0.07949  1.51713e+00
 82  0.12794 -5.11506e-01 | 83  0.00000 -8.43950e-31 | 84  0.01630  2.45616e-01
 85 -0.08200  2.81631e-01 | 86 -0.19183  5.37401e-03 | 87  0.09945 -2.83339e-01
 88  0.73963  7.58500e-02 | 89 -0.17851  2.53291e-01 | 90  0.07478  1.27633e-01
 91 -0.67684 -1.09160e-01 |
91 variables; iteration 220; function evaluation 299; phase 4
Function value 2.2675418e+02; maximum gradient component mag 1.2664e+03
Var    Value     Gradient |Var    Value     Gradient |Var    Value     Gradient
  1 -0.00208 -3.38601e+01 |  2 -0.01361  3.30388e+01 |  3 -0.02611 -5.43177e-01
  4 -0.02622 -8.39053e-01 |  5 -0.01931 -9.67666e-01 |  6 -0.01368 -1.13832e+00
  7 -0.01495 -1.02198e+00 |  8 -0.00955 -1.14727e+00 |  9  0.00098 -1.56106e+00
 10 -0.00236 -1.48269e+00 | 11  0.00053 -1.61496e+00 | 12 -0.01195 -1.45581e+00
 13 -0.02365  1.02903e-01 | 14 -0.01810 -1.22152e-01 | 15 -0.01729 -1.24142e-01
 16 -0.01483 -1.14093e-01 | 17 -0.00862 -1.54859e-01 | 18  0.00189 -6.58002e-01
 19  0.00083 -7.60611e-01 | 20  0.00457 -1.00091e+00 | 21 -0.01373 -5.29733e-01
 22 -0.01723 -6.69266e-01 | 23 -0.00972 -8.15626e-01 | 24 -0.01990 -6.01353e-01
 25 -0.01915 -9.29701e-01 | 26  0.01426 -1.93980e+00 | 27  0.01227 -1.32516e+00
 28  0.00804 -1.06952e+00 | 29  0.02425 -1.11341e+00 | 30  0.01102 -3.54406e-01
 31  0.02253 -4.46421e-01 | 32  0.07884 -1.36403e+00 | 33  0.03234 -2.10973e-01
 34  0.02360 -4.35099e-01 | 35  0.03827 -3.85106e-01 | 36  0.01649 -3.57924e-01
 37  0.05431 -1.16961e+00 | 38  0.02181 -6.37674e-01 | 39 -0.00336 -3.07817e-01
 40 -0.00797 -4.42958e-01 | 41 -0.01337 -4.27923e-01 | 42 -0.00980 -1.18297e-01
 43  0.00423 -2.60928e-01 | 44  0.01534 -4.06984e-01 | 45  0.01050  2.04500e-01
 46  0.00518  3.66263e-01 | 47  0.00426  3.93303e-01 | 48  0.01705  1.91582e-01
 49  0.00693  4.62427e-01 | 50 -0.02472  8.38778e-01 | 51 -0.02535  8.12191e-01
 52 -0.01942  9.11157e-01 | 53 -0.00123  3.74598e-01 | 54 -0.00740  8.14353e-01
 55 -0.00123  7.70729e-01 | 56 -0.03256  1.24430e+00 | 57 -0.02842  9.76147e-01
 58 -0.02097  1.28793e+00 | 59  0.00103  1.15688e+00 | 60 -0.00963  1.25293e+00
 61 -0.01338  1.20271e+00 | 62 -0.01355  1.31471e+00 | 63 -0.01143  1.38781e+00
 64 -0.00845  1.58305e+00 | 65 -0.01511  1.66095e+00 | 66 -0.00562 -1.28601e-01
 67 -0.00013  4.75048e-02 | 68  0.00000  0.00000e+00 | 69 -0.79907  4.16604e+01
 70  0.11054  1.50594e+01 | 71  0.12909  9.84944e+01 | 72  0.17491  6.47979e+00
 73  0.01385 -8.08278e-02 | 74  0.03768 -2.13648e+00 | 75  0.15217  6.93460e+02
 76  0.08972  1.26636e+03 | 77  0.17289  1.51328e+01 | 78 -0.02050  9.79486e-01
 79 -0.20564  3.11655e+00 | 80  0.11972 -4.56101e-01 | 81  0.07911  3.46942e-01
 82  0.12824  2.56731e+00 | 83  0.00000 -1.03035e-30 | 84  0.01630 -2.40755e-01
 85 -0.08186 -3.72985e-01 | 86 -0.25867 -5.15401e-04 | 87  0.09951  2.76014e-01
 88  0.73953 -1.80851e-01 | 89 -0.17856 -5.13687e-01 | 90  0.07497  1.72215e-01
 91 -0.67627  2.28349e-01 |
91 variables; iteration 240; function evaluation 325; phase 4
Function value 2.2657528e+02; maximum gradient component mag 1.3504e+03
Var    Value     Gradient |Var    Value     Gradient |Var    Value     Gradient
  1 -0.00207  1.72490e+02 |  2 -0.01332  5.19207e+01 |  3 -0.02589  6.28026e-01
  4 -0.02593  5.95240e-01 |  5 -0.01889  8.93839e-01 |  6 -0.01337  8.67944e-01
  7 -0.01457  1.11775e+00 |  8 -0.00944  1.04430e+00 |  9  0.00132  1.31727e+00
 10 -0.00208  1.42441e+00 | 11  0.00095  1.76786e+00 | 12 -0.01173  1.70144e+00
 13 -0.02355  3.36570e-01 | 14 -0.01796  4.46604e-01 | 15 -0.01703  5.30617e-01
 16 -0.01452  5.80988e-01 | 17 -0.00837  7.29702e-01 | 18  0.00202  8.47545e-01
 19  0.00088  9.78315e-01 | 20  0.00490  1.03701e+00 | 21 -0.01358  7.27161e-01
 22 -0.01691  8.12956e-01 | 23 -0.01005  7.97488e-01 | 24 -0.01976  6.09497e-01
 25 -0.01877  6.97592e-01 | 26  0.01431  1.56279e+00 | 27  0.01148  1.33221e+00
 28  0.00802  9.01069e-01 | 29  0.02430  7.25354e-01 | 30  0.01067  1.15997e-01
 31  0.02246  8.73745e-02 | 32  0.07837  1.16986e+00 | 33  0.03208  1.24706e-01
 34  0.02395 -1.63952e-02 | 35  0.03776  1.61381e-01 | 36  0.01688 -1.19388e-01
 37  0.05407  6.22288e-01 | 38  0.02188  8.61364e-02 | 39 -0.00307 -3.78153e-02
 40 -0.00787 -6.56094e-02 | 41 -0.01349 -1.07425e-01 | 42 -0.01018 -8.08067e-02
 43  0.00406 -2.27857e-01 | 44  0.01562 -2.04021e-01 | 45  0.01001 -3.33352e-01
 46  0.00521 -3.89348e-01 | 47  0.00407 -5.03226e-01 | 48  0.01693 -4.32725e-01
 49  0.00690 -4.67755e-01 | 50 -0.02472 -6.86201e-01 | 51 -0.02531 -7.41973e-01
 52 -0.01956 -7.16712e-01 | 53 -0.00108 -7.10975e-01 | 54 -0.00737 -6.51876e-01
 55 -0.00113 -6.91628e-01 | 56 -0.03267 -7.41581e-01 | 57 -0.02835 -8.11986e-01
 58 -0.02109 -8.25967e-01 | 59  0.00112 -8.11028e-01 | 60 -0.00955 -8.67588e-01
 61 -0.01330 -9.37766e-01 | 62 -0.01352 -9.33961e-01 | 63 -0.01142 -9.33354e-01
 64 -0.00854 -9.51534e-01 | 65 -0.01500 -9.90154e-01 | 66 -0.00540 -2.08981e-02
 67 -0.00018  4.16726e-03 | 68  0.00000  0.00000e+00 | 69 -0.80124  6.14524e+01
 70  0.10979  1.41041e+00 | 71  0.12926  2.77506e+00 | 72  0.17476 -1.96671e+00
 73 -0.10550 -5.25426e-04 | 74  0.03785  1.00042e+00 | 75  0.14063  6.14490e+02
 76  0.09544  1.35037e+03 | 77  0.16874  2.03455e+01 | 78  0.00496  1.15006e+00
 79 -0.20302  5.40818e+00 | 80  0.11895  5.88037e-01 | 81  0.07964  6.97366e-01
 82  0.12794 -4.14141e-01 | 83  0.00000 -9.78891e-31 | 84  0.01617  1.60725e-01
 85 -0.08213  3.88333e-01 | 86 -0.48203 -2.96704e-03 | 87  0.09942 -3.40911e-01
 88  0.73985  6.29534e-02 | 89 -0.17888  1.32595e-01 | 90  0.07459  1.75575e-01
 91 -0.67690  2.09916e-02 |
91 variables; iteration 260; function evaluation 352; phase 4
Function value 2.2646228e+02; maximum gradient component mag 1.3433e+03
Var    Value     Gradient |Var    Value     Gradient |Var    Value     Gradient
  1 -0.00206  1.61847e+01 |  2 -0.01333  5.60657e+01 |  3 -0.02597 -7.25178e-01
  4 -0.02586 -8.07901e-01 |  5 -0.01903 -1.01922e+00 |  6 -0.01334 -1.17793e+00
  7 -0.01480 -1.31286e+00 |  8 -0.00947 -1.50079e+00 |  9  0.00124 -1.76369e+00
 10 -0.00218 -1.84883e+00 | 11  0.00079 -2.11620e+00 | 12 -0.01191 -1.96005e+00
 13 -0.02355 -3.12671e-01 | 14 -0.01798 -4.13575e-01 | 15 -0.01709 -4.30373e-01
 16 -0.01455 -3.93630e-01 | 17 -0.00843 -4.83573e-01 | 18  0.00181 -7.97603e-01
 19  0.00050 -8.16899e-01 | 20  0.00518 -1.11718e+00 | 21 -0.01337 -6.72823e-01
 22 -0.01711 -6.36266e-01 | 23 -0.01050 -8.73256e-01 | 24 -0.01962 -6.55135e-01
 25 -0.01859 -8.87963e-01 | 26  0.01436 -1.92643e+00 | 27  0.01109 -1.86009e+00
 28  0.00794 -1.15305e+00 | 29  0.02467 -1.03388e+00 | 30  0.01072 -3.77602e-01
 31  0.02252 -3.35610e-01 | 32  0.07829 -1.66111e+00 | 33  0.03234 -2.87861e-01
 34  0.02413 -8.33500e-02 | 35  0.03773 -3.62162e-01 | 36  0.01698  4.06406e-02
 37  0.05379 -9.94442e-01 | 38  0.02220 -3.82116e-01 | 39 -0.00283 -1.39080e-02
 40 -0.00770 -5.17047e-02 | 41 -0.01360 -6.09648e-02 | 42 -0.01047 -1.53655e-01
 43  0.00421 -1.38882e-01 | 44  0.01571 -6.44747e-03 | 45  0.00974  2.53476e-01
 46  0.00545  4.50310e-01 | 47  0.00419  5.54014e-01 | 48  0.01696  4.35225e-01
 49  0.00687  5.02717e-01 | 50 -0.02470  8.00328e-01 | 51 -0.02527  8.64934e-01
 52 -0.01961  8.26921e-01 | 53 -0.00100  8.13168e-01 | 54 -0.00745  8.65342e-01
 55 -0.00111  8.84962e-01 | 56 -0.03277  1.02141e+00 | 57 -0.02831  1.10949e+00
 58 -0.02112  1.08428e+00 | 59  0.00105  1.06766e+00 | 60 -0.00962  1.16832e+00
 61 -0.01328  1.23896e+00 | 62 -0.01348  1.25073e+00 | 63 -0.01143  1.28739e+00
 64 -0.00867  1.35054e+00 | 65 -0.01500  1.43475e+00 | 66 -0.00528  2.95194e-02
 67 -0.00018  4.19264e-04 | 68  0.00000  0.00000e+00 | 69 -0.80277  6.93753e+01
 70  0.11035 -1.99075e+01 | 71  0.12914 -9.53603e+01 | 72  0.17489  2.92474e+00
 73 -0.48086 -2.95813e-03 | 74  0.03787 -1.73791e+00 | 75  0.13084  5.31711e+02
 76  0.09964  1.34330e+03 | 77  0.16495  2.45644e+01 | 78  0.01286  1.10867e+00
 79 -0.20167  5.95342e+00 | 80  0.11907 -1.22170e+00 | 81  0.07955 -1.08276e+00
 82  0.12795  4.49918e-01 | 83  0.00000 -1.26667e-30 | 84  0.01623 -2.83302e-01
 85 -0.08209 -7.80481e-01 | 86 -0.56791 -3.89481e-03 | 87  0.09943  5.74919e-01
 88  0.73981 -1.44410e-01 | 89 -0.17871 -2.86046e-01 | 90  0.07464 -2.61678e-01
 91 -0.67696 -4.01081e-02 |
91 variables; iteration 280; function evaluation 374; phase 4
Function value 2.2638718e+02; maximum gradient component mag -2.6555e+02
Var    Value     Gradient |Var    Value     Gradient |Var    Value     Gradient
  1 -0.00206  1.81356e+01 |  2 -0.01332 -7.05854e-01 |  3 -0.02576  1.16281e-01
  4 -0.02564  1.87564e-01 |  5 -0.01873  2.55260e-01 |  6 -0.01305  2.62720e-01
  7 -0.01442  2.58039e-01 |  8 -0.00915  2.18207e-01 |  9  0.00162  3.43574e-01
 10 -0.00175  3.73030e-01 | 11  0.00134  4.64414e-01 | 12 -0.01155  4.52351e-01
 13 -0.02336  5.09069e-02 | 14 -0.01785  7.86551e-02 | 15 -0.01686  9.22697e-02
 16 -0.01427  1.65970e-01 | 17 -0.00822  1.95896e-01 | 18  0.00194  3.06077e-01
 19  0.00042  3.23626e-01 | 20  0.00544  2.81129e-01 | 21 -0.01321  2.28577e-01
 22 -0.01699  3.14355e-01 | 23 -0.01071  3.21110e-01 | 24 -0.01951  1.73237e-01
 25 -0.01828  2.41527e-01 | 26  0.01422  5.04836e-01 | 27  0.01077  3.78744e-01
 28  0.00783  2.58435e-01 | 29  0.02463  1.51278e-01 | 30  0.01058  2.79177e-02
 31  0.02228  4.16954e-02 | 32  0.07804  2.52258e-01 | 33  0.03211 -6.11279e-02
 34  0.02416  2.53952e-03 | 35  0.03752 -3.74990e-02 | 36  0.01703  1.48127e-02
 37  0.05372  1.63574e-01 | 38  0.02224 -2.38113e-02 | 39 -0.00264 -1.45641e-02
 40 -0.00767  2.06275e-02 | 41 -0.01377  4.94940e-02 | 42 -0.01064 -8.74167e-04
 43  0.00414 -7.76577e-02 | 44  0.01579 -1.83371e-02 | 45  0.00945 -1.02304e-01
 46  0.00544 -1.37367e-01 | 47  0.00402 -1.30637e-01 | 48  0.01681 -9.96179e-02
 49  0.00689 -1.45734e-01 | 50 -0.02466 -2.16887e-01 | 51 -0.02527 -2.49991e-01
 52 -0.01962 -2.72997e-01 | 53 -0.00099 -1.50911e-01 | 54 -0.00735 -1.90503e-01
 55 -0.00107 -1.84670e-01 | 56 -0.03276 -2.39120e-01 | 57 -0.02836 -1.94076e-01
 58 -0.02114 -2.72122e-01 | 59  0.00115 -2.10660e-01 | 60 -0.00952 -2.42927e-01
 61 -0.01322 -2.28377e-01 | 62 -0.01342 -2.48152e-01 | 63 -0.01142 -2.46072e-01
 64 -0.00869 -2.72012e-01 | 65 -0.01489 -3.13118e-01 | 66 -0.00520  3.39270e-02
 67 -0.00020 -1.91004e-02 | 68  0.00000  0.00000e+00 | 69 -0.80425 -1.69027e+00
 70  0.10951  1.12774e+01 | 71  0.12932  5.58147e+01 | 72  0.17475 -8.62678e-01
 73 -0.92935 -2.81619e-02 | 74  0.03747  4.41274e-01 | 75  0.12161 -8.98963e+01
 76  0.10317 -2.65550e+02 | 77  0.16136 -1.41963e-01 | 78  0.00893 -1.92469e-01
 79 -0.20230 -2.51452e-01 | 80  0.11879 -9.18144e-02 | 81  0.07974 -1.68337e-01
 82  0.12794 -4.21051e-01 | 83  0.00000 -1.12573e-30 | 84  0.01608 -5.27573e-03
 85 -0.08227 -4.47832e-02 | 86 -0.22870  8.95738e-04 | 87  0.09937 -4.97552e-02
 88  0.73998 -7.50261e-03 | 89 -0.17904  5.12052e-02 | 90  0.07440 -6.55793e-02
 91 -0.67719 -3.39141e-02 |
91 variables; iteration 300; function evaluation 396; phase 4
Function value 2.2635661e+02; maximum gradient component mag 7.8199e+02
Var    Value     Gradient |Var    Value     Gradient |Var    Value     Gradient
  1 -0.00206  1.66438e+01 |  2 -0.01339  2.53250e+01 |  3 -0.02569 -2.48758e-01
  4 -0.02559 -2.76991e-01 |  5 -0.01869 -3.14609e-01 |  6 -0.01303 -4.17566e-01
  7 -0.01435 -4.30629e-01 |  8 -0.00904 -5.40496e-01 |  9  0.00169 -5.97254e-01
 10 -0.00168 -6.29069e-01 | 11  0.00143 -7.22651e-01 | 12 -0.01155 -6.94894e-01
 13 -0.02329 -7.06059e-02 | 14 -0.01781 -1.24739e-01 | 15 -0.01677 -1.13923e-01
 16 -0.01424 -1.28189e-01 | 17 -0.00817 -1.55787e-01 | 18  0.00183 -2.47248e-01
 19  0.00020 -2.56956e-01 | 20  0.00566 -3.49015e-01 | 21 -0.01312 -2.44472e-01
 22 -0.01706 -1.93741e-01 | 23 -0.01101 -2.77084e-01 | 24 -0.01939 -2.42073e-01
 25 -0.01815 -2.95859e-01 | 26  0.01420 -6.81209e-01 | 27  0.01052 -6.77646e-01
 28  0.00776 -4.04666e-01 | 29  0.02481 -4.00215e-01 | 30  0.01055 -1.54448e-01
 31  0.02222 -1.16761e-01 | 32  0.07796 -6.33271e-01 | 33  0.03223 -1.24562e-01
 34  0.02418 -2.08106e-02 | 35  0.03754 -1.70839e-01 | 36  0.01701  2.23276e-02
 37  0.05359 -3.83544e-01 | 38  0.02240 -1.62265e-01 | 39 -0.00250 -2.02192e-02
 40 -0.00760 -3.26878e-02 | 41 -0.01390 -3.16803e-02 | 42 -0.01078 -6.86030e-02
 43  0.00422 -7.30959e-02 | 44  0.01582 -1.18477e-02 | 45  0.00926  6.80660e-02
 46  0.00557  1.50576e-01 | 47  0.00403  1.96046e-01 | 48  0.01678  1.59924e-01
 49  0.00690  1.76008e-01 | 50 -0.02464  2.77004e-01 | 51 -0.02524  3.01224e-01
 52 -0.01959  2.80944e-01 | 53 -0.00100  3.11006e-01 | 54 -0.00735  3.06692e-01
 55 -0.00105  3.27530e-01 | 56 -0.03277  3.66846e-01 | 57 -0.02839  4.16077e-01
 58 -0.02112  3.82614e-01 | 59  0.00113  3.84776e-01 | 60 -0.00952  4.05516e-01
 61 -0.01323  4.33214e-01 | 62 -0.01339  4.37852e-01 | 63 -0.01142  4.62017e-01
 64 -0.00876  4.80133e-01 | 65 -0.01485  5.06786e-01 | 66 -0.00518  2.04006e-02
 67 -0.00019 -7.48552e-03 | 68  0.00000  0.00000e+00 | 69 -0.80514  3.14772e+01
 70  0.10926 -6.91644e-01 | 71  0.12936 -1.43429e+00 | 72  0.17467  8.51251e-01
 73 -0.86689 -1.48014e-02 | 74  0.03761 -3.55708e-01 | 75  0.11560  2.61521e+02
 76  0.10526  7.81995e+02 | 77  0.15892  1.02812e+01 | 78  0.04359  7.42525e-01
 79 -0.20161  2.71194e+00 | 80  0.11886 -5.22486e-01 | 81  0.07969 -5.60262e-01
 82  0.12799  8.84632e-02 | 83  0.00000 -1.19202e-30 | 84  0.01608 -1.03001e-01
 85 -0.08227 -3.23971e-01 | 86 -0.39551 -2.23102e-03 | 87  0.09938  2.23170e-01
 88  0.74001 -6.44276e-02 | 89 -0.17907 -1.07052e-01 | 90  0.07439 -1.09182e-01
 91 -0.67721 -3.55712e-02 |
91 variables; iteration 320; function evaluation 419; phase 4
Function value 2.2633757e+02; maximum gradient component mag 2.0114e+02
Var    Value     Gradient |Var    Value     Gradient |Var    Value     Gradient
  1 -0.00205  1.13534e+01 |  2 -0.01344  4.38481e+00 |  3 -0.02554  1.16035e-02
  4 -0.02544  2.77107e-02 |  5 -0.01857  3.02932e-02 |  6 -0.01284  3.14565e-02
  7 -0.01414  3.22000e-02 |  8 -0.00878  1.94078e-02 |  9  0.00192  4.10691e-02
 10 -0.00142  5.27274e-02 | 11  0.00175  5.93792e-02 | 12 -0.01132  4.72205e-02
 13 -0.02317 -3.63727e-05 | 14 -0.01771  4.44343e-03 | 15 -0.01663  6.72282e-03
 16 -0.01407  1.99351e-02 | 17 -0.00803  1.23417e-02 | 18  0.00186  3.51698e-02
 19  0.00010  3.83787e-02 | 20  0.00584  3.09801e-02 | 21 -0.01298  1.95255e-02
 22 -0.01703  4.56451e-02 | 23 -0.01122  4.03259e-02 | 24 -0.01925  3.06587e-02
 25 -0.01797  2.95563e-02 | 26  0.01412  7.01711e-02 | 27  0.01029  4.15615e-02
 28  0.00765  3.25643e-02 | 29  0.02486  1.25694e-02 | 30  0.01047 -5.13747e-03
 31  0.02203 -2.37956e-03 | 32  0.07781  2.81903e-02 | 33  0.03215 -1.42344e-02
 34  0.02415 -6.00973e-04 | 35  0.03750 -1.09257e-02 | 36  0.01698  3.93366e-03
 37  0.05352  2.77491e-02 | 38  0.02248  6.13909e-03 | 39 -0.00236  1.26479e-02
 40 -0.00757  1.26447e-02 | 41 -0.01402  1.53355e-02 | 42 -0.01092  4.32950e-03
 43  0.00422 -1.24497e-03 | 44  0.01585  9.59889e-03 | 45  0.00907 -3.97188e-03
 46  0.00560 -6.60427e-03 | 47  0.00394 -6.01538e-03 | 48  0.01668 -6.28619e-03
 49  0.00691 -1.56377e-02 | 50 -0.02461 -3.02463e-02 | 51 -0.02523 -3.35357e-02
 52 -0.01956 -3.57952e-02 | 53 -0.00102 -1.62558e-02 | 54 -0.00729 -2.46108e-02
 55 -0.00103 -1.91353e-02 | 56 -0.03276 -2.64620e-02 | 57 -0.02845 -1.97552e-02
 58 -0.02111 -3.46860e-02 | 59  0.00117 -2.84633e-02 | 60 -0.00946 -3.52953e-02
 61 -0.01319 -3.42356e-02 | 62 -0.01334 -3.47086e-02 | 63 -0.01142 -3.48107e-02
 64 -0.00879 -4.28366e-02 | 65 -0.01478 -4.56335e-02 | 66 -0.00515  5.59446e-03
 67 -0.00018 -2.46900e-03 | 68  0.00000  0.00000e+00 | 69 -0.80608  5.31487e+00
 70  0.10856 -2.07113e-01 | 71  0.12949 -1.76309e+00 | 72  0.17450 -2.32450e-01
 73 -0.12296 -6.14446e-04 | 74  0.03754  1.17538e-01 | 75  0.10930  6.40217e+01
 76  0.10736  2.01144e+02 | 77  0.15633  1.57225e+00 | 78  0.02215  1.44877e-01
 79 -0.20234  4.06012e-01 | 80  0.11872  9.23688e-03 | 81  0.07978 -1.27435e-02
 82  0.12799 -1.15580e-01 | 83  0.00000 -1.10689e-30 | 84  0.01599 -4.05280e-03
 85 -0.08236  2.96318e-02 | 86 -0.20603  3.08189e-03 | 87  0.09934 -2.78678e-02
 88  0.74013  9.72291e-03 | 89 -0.17927  1.60311e-02 | 90  0.07425 -1.64091e-02
 91 -0.67731 -5.94218e-03 |
91 variables; iteration 340; function evaluation 443; phase 4
Function value 2.2633667e+02; maximum gradient component mag 3.2077e+01
Var    Value     Gradient |Var    Value     Gradient |Var    Value     Gradient
  1 -0.00205  4.69205e+00 |  2 -0.01346  8.56138e-01 |  3 -0.02552  2.00752e-02
  4 -0.02543  2.52624e-02 |  5 -0.01855  3.28073e-02 |  6 -0.01281  3.59916e-02
  7 -0.01411  3.79707e-02 |  8 -0.00874  3.87375e-02 |  9  0.00196  5.26021e-02
 10 -0.00139  5.29573e-02 | 11  0.00179  6.07397e-02 | 12 -0.01130  5.62712e-02
 13 -0.02315  5.84764e-03 | 14 -0.01769  8.91337e-03 | 15 -0.01661  9.84380e-03
 16 -0.01405  1.06296e-02 | 17 -0.00800  1.21458e-02 | 18  0.00185  2.31229e-02
 19  0.00007  2.61993e-02 | 20  0.00587  3.36497e-02 | 21 -0.01295  2.13635e-02
 22 -0.01704  2.20114e-02 | 23 -0.01126  2.73846e-02 | 24 -0.01924  2.13590e-02
 25 -0.01794  2.70752e-02 | 26  0.01410  6.20330e-02 | 27  0.01025  5.07667e-02
 28  0.00762  3.43666e-02 | 29  0.02488  3.28996e-02 | 30  0.01046  1.20228e-02
 31  0.02202  1.17861e-02 | 32  0.07779  4.95587e-02 | 33  0.03216  8.29660e-03
 34  0.02414  7.43744e-03 | 35  0.03750  1.15570e-02 | 36  0.01698  4.06666e-03
 37  0.05350  3.39498e-02 | 38  0.02250  1.40529e-02 | 39 -0.00234  6.18806e-03
 40 -0.00756  7.29490e-03 | 41 -0.01405  5.75303e-03 | 42 -0.01094  3.26170e-03
 43  0.00422  3.26197e-03 | 44  0.01585  3.74140e-03 | 45  0.00904 -7.68954e-03
 46  0.00561 -1.26643e-02 | 47  0.00392 -1.49030e-02 | 48  0.01667 -1.08667e-02
 49  0.00691 -1.62622e-02 | 50 -0.02461 -2.63521e-02 | 51 -0.02522 -2.76499e-02
 52 -0.01956 -2.87491e-02 | 53 -0.00102 -2.21193e-02 | 54 -0.00728 -2.71657e-02
 55 -0.00103 -2.71601e-02 | 56 -0.03276 -3.46452e-02 | 57 -0.02846 -3.34674e-02
 58 -0.02110 -3.73997e-02 | 59  0.00117 -3.48972e-02 | 60 -0.00945 -3.83245e-02
 61 -0.01319 -3.83480e-02 | 62 -0.01334 -3.98423e-02 | 63 -0.01142 -4.09767e-02
 64 -0.00880 -4.38579e-02 | 65 -0.01477 -4.64422e-02 | 66 -0.00515  1.55942e-03
 67 -0.00017 -8.93801e-04 | 68  0.00000  0.00000e+00 | 69 -0.80621  1.00245e+00
 70  0.10846 -1.14994e+00 | 71  0.12948 -6.53862e+00 | 72  0.17448 -1.51893e-01
 73  0.01304  5.95670e-03 | 74  0.03749  8.86587e-02 | 75  0.10831  1.05147e+01
 76  0.10766  3.20766e+01 | 77  0.15591  2.74811e-01 | 78  0.04772  2.94285e-02
 79 -0.20228  7.70654e-02 | 80  0.11872  2.21779e-02 | 81  0.07978  4.85655e-03
 82  0.12800 -4.54848e-02 | 83  0.00000 -1.10448e-30 | 84  0.01598  8.31004e-03
 85 -0.08237  2.11755e-02 | 86 -0.23841  3.26051e-04 | 87  0.09934 -1.69046e-02
 88  0.74014  5.18557e-03 | 89 -0.17930  1.15954e-02 | 90  0.07424  2.49441e-03
 91 -0.67732 -2.61167e-03 |
91 variables; iteration 360; function evaluation 467; phase 4
Function value 2.2633650e+02; maximum gradient component mag -1.0193e+02
Var    Value     Gradient |Var    Value     Gradient |Var    Value     Gradient
  1 -0.00205  5.83459e+00 |  2 -0.01347  7.26333e-01 |  3 -0.02551  3.56126e-02
  4 -0.02542  3.92544e-02 |  5 -0.01854  5.72474e-02 |  6 -0.01281  5.47430e-02
  7 -0.01410  6.75912e-02 |  8 -0.00873  6.68734e-02 |  9  0.00196  8.72679e-02
 10 -0.00139  8.46415e-02 | 11  0.00180  9.64795e-02 | 12 -0.01129  8.68260e-02
 13 -0.02314  2.28891e-02 | 14 -0.01769  2.62143e-02 | 15 -0.01660  2.67759e-02
 16 -0.01405  2.13082e-02 | 17 -0.00800  2.64557e-02 | 18  0.00184  3.65067e-02
 19  0.00006  4.25360e-02 | 20  0.00589  6.16678e-02 | 21 -0.01295  3.63400e-02
 22 -0.01704  3.31776e-02 | 23 -0.01128  3.86590e-02 | 24 -0.01923  3.66490e-02
 25 -0.01794  4.31091e-02 | 26  0.01410  9.56918e-02 | 27  0.01023  6.99128e-02
 28  0.00762  5.02508e-02 | 29  0.02488  4.76428e-02 | 30  0.01046  1.39111e-02
 31  0.02201  1.70333e-02 | 32  0.07778  7.91987e-02 | 33  0.03216  2.08438e-02
 34  0.02414  1.39239e-02 | 35  0.03749  1.55147e-02 | 36  0.01698  3.52275e-03
 37  0.05350  4.33048e-02 | 38  0.02251  2.08453e-02 | 39 -0.00233  7.27908e-03
 40 -0.00756  2.30300e-03 | 41 -0.01406 -2.53459e-03 | 42 -0.01095 -2.64188e-03
 43  0.00423  4.77816e-03 | 44  0.01585  1.12773e-03 | 45  0.00902 -1.45977e-02
 46  0.00561 -1.91722e-02 | 47  0.00392 -2.38755e-02 | 48  0.01667 -1.84925e-02
 49  0.00691 -2.78642e-02 | 50 -0.02461 -3.93290e-02 | 51 -0.02522 -3.88720e-02
 52 -0.01955 -3.81270e-02 | 53 -0.00102 -3.71498e-02 | 54 -0.00727 -4.22442e-02
 55 -0.00103 -4.23469e-02 | 56 -0.03276 -4.91663e-02 | 57 -0.02846 -5.26023e-02
 58 -0.02110 -5.68676e-02 | 59  0.00117 -5.89833e-02 | 60 -0.00945 -6.05793e-02
 61 -0.01319 -6.42467e-02 | 62 -0.01333 -6.49690e-02 | 63 -0.01143 -6.53241e-02
 64 -0.00880 -6.61354e-02 | 65 -0.01476 -6.51846e-02 | 66 -0.00514  4.24232e-04
 67 -0.00017 -5.85392e-04 | 68  0.00000  0.00000e+00 | 69 -0.80626  8.50523e-01
 70  0.10849 -1.90346e+01 | 71  0.12945 -1.01925e+02 | 72  0.17449 -2.60768e-01
 73 -0.05274  2.40743e-02 | 74  0.03751  2.11968e-01 | 75  0.10795  1.45156e+01
 76  0.10777  4.50285e+01 | 77  0.15576  1.08701e-01 | 78  0.05133  4.24783e-02
 79 -0.20223  9.91672e-02 | 80  0.11872  3.42050e-02 | 81  0.07977 -1.43192e-02
 82  0.12800 -7.85377e-02 | 83  0.00000 -1.10763e-30 | 84  0.01598  1.29685e-02
 85 -0.08237  4.74377e-02 | 86 -0.23967  2.61865e-04 | 87  0.09934 -3.58384e-02
 88  0.74014  9.01040e-03 | 89 -0.17930  1.63546e-02 | 90  0.07424  4.94567e-03
 91 -0.67732 -3.74078e-04 |
91 variables; iteration 380; function evaluation 489; phase 4
Function value 2.2633631e+02; maximum gradient component mag 1.6111e+00
Var    Value     Gradient |Var    Value     Gradient |Var    Value     Gradient
  1 -0.00205 -1.25379e-01 |  2 -0.01346  1.79953e-02 |  3 -0.02550 -1.01656e-03
  4 -0.02540 -1.22753e-03 |  5 -0.01853 -1.43011e-03 |  6 -0.01279 -1.76459e-03
  7 -0.01408 -1.79709e-03 |  8 -0.00870 -2.09916e-03 |  9  0.00199 -2.55810e-03
 10 -0.00136 -2.68028e-03 | 11  0.00183 -3.05000e-03 | 12 -0.01127 -2.90715e-03
 13 -0.02313  2.16508e-06 | 14 -0.01768 -2.63039e-04 | 15 -0.01659 -2.55956e-04
 16 -0.01403 -3.18622e-04 | 17 -0.00798 -4.40413e-04 | 18  0.00185 -9.02122e-04
 19  0.00004 -9.94401e-04 | 20  0.00591 -1.47259e-03 | 21 -0.01292 -9.57962e-04
 22 -0.01704 -8.90638e-04 | 23 -0.01132 -1.17027e-03 | 24 -0.01922 -9.78043e-04
 25 -0.01791 -1.35252e-03 | 26  0.01409 -3.24485e-03 | 27  0.01020 -2.91349e-03
 28  0.00761 -1.99994e-03 | 29  0.02490 -2.08370e-03 | 30  0.01045 -7.98327e-04
 31  0.02199 -6.80491e-04 | 32  0.07776 -2.99394e-03 | 33  0.03216 -6.17022e-04
 34  0.02414 -3.97851e-04 | 35  0.03749 -9.40385e-04 | 36  0.01698 -2.27481e-04
 37  0.05348 -2.17558e-03 | 38  0.02252 -1.01958e-03 | 39 -0.00231 -3.86531e-04
 40 -0.00755 -4.92401e-04 | 41 -0.01407 -4.45417e-04 | 42 -0.01097 -4.75578e-04
 43  0.00423 -4.89468e-04 | 44  0.01586 -3.39697e-04 | 45  0.00899  2.81925e-04
 46  0.00562  5.92355e-04 | 47  0.00391  7.78035e-04 | 48  0.01666  5.81998e-04
 49  0.00691  7.53577e-04 | 50 -0.02460  1.36089e-03 | 51 -0.02522  1.49998e-03
 52 -0.01955  1.49854e-03 | 53 -0.00102  1.27195e-03 | 54 -0.00727  1.48492e-03
 55 -0.00102  1.51596e-03 | 56 -0.03276  1.88871e-03 | 57 -0.02847  1.86996e-03
 58 -0.02110  1.91622e-03 | 59  0.00117  1.88288e-03 | 60 -0.00945  2.09248e-03
 61 -0.01318  2.10793e-03 | 62 -0.01333  2.18006e-03 | 63 -0.01142  2.28443e-03
 64 -0.00881  2.43701e-03 | 65 -0.01475  2.54604e-03 | 66 -0.00514  5.28874e-06
 67 -0.00017  6.13446e-06 | 68  0.00000  0.00000e+00 | 69 -0.80640  2.47364e-02
 70  0.10837  2.98548e-01 | 71  0.12946  1.61107e+00 | 72  0.17446  8.40835e-03
 73 -0.11487 -7.37275e-04 | 74  0.03746 -4.63481e-03 | 75  0.10704  2.90957e-01
 76  0.10805  8.49855e-01 | 77  0.15538  7.92526e-03 | 78  0.05438  1.08145e-03
 79 -0.20224  2.11177e-03 | 80  0.11871 -1.97007e-03 | 81  0.07979 -1.59865e-03
 82  0.12800  1.56910e-03 | 83  0.00000 -1.10642e-30 | 84  0.01597 -5.66713e-04
 85 -0.08239 -1.02089e-03 | 86 -0.24473  2.15394e-05 | 87  0.09934  8.61398e-04
 88  0.74016 -2.23981e-04 | 89 -0.17933 -5.31382e-04 | 90  0.07422 -4.34413e-04
 91 -0.67734  1.09792e-04 |
91 variables; iteration 400; function evaluation 515; phase 4
Function value 2.2633630e+02; maximum gradient component mag -2.7759e+01
Var    Value     Gradient |Var    Value     Gradient |Var    Value     Gradient
  1 -0.00205  1.45552e+00 |  2 -0.01346  4.77202e-01 |  3 -0.02549  4.10914e-03
  4 -0.02540  4.14934e-03 |  5 -0.01853  4.16062e-03 |  6 -0.01278  5.76355e-03
  7 -0.01408  5.94525e-03 |  8 -0.00870  8.24425e-03 |  9  0.00199  8.06145e-03
 10 -0.00135  8.80811e-03 | 11  0.00184  9.43949e-03 | 12 -0.01127  8.59295e-03
 13 -0.02313  3.15472e-04 | 14 -0.01768  1.75189e-03 | 15 -0.01659  9.57671e-04
 16 -0.01403 -1.45450e-04 | 17 -0.00798  4.49705e-04 | 18  0.00184 -1.43221e-05
 19  0.00004  1.55171e-03 | 20  0.00592  4.64945e-03 | 21 -0.01292  1.79522e-03
 22 -0.01704 -3.72101e-04 | 23 -0.01132  9.38221e-04 | 24 -0.01921  1.84105e-03
 25 -0.01791  2.91025e-03 | 26  0.01409  7.03795e-03 | 27  0.01020  7.99875e-03
 28  0.00760  5.15643e-03 | 29  0.02490  6.98629e-03 | 30  0.01045  2.94223e-03
 31  0.02199  2.04456e-03 | 32  0.07776  9.33925e-03 | 33  0.03216  3.08223e-03
 34  0.02414  7.47283e-04 | 35  0.03749  4.07350e-03 | 36  0.01697  6.25467e-05
 37  0.05348  7.66361e-03 | 38  0.02252  4.75311e-03 | 39 -0.00231  1.08186e-03
 40 -0.00754  1.23491e-03 | 41 -0.01407  4.32846e-04 | 42 -0.01097  1.26555e-03
 43  0.00423  2.46635e-03 | 44  0.01586  1.00392e-03 | 45  0.00899 -4.84403e-04
 46  0.00562 -1.43749e-03 | 47  0.00391 -2.05980e-03 | 48  0.01666 -1.27819e-03
 49  0.00691 -1.28376e-03 | 50 -0.02460 -3.20175e-03 | 51 -0.02522 -3.28864e-03
 52 -0.01955 -3.24498e-03 | 53 -0.00102 -2.97997e-03 | 54 -0.00727 -3.75270e-03
 55 -0.00102 -4.00757e-03 | 56 -0.03276 -5.36211e-03 | 57 -0.02847 -5.41429e-03
 58 -0.02110 -4.82330e-03 | 59  0.00117 -5.13877e-03 | 60 -0.00945 -6.05763e-03
 61 -0.01318 -6.28659e-03 | 62 -0.01333 -6.53419e-03 | 63 -0.01142 -6.71201e-03
 64 -0.00881 -7.52528e-03 | 65 -0.01475 -7.53187e-03 | 66 -0.00514 -4.09721e-04
 67 -0.00017  8.57209e-05 | 68  0.00000  0.00000e+00 | 69 -0.80641  5.85154e-01
 70  0.10836 -5.22112e+00 | 71  0.12946 -2.77591e+01 | 72  0.17445 -2.22867e-02
 73 -0.10053  2.91971e-03 | 74  0.03746  4.56789e-03 | 75  0.10698  6.10078e+00
 76  0.10809  1.99499e+01 | 77  0.15536  1.75542e-01 | 78  0.03821  1.65569e-02
 79 -0.20222  5.20374e-02 | 80  0.11871  5.74104e-03 | 81  0.07979  2.78976e-03
 82  0.12801  9.41697e-04 | 83  0.00000 -1.10570e-30 | 84  0.01597  3.31203e-03
 85 -0.08239  6.10046e-03 | 86 -0.24304  9.82265e-05 | 87  0.09934 -2.66827e-03
 88  0.74016  1.57690e-03 | 89 -0.17933  2.14967e-03 | 90  0.07422  3.18074e-03
 91 -0.67734 -3.98832e-04 |
91 variables; iteration 420; function evaluation 537; phase 4
Function value 2.2633629e+02; maximum gradient component mag 1.1935e+01
Var    Value     Gradient |Var    Value     Gradient |Var    Value     Gradient
  1 -0.00205  6.41336e-01 |  2 -0.01346  2.57624e-01 |  3 -0.02549  1.55552e-03
  4 -0.02540  1.08824e-03 |  5 -0.01853  1.23859e-03 |  6 -0.01279  1.45754e-03
  7 -0.01408  3.13698e-03 |  8 -0.00870  2.75242e-03 |  9  0.00199  3.08702e-03
 10 -0.00135  2.50457e-03 | 11  0.00184  2.39195e-03 | 12 -0.01127  1.84839e-03
 13 -0.02313  1.72165e-03 | 14 -0.01768  9.86786e-04 | 15 -0.01659  1.41242e-03
 16 -0.01403  1.97303e-04 | 17 -0.00798 -2.68801e-05 | 18  0.00184  2.97897e-04
 19  0.00004  1.58363e-04 | 20  0.00592  2.27194e-03 | 21 -0.01292  4.56451e-04
 22 -0.01704 -4.84082e-04 | 23 -0.01132 -8.15184e-04 | 24 -0.01921  1.00762e-03
 25 -0.01791  3.35290e-04 | 26  0.01409  1.53874e-03 | 27  0.01020  1.12756e-03
 28  0.00760  2.37927e-04 | 29  0.02490  2.05754e-03 | 30  0.01045  3.82232e-04
 31  0.02199  5.32610e-04 | 32  0.07776  2.33375e-03 | 33  0.03216  1.84845e-03
 34  0.02414  9.96226e-04 | 35  0.03749  1.36304e-03 | 36  0.01698  3.70698e-04
 37  0.05348  1.37393e-03 | 38  0.02252  1.39531e-03 | 39 -0.00231  5.56752e-04
 40 -0.00755 -2.99544e-04 | 41 -0.01407 -7.16604e-04 | 42 -0.01097 -4.64405e-04
 43  0.00423  6.01632e-04 | 44  0.01586 -3.79490e-04 | 45  0.00899 -7.26718e-05
 46  0.00562 -4.40554e-04 | 47  0.00391 -7.74455e-04 | 48  0.01666 -2.51954e-04
 49  0.00691 -3.62954e-04 | 50 -0.02460 -5.31453e-04 | 51 -0.02522 -1.44370e-04
 52 -0.01955  1.51455e-04 | 53 -0.00102 -7.26242e-04 | 54 -0.00727 -9.58912e-04
 55 -0.00102 -9.33022e-04 | 56 -0.03276 -1.36925e-03 | 57 -0.02847 -2.01080e-03
 58 -0.02110 -1.45019e-03 | 59  0.00117 -1.74937e-03 | 60 -0.00945 -1.66681e-03
 61 -0.01318 -1.90210e-03 | 62 -0.01333 -1.90413e-03 | 63 -0.01142 -2.00963e-03
 64 -0.00881 -2.07513e-03 | 65 -0.01475 -1.63284e-03 | 66 -0.00514 -1.85290e-04
 67 -0.00017  1.63759e-04 | 68  0.00000  0.00000e+00 | 69 -0.80641  3.19155e-01
 70  0.10837 -1.94174e+00 | 71  0.12947 -1.03303e+01 | 72  0.17446 -5.61795e-03
 73 -0.07624  1.39434e-03 | 74  0.03746  5.44156e-03 | 75  0.10696  3.65056e+00
 76  0.10811  1.19353e+01 | 77  0.15535  9.08106e-02 | 78  0.01749  8.11255e-03
 79 -0.20222  3.23195e-02 | 80  0.11871  2.45574e-03 | 81  0.07979  7.97523e-04
 82  0.12801  7.61445e-04 | 83  0.00000 -1.10605e-30 | 84  0.01597  1.10781e-03
 85 -0.08239  2.85802e-03 | 86 -0.24430  4.06580e-05 | 87  0.09934 -9.69578e-04
 88  0.74016  6.19160e-04 | 89 -0.17933  6.37787e-04 | 90  0.07422  1.15559e-03
 91 -0.67734 -2.85719e-06 |
91 variables; iteration 440; function evaluation 561; phase 4
Function value 2.2633628e+02; maximum gradient component mag -1.2694e+01
Var    Value     Gradient |Var    Value     Gradient |Var    Value     Gradient
  1 -0.00205  6.27444e-01 |  2 -0.01346  9.38346e-02 |  3 -0.02549  3.45510e-03
  4 -0.02540  3.64345e-03 |  5 -0.01852  4.58864e-03 |  6 -0.01278  5.15105e-03
  7 -0.01408  5.61853e-03 |  8 -0.00870  6.62845e-03 |  9  0.00199  7.58489e-03
 10 -0.00135  7.95195e-03 | 11  0.00184  8.62959e-03 | 12 -0.01126  7.79481e-03
 13 -0.02313  8.19883e-04 | 14 -0.01768  1.74857e-03 | 15 -0.01659  1.40176e-03
 16 -0.01403  5.66309e-04 | 17 -0.00798  1.06767e-03 | 18  0.00184  9.87396e-04
 19  0.00004  2.25091e-03 | 20  0.00592  4.66522e-03 | 21 -0.01292  2.19600e-03
 22 -0.01704  9.80383e-04 | 23 -0.01132  2.27337e-03 | 24 -0.01921  2.22111e-03
 25 -0.01790  3.31598e-03 | 26  0.01409  7.55909e-03 | 27  0.01019  7.01212e-03
 28  0.00760  5.10495e-03 | 29  0.02490  6.03840e-03 | 30  0.01045  2.52983e-03
 31  0.02198  1.90131e-03 | 32  0.07776  8.20036e-03 | 33  0.03216  2.50135e-03
 34  0.02414  1.10795e-03 | 35  0.03749  3.01739e-03 | 36  0.01697  2.65349e-04
 37  0.05348  5.89511e-03 | 38  0.02252  3.20116e-03 | 39 -0.00231  8.54259e-04
 40 -0.00754  9.56493e-04 | 41 -0.01407  3.29220e-04 | 42 -0.01097  1.06361e-03
 43  0.00423  1.94898e-03 | 44  0.01586  8.81683e-04 | 45  0.00899 -1.02504e-03
 46  0.00562 -1.43976e-03 | 47  0.00391 -1.80785e-03 | 48  0.01666 -1.29550e-03
 49  0.00691 -1.85260e-03 | 50 -0.02460 -3.43425e-03 | 51 -0.02522 -3.45158e-03
 52 -0.01955 -3.49322e-03 | 53 -0.00102 -3.00495e-03 | 54 -0.00727 -3.73126e-03
 55 -0.00102 -3.79940e-03 | 56 -0.03276 -4.87466e-03 | 57 -0.02847 -4.80685e-03
 58 -0.02110 -4.92813e-03 | 59  0.00117 -5.17980e-03 | 60 -0.00945 -5.84572e-03
 61 -0.01318 -6.05085e-03 | 62 -0.01333 -6.16321e-03 | 63 -0.01142 -6.23266e-03
 64 -0.00881 -6.63553e-03 | 65 -0.01475 -6.70365e-03 | 66 -0.00514 -1.79434e-04
 67 -0.00017 -4.19336e-06 | 68  0.00000  0.00000e+00 | 69 -0.80642  1.10758e-01
 70  0.10836 -2.37544e+00 | 71  0.12947 -1.26940e+01 | 72  0.17446 -2.79754e-02
 73 -0.04864  2.99655e-03 | 74  0.03746  1.55669e-02 | 75  0.10690  1.72960e+00
 76  0.10814  5.71696e+00 | 77  0.15532  3.06890e-02 | 78 -0.00277  3.14000e-03
 79 -0.20224  1.03197e-02 | 80  0.11871  6.06995e-03 | 81  0.07979  2.09976e-03
 82  0.12801 -3.80608e-03 | 83  0.00000 -1.10585e-30 | 84  0.01597  2.51043e-03
 85 -0.08239  4.76711e-03 | 86 -0.24453  3.04216e-05 | 87  0.09934 -2.91776e-03
 88  0.74016  1.11469e-03 | 89 -0.17933  1.87121e-03 | 90  0.07422  1.81706e-03
 91 -0.67734 -3.52659e-04 |
91 variables; iteration 460; function evaluation 583; phase 4
Function value 2.2633627e+02; maximum gradient component mag -2.8658e-01
Var    Value     Gradient |Var    Value     Gradient |Var    Value     Gradient
  1 -0.00205 -3.62377e-03 |  2 -0.01346  5.61394e-03 |  3 -0.02549  1.40738e-05
  4 -0.02540  6.14328e-06 |  5 -0.01853  3.63569e-05 |  6 -0.01279  2.96921e-06
  7 -0.01408  9.47971e-05 |  8 -0.00870 -1.10159e-04 |  9  0.00199  2.33059e-05
 10 -0.00135 -5.82898e-05 | 11  0.00184 -1.46774e-04 | 12 -0.01127 -1.49621e-04
 13 -0.02313  2.05789e-04 | 14 -0.01768  2.13918e-04 | 15 -0.01659  1.79122e-04
 16 -0.01403  2.70927e-05 | 17 -0.00798 -1.08877e-04 | 18  0.00184 -1.87034e-04
 19  0.00004 -1.59028e-05 | 20  0.00592  1.93250e-05 | 21 -0.01292 -1.27030e-04
 22 -0.01704 -2.14016e-04 | 23 -0.01132 -1.55342e-04 | 24 -0.01921 -1.17693e-04
 25 -0.01791 -2.25902e-04 | 26  0.01409 -5.74399e-04 | 27  0.01020 -3.65077e-04
 28  0.00761 -3.71537e-04 | 29  0.02490 -5.57118e-05 | 30  0.01045  1.10607e-04
 31  0.02199 -4.33132e-05 | 32  0.07776 -4.20837e-04 | 33  0.03216 -4.57583e-05
 34  0.02414 -9.29313e-05 | 35  0.03749 -3.54086e-05 | 36  0.01698 -9.58466e-05
 37  0.05348 -2.24452e-04 | 38  0.02252 -2.01327e-04 | 39 -0.00231 -9.45041e-05
 40 -0.00754 -8.23118e-05 | 41 -0.01407 -1.75190e-04 | 42 -0.01097 -5.98990e-05
 43  0.00423  4.94825e-05 | 44  0.01586 -3.12737e-05 | 45  0.00899 -3.16099e-05
 46  0.00562  1.42485e-05 | 47  0.00391  9.82172e-05 | 48  0.01666  7.06083e-05
 49  0.00691  3.17024e-05 | 50 -0.02460  1.20517e-04 | 51 -0.02522  2.17130e-04
 52 -0.01955  1.52422e-04 | 53 -0.00102  1.72933e-04 | 54 -0.00727  9.82724e-05
 55 -0.00102  1.06103e-04 | 56 -0.03276  7.63117e-05 | 57 -0.02847  1.63994e-04
 58 -0.02110  1.92377e-04 | 59  0.00117  1.97185e-04 | 60 -0.00945  1.66004e-04
 61 -0.01318  2.29417e-04 | 62 -0.01333  2.45000e-04 | 63 -0.01142  2.80967e-04
 64 -0.00881  2.73026e-04 | 65 -0.01475  2.80683e-04 | 66 -0.00514 -3.91840e-07
 67 -0.00017  9.75472e-06 | 68  0.00000  0.00000e+00 | 69 -0.80641  6.55263e-03
 70  0.10837 -5.38130e-02 | 71  0.12948 -2.86582e-01 | 72  0.17446 -3.50495e-04
 73 -0.03004 -4.98724e-05 | 74  0.03746 -3.64644e-04 | 75  0.10699  1.69549e-02
 76  0.10812  4.02406e-02 | 77  0.15536  3.59667e-03 | 78 -0.01714 -6.57853e-05
 79 -0.20224 -2.55749e-04 | 80  0.11871  2.65015e-05 | 81  0.07979 -6.39946e-04
 82  0.12800  1.24462e-05 | 83  0.00000 -1.10629e-30 | 84  0.01597  1.87846e-04
 85 -0.08239 -4.27202e-04 | 86 -0.24548 -1.11773e-05 | 87  0.09934  2.89324e-04
 88  0.74016 -8.48622e-05 | 89 -0.17933 -1.39137e-05 | 90  0.07422 -4.74422e-05
 91 -0.67734 -5.18183e-05 |
91 variables; iteration 480; function evaluation 604; phase 4
Function value 2.2633627e+02; maximum gradient component mag -1.3266e+00
Var    Value     Gradient |Var    Value     Gradient |Var    Value     Gradient
  1 -0.00205 -7.24046e-02 |  2 -0.01346 -2.08839e-02 |  3 -0.02549 -1.11619e-04
  4 -0.02540 -1.97742e-04 |  5 -0.01853 -2.27734e-04 |  6 -0.01279 -2.90958e-04
  7 -0.01408 -2.86930e-04 |  8 -0.00870 -3.14627e-04 |  9  0.00199 -4.37403e-04
 10 -0.00135 -4.33656e-04 | 11  0.00184 -5.67207e-04 | 12 -0.01127 -5.49343e-04
 13 -0.02313  5.87325e-05 | 14 -0.01768  5.61329e-05 | 15 -0.01659 -9.31511e-06
 16 -0.01403 -1.25031e-04 | 17 -0.00798 -1.47107e-04 | 18  0.00184 -3.78483e-04
 19  0.00004 -2.66024e-04 | 20  0.00592 -2.47733e-04 | 21 -0.01292 -2.91083e-04
 22 -0.01704 -3.65067e-04 | 23 -0.01132 -3.36575e-04 | 24 -0.01921 -2.94099e-04
 25 -0.01791 -3.35026e-04 | 26  0.01409 -7.55415e-04 | 27  0.01020 -5.56479e-04
 28  0.00761 -3.82247e-04 | 29  0.02490 -2.94303e-04 | 30  0.01045 -6.37629e-05
 31  0.02199 -1.06644e-04 | 32  0.07776 -5.41535e-04 | 33  0.03216 -6.17405e-05
 34  0.02414 -1.14848e-04 | 35  0.03749 -1.09583e-04 | 36  0.01698 -9.03184e-05
 37  0.05348 -3.32504e-04 | 38  0.02252 -1.88218e-04 | 39 -0.00231 -1.59758e-04
 40 -0.00754 -1.61518e-04 | 41 -0.01407 -1.64773e-04 | 42 -0.01097 -1.79456e-05
 43  0.00423  3.06231e-05 | 44  0.01586 -6.10912e-05 | 45  0.00899 -8.08299e-06
 46  0.00562  8.24078e-05 | 47  0.00391  1.57639e-04 | 48  0.01666  1.34821e-04
 49  0.00691  1.83801e-04 | 50 -0.02460  2.68897e-04 | 51 -0.02522  3.07460e-04
 52 -0.01955  3.00302e-04 | 53 -0.00102  3.11570e-04 | 54 -0.00727  3.25191e-04
 55 -0.00102  3.49199e-04 | 56 -0.03276  3.85959e-04 | 57 -0.02847  4.24172e-04
 58 -0.02110  4.44867e-04 | 59  0.00117  4.11032e-04 | 60 -0.00945  3.79703e-04
 61 -0.01318  3.84256e-04 | 62 -0.01333  4.01688e-04 | 63 -0.01142  4.61426e-04
 64 -0.00881  4.66517e-04 | 65 -0.01475  4.95608e-04 | 66 -0.00514 -1.76288e-05
 67 -0.00017 -7.96460e-07 | 68  0.00000  0.00000e+00 | 69 -0.80641 -2.56553e-02
 70  0.10837 -7.13777e-03 | 71  0.12948 -3.54778e-02 | 72  0.17446  7.93406e-04
 73 -0.02060 -8.67876e-05 | 74  0.03746 -8.06699e-04 | 75  0.10697 -4.09677e-01
 76  0.10813 -1.32656e+00 | 77  0.15535 -6.25282e-03 | 78 -0.02448 -7.12321e-04
 79 -0.20224 -1.95207e-03 | 80  0.11871 -1.61404e-04 | 81  0.07979 -4.02354e-04
 82  0.12800  4.40623e-04 | 83  0.00000 -1.10626e-30 | 84  0.01597  8.81033e-05
 85 -0.08239 -1.75855e-04 | 86 -0.24518  1.55485e-06 | 87  0.09934  1.80046e-04
 88  0.74016 -3.73762e-05 | 89 -0.17933 -9.55373e-05 | 90  0.07422  3.42664e-05
 91 -0.67734 -2.91508e-05 |
91 variables; iteration 500; function evaluation 627; phase 4
Function value 2.2633627e+02; maximum gradient component mag -3.5076e+00
Var    Value     Gradient |Var    Value     Gradient |Var    Value     Gradient
  1 -0.00205  1.08097e-01 |  2 -0.01346 -5.55576e-02 |  3 -0.02549  1.43123e-03
  4 -0.02540  1.71295e-03 |  5 -0.01853  2.08093e-03 |  6 -0.01279  2.41717e-03
  7 -0.01408  2.52630e-03 |  8 -0.00870  3.01560e-03 |  9  0.00199  3.59235e-03
 10 -0.00135  3.68522e-03 | 11  0.00184  4.21648e-03 | 12 -0.01127  3.90534e-03
 13 -0.02313  1.40737e-04 | 14 -0.01768  4.75973e-04 | 15 -0.01659  4.62325e-04
 16 -0.01403  4.55231e-04 | 17 -0.00798  6.52794e-04 | 18  0.00185  1.17040e-03
 19  0.00004  1.37721e-03 | 20  0.00592  2.12487e-03 | 21 -0.01292  1.32756e-03
 22 -0.01704  1.20226e-03 | 23 -0.01132  1.55984e-03 | 24 -0.01921  1.43926e-03
 25 -0.01791  1.89984e-03 | 26  0.01409  4.40069e-03 | 27  0.01020  3.89242e-03
 28  0.00761  2.73225e-03 | 29  0.02490  2.83536e-03 | 30  0.01045  1.09327e-03
 31  0.02199  9.43053e-04 | 32  0.07776  4.07182e-03 | 33  0.03216  9.84065e-04
 34  0.02414  5.94223e-04 | 35  0.03749  1.29964e-03 | 36  0.01698  2.82805e-04
 37  0.05348  2.78767e-03 | 38  0.02252  1.38584e-03 | 39 -0.00231  4.75295e-04
 40 -0.00754  5.74143e-04 | 41 -0.01407  4.58500e-04 | 42 -0.01097  5.31316e-04
 43  0.00423  6.83510e-04 | 44  0.01586  4.19664e-04 | 45  0.00899 -3.99902e-04
 46  0.00562 -8.14591e-04 | 47  0.00391 -1.06018e-03 | 48  0.01666 -8.10085e-04
 49  0.00691 -1.08821e-03 | 50 -0.02460 -1.82370e-03 | 51 -0.02522 -1.94393e-03
 52 -0.01955 -1.94445e-03 | 53 -0.00102 -1.73747e-03 | 54 -0.00727 -2.02205e-03
 55 -0.00102 -2.08260e-03 | 56 -0.03276 -2.55047e-03 | 57 -0.02847 -2.57653e-03
 58 -0.02110 -2.66232e-03 | 59  0.00117 -2.64156e-03 | 60 -0.00945 -2.86029e-03
 61 -0.01318 -2.91743e-03 | 62 -0.01333 -3.01930e-03 | 63 -0.01142 -3.13285e-03
 64 -0.00881 -3.29817e-03 | 65 -0.01475 -3.41808e-03 | 66 -0.00514 -1.31899e-05
 67 -0.00017 -8.12461e-06 | 68  0.00000  0.00000e+00 | 69 -0.80641 -7.21952e-02
 70  0.10836 -4.98359e-01 | 71  0.12948 -2.68012e+00 | 72  0.17446 -1.17220e-02
 73 -0.01195  1.20237e-03 | 74  0.03746  7.10937e-03 | 75  0.10697 -1.07863e+00
 76  0.10813 -3.50761e+00 | 77  0.15535 -2.20337e-02 | 78 -0.02785 -1.64904e-03
 79 -0.20224 -5.55873e-03 | 80  0.11871  2.55844e-03 | 81  0.07979  1.79343e-03
 82  0.12800 -2.11819e-03 | 83  0.00000 -1.10589e-30 | 84  0.01597  7.22038e-04
 85 -0.08239  1.89358e-03 | 86 -0.24517  2.33685e-06 | 87  0.09934 -1.34870e-03
 88  0.74016  4.32244e-04 | 89 -0.17933  8.22098e-04 | 90  0.07422  5.81350e-04
 91 -0.67734 -9.40782e-05 |
91 variables; iteration 520; function evaluation 651; phase 4
Function value 2.2633627e+02; maximum gradient component mag 8.6289e+00
Var    Value     Gradient |Var    Value     Gradient |Var    Value     Gradient
  1 -0.00205  3.72965e-01 |  2 -0.01346  1.40254e-01 |  3 -0.02549  5.51212e-04
  4 -0.02540  6.98516e-04 |  5 -0.01853  8.34339e-04 |  6 -0.01279  9.86663e-04
  7 -0.01408  1.01283e-03 |  8 -0.00870  1.20630e-03 |  9  0.00199  1.46505e-03
 10 -0.00135  1.51753e-03 | 11  0.00184  1.81678e-03 | 12 -0.01127  1.69888e-03
 13 -0.02313  3.50560e-05 | 14 -0.01768  1.26494e-04 | 15 -0.01659  1.87529e-04
 16 -0.01403  2.97904e-04 | 17 -0.00798  3.90123e-04 | 18  0.00185  7.20591e-04
 19  0.00004  6.70631e-04 | 20  0.00592  9.12361e-04 | 21 -0.01292  7.14307e-04
 22 -0.01704  6.86223e-04 | 23 -0.01132  7.12149e-04 | 24 -0.01921  6.47336e-04
 25 -0.01791  8.37680e-04 | 26  0.01409  1.90853e-03 | 27  0.01020  1.50756e-03
 28  0.00761  1.05675e-03 | 29  0.02490  9.87597e-04 | 30  0.01045  3.00981e-04
 31  0.02199  3.28752e-04 | 32  0.07776  1.65794e-03 | 33  0.03216  3.33480e-04
 34  0.02414  2.72798e-04 | 35  0.03749  4.47229e-04 | 36  0.01698  1.59490e-04
 37  0.05348  1.14878e-03 | 38  0.02252  6.83080e-04 | 39 -0.00231  3.87271e-04
 40 -0.00754  3.71651e-04 | 41 -0.01407  2.73917e-04 | 42 -0.01097  9.02211e-05
 43  0.00423  5.87424e-05 | 44  0.01586  1.18764e-04 | 45  0.00899 -9.20896e-05
 46  0.00562 -2.57109e-04 | 47  0.00391 -4.10165e-04 | 48  0.01666 -3.19295e-04
 49  0.00691 -4.47292e-04 | 50 -0.02460 -7.59518e-04 | 51 -0.02522 -8.44786e-04
 52 -0.01955 -8.26170e-04 | 53 -0.00102 -7.74882e-04 | 54 -0.00727 -8.56313e-04
 55 -0.00102 -8.99598e-04 | 56 -0.03276 -1.06962e-03 | 57 -0.02847 -1.13299e-03
 58 -0.02110 -1.18837e-03 | 59  0.00117 -1.15813e-03 | 60 -0.00945 -1.18450e-03
 61 -0.01318 -1.21319e-03 | 62 -0.01333 -1.25572e-03 | 63 -0.01142 -1.34938e-03
 64 -0.00881 -1.40454e-03 | 65 -0.01475 -1.45354e-03 | 66 -0.00514  1.01392e-05
 67 -0.00017 -4.66689e-06 | 68  0.00000  0.00000e+00 | 69 -0.80641  1.73396e-01
 70  0.10836 -1.23680e-01 | 71  0.12949 -6.67183e-01 | 72  0.17446 -3.63187e-03
 73 -0.00591  3.26860e-04 | 74  0.03746  2.41201e-03 | 75  0.10697  2.65760e+00
 76  0.10812  8.62888e+00 | 77  0.15535  4.73917e-02 | 78 -0.01237  4.27356e-03
 79 -0.20224  1.41450e-02 | 80  0.11871  8.78973e-04 | 81  0.07979  9.47432e-04
 82  0.12800 -9.96783e-04 | 83  0.00000 -1.10604e-30 | 84  0.01597  1.17010e-04
 85 -0.08239  7.41813e-04 | 86 -0.24523 -3.24903e-07 | 87  0.09934 -5.75103e-04
 88  0.74016  1.62577e-04 | 89 -0.17933  3.12358e-04 | 90  0.07422  1.64624e-04
 91 -0.67734  3.67342e-06 |
91 variables; iteration 540; function evaluation 676; phase 4
Function value 2.2633627e+02; maximum gradient component mag 2.6431e+00
Var    Value     Gradient |Var    Value     Gradient |Var    Value     Gradient
  1 -0.00205  1.93136e-01 |  2 -0.01346  3.43936e-02 |  3 -0.02550  4.00299e-04
  4 -0.02540  7.46670e-04 |  5 -0.01853  9.19633e-04 |  6 -0.01279  1.04281e-03
  7 -0.01408  1.00844e-03 |  8 -0.00870  1.30360e-03 |  9  0.00199  1.66057e-03
 10 -0.00135  1.64258e-03 | 11  0.00184  2.27950e-03 | 12 -0.01127  2.14259e-03
 13 -0.02313 -2.76750e-04 | 14 -0.01768 -3.19097e-04 | 15 -0.01659 -3.66016e-05
 16 -0.01403  5.10913e-04 | 17 -0.00798  7.50108e-04 | 18  0.00185  1.66976e-03
 19  0.00004  1.09164e-03 | 20  0.00591  9.96552e-04 | 21 -0.01292  1.26014e-03
 22 -0.01704  1.71793e-03 | 23 -0.01132  1.42757e-03 | 24 -0.01921  1.32919e-03
 25 -0.01791  1.53131e-03 | 26  0.01409  3.48109e-03 | 27  0.01020  2.38304e-03
 28  0.00761  1.79937e-03 | 29  0.02490  1.08789e-03 | 30  0.01045  8.77922e-05
 31  0.02199  4.41107e-04 | 32  0.07776  2.37900e-03 | 33  0.03216  3.15477e-04
 34  0.02414  5.61137e-04 | 35  0.03749  3.79678e-04 | 36  0.01698  4.36248e-04
 37  0.05348  1.27512e-03 | 38  0.02252  7.95916e-04 | 39 -0.00231  6.11248e-04
 40 -0.00754  5.62321e-04 | 41 -0.01407  6.81620e-04 | 42 -0.01097  3.26013e-05
 43  0.00423 -2.20732e-04 | 44  0.01586  1.81719e-04 | 45  0.00899  2.07248e-05
 46  0.00562 -3.68927e-04 | 47  0.00391 -7.23297e-04 | 48  0.01666 -6.20453e-04
 49  0.00691 -8.00759e-04 | 50 -0.02460 -1.12745e-03 | 51 -0.02522 -1.34761e-03
 52 -0.01955 -1.25725e-03 | 53 -0.00102 -1.36321e-03 | 54 -0.00727 -1.32503e-03
 55 -0.00102 -1.42321e-03 | 56 -0.03276 -1.47568e-03 | 57 -0.02847 -1.73213e-03
 58 -0.02110 -1.88016e-03 | 59  0.00117 -1.76118e-03 | 60 -0.00945 -1.57184e-03
 61 -0.01318 -1.65496e-03 | 62 -0.01333 -1.75084e-03 | 63 -0.01142 -1.97153e-03
 64 -0.00881 -1.94848e-03 | 65 -0.01475 -2.03375e-03 | 66 -0.00514  8.36398e-05
 67 -0.00017 -1.86639e-05 | 68  0.00000  0.00000e+00 | 69 -0.80641  4.21364e-02
 70  0.10836 -1.86626e-01 | 71  0.12949 -1.00060e+00 | 72  0.17446 -3.03239e-03
 73 -0.00416  5.33382e-04 | 74  0.03746  4.49999e-03 | 75  0.10697  8.20153e-01
 76  0.10812  2.64315e+00 | 77  0.15535  5.87317e-03 | 78 -0.00376  1.42634e-03
 79 -0.20224  4.06164e-03 | 80  0.11870  1.63949e-04 | 81  0.07979  1.49413e-03
 82  0.12800 -1.76617e-03 | 83  0.00000 -1.10597e-30 | 84  0.01597 -6.15163e-04
 85 -0.08239  9.14953e-04 | 86 -0.24539 -7.49191e-06 | 87  0.09934 -9.00553e-04
 88  0.74016  1.60157e-04 | 89 -0.17933  3.12008e-04 | 90  0.07422 -1.36535e-04
 91 -0.67734  1.69945e-04 |
91 variables; iteration 560; function evaluation 697; phase 4
Function value 2.2633627e+02; maximum gradient component mag 1.0501e-01
Var    Value     Gradient |Var    Value     Gradient |Var    Value     Gradient
  1 -0.00205  6.01190e-03 |  2 -0.01346  1.84980e-03 |  3 -0.02549  1.62376e-05
  4 -0.02540  1.68315e-05 |  5 -0.01853  2.08316e-05 |  6 -0.01279  2.55747e-05
  7 -0.01408  2.83335e-05 |  8 -0.00870  3.16775e-05 |  9  0.00199  3.65370e-05
 10 -0.00135  4.04389e-05 | 11  0.00184  4.40397e-05 | 12 -0.01127  4.14253e-05
 13 -0.02313  2.99828e-06 | 14 -0.01768  5.24785e-06 | 15 -0.01659  6.40094e-06
 16 -0.01403  6.12637e-06 | 17 -0.00798  9.67432e-06 | 18  0.00185  1.43949e-05
 19  0.00004  1.50161e-05 | 20  0.00592  2.43546e-05 | 21 -0.01292  1.57268e-05
 22 -0.01704  1.09463e-05 | 23 -0.01132  1.75990e-05 | 24 -0.01921  1.38491e-05
 25 -0.01791  1.99257e-05 | 26  0.01409  4.48350e-05 | 27  0.01020  3.68681e-05
 28  0.00761  2.68391e-05 | 29  0.02490  2.53628e-05 | 30  0.01045  6.06621e-06
 31  0.02199  7.14235e-06 | 32  0.07776  4.20421e-05 | 33  0.03216  9.54655e-06
 34  0.02414  6.22784e-06 | 35  0.03749  1.13306e-05 | 36  0.01698  2.13499e-06
 37  0.05348  2.75910e-05 | 38  0.02252  1.61661e-05 | 39 -0.00231  7.42233e-06
 40 -0.00754  6.52554e-06 | 41 -0.01407  4.41978e-06 | 42 -0.01097  2.32378e-06
 43  0.00423  3.79899e-06 | 44  0.01586  3.54241e-06 | 45  0.00899 -3.95909e-06
 46  0.00562 -6.23227e-06 | 47  0.00391 -1.02268e-05 | 48  0.01666 -7.45484e-06
 49  0.00691 -9.61162e-06 | 50 -0.02460 -1.82668e-05 | 51 -0.02522 -1.92485e-05
 52 -0.01955 -1.79466e-05 | 53 -0.00102 -1.73796e-05 | 54 -0.00727 -1.95219e-05
 55 -0.00102 -1.96285e-05 | 56 -0.03276 -2.37278e-05 | 57 -0.02847 -2.58945e-05
 58 -0.02110 -2.65709e-05 | 59  0.00117 -2.79239e-05 | 60 -0.00945 -2.92570e-05
 61 -0.01318 -3.18700e-05 | 62 -0.01333 -3.15584e-05 | 63 -0.01142 -3.36937e-05
 64 -0.00881 -3.51880e-05 | 65 -0.01475 -3.56561e-05 | 66 -0.00514 -7.10926e-07
 67 -0.00017  1.90812e-07 | 68  0.00000  0.00000e+00 | 69 -0.80641  2.27010e-03
 70  0.10837 -1.79959e-03 | 71  0.12949 -9.84094e-03 | 72  0.17446 -9.99972e-05
 73 -0.00002  6.92899e-06 | 74  0.03746  6.60475e-05 | 75  0.10697  3.23021e-02
 76  0.10811  1.05007e-01 | 77  0.15535  6.08198e-04 | 78 -0.00017  5.81061e-05
 79 -0.20224  1.98282e-04 | 80  0.11871  3.03151e-05 | 81  0.07979  2.64254e-05
 82  0.12800 -2.59996e-05 | 83  0.00000 -1.10620e-30 | 84  0.01597  6.84337e-06
 85 -0.08239  2.52967e-05 | 86 -0.24522  3.85427e-08 | 87  0.09934 -1.70958e-05
 88  0.74016  5.34816e-06 | 89 -0.17933  8.34332e-06 | 90  0.07422  6.02273e-06
 91 -0.67734  6.32487e-07 |

 - final statistics:
91 variables; iteration 571; function evaluation 708
Function value 2.2634e+02; maximum gradient component mag 8.6220e-05
Exit code = 1;  converg criter 1.0000e-04
Var    Value     Gradient |Var    Value     Gradient |Var    Value     Gradient
  1 -0.00205 -1.36698e-05 |  2 -0.01346  2.33931e-06 |  3 -0.02549 -6.18506e-08
  4 -0.02540 -9.43912e-08 |  5 -0.01853 -9.58739e-08 |  6 -0.01279 -1.51623e-07
  7 -0.01408 -1.28967e-07 |  8 -0.00870 -1.82300e-07 |  9  0.00199 -2.01048e-07
 10 -0.00135 -2.42527e-07 | 11  0.00184 -3.06815e-07 | 12 -0.01127 -3.09603e-07
 13 -0.02313  7.43077e-08 | 14 -0.01768  6.65033e-08 | 15 -0.01659  3.17561e-08
 16 -0.01403 -5.20612e-08 | 17 -0.00798 -9.98007e-08 | 18  0.00185 -2.16167e-07
 19  0.00004 -1.34136e-07 | 20  0.00592 -1.19652e-07 | 21 -0.01292 -1.62597e-07
 22 -0.01704 -1.99738e-07 | 23 -0.01132 -2.13289e-07 | 24 -0.01921 -1.49844e-07
 25 -0.01791 -2.09188e-07 | 26  0.01409 -4.83383e-07 | 27  0.01020 -3.67666e-07
 28  0.00761 -2.78143e-07 | 29  0.02490 -1.54510e-07 | 30  0.01045  2.82908e-10
 31  0.02199 -5.02553e-08 | 32  0.07776 -3.56613e-07 | 33  0.03216 -2.78349e-08
 34  0.02414 -5.75208e-08 | 35  0.03749 -5.66090e-08 | 36  0.01698 -4.83578e-08
 37  0.05348 -2.11469e-07 | 38  0.02252 -1.21620e-07 | 39 -0.00231 -7.80257e-08
 40 -0.00754 -8.25622e-08 | 41 -0.01407 -1.14513e-07 | 42 -0.01097 -3.24229e-08
 43  0.00423  1.81927e-08 | 44  0.01586 -3.87748e-08 | 45  0.00899  1.55608e-09
 46  0.00562  4.76764e-08 | 47  0.00391  1.01629e-07 | 48  0.01666  8.16565e-08
 49  0.00691  8.72482e-08 | 50 -0.02460  1.59214e-07 | 51 -0.02522  1.98488e-07
 52 -0.01955  1.77923e-07 | 53 -0.00102  1.79644e-07 | 54 -0.00727  1.69285e-07
 55 -0.00102  1.76450e-07 | 56 -0.03276  1.89759e-07 | 57 -0.02847  2.24129e-07
 58 -0.02110  2.38396e-07 | 59  0.00117  2.29149e-07 | 60 -0.00945  2.16344e-07
 61 -0.01318  2.40813e-07 | 62 -0.01333  2.45361e-07 | 63 -0.01142  2.81141e-07
 64 -0.00881  2.86454e-07 | 65 -0.01475  3.04229e-07 | 66 -0.00514 -4.27296e-09
 67 -0.00017  1.30147e-09 | 68  0.00000  0.00000e+00 | 69 -0.80641  3.05904e-06
 70  0.10837  1.35556e-05 | 71  0.12949  7.24578e-05 | 72  0.17446  2.93663e-07
 73 -0.00021 -4.34431e-08 | 74  0.03746 -3.78446e-07 | 75  0.10697  2.58543e-05
 76  0.10811  8.62199e-05 | 77  0.15535  1.57582e-06 | 78  0.00011  4.87404e-08
 79 -0.20224  1.20926e-07 | 80  0.11871 -1.20625e-07 | 81  0.07979 -3.85738e-07
 82  0.12800  2.09228e-07 | 83  0.00000 -1.10620e-30 | 84  0.01597  6.22560e-08
 85 -0.08239 -1.87897e-07 | 86 -0.24522 -1.25104e-09 | 87  0.09934  1.55444e-07
 88  0.74016 -3.77704e-08 | 89 -0.17933 -4.76373e-08 | 90  0.07422 -2.59004e-09
 91 -0.67734 -2.62891e-08 |
size of file gradfil1.tmp = 0
size of file gradfil2.tmp = 0
size of file varssave.tmp = 0
size of file cmpdiff.tmp = 0
