
Initial statistics: 6 variables; iteration 0; function evaluation 0; phase 1
Function value 2.8302781e+06; maximum gradient component mag -2.1267e+08
Var    Value     Gradient |Var    Value     Gradient |Var    Value     Gradient
  1  0.09048 -2.12673e+08 |  2 -0.00695 -6.68147e+05 |  3  0.00000 -3.20812e+00
  4  0.00000  1.71114e-01 |  5  0.00000  0.00000e+00 |  6 -0.72906  1.16895e+04

Intermediate statistics: 6 variables; iteration 20; function evaluation 46; phase 1
Function value 3.8002284e+02; maximum gradient component mag -3.7613e+03
Var    Value     Gradient |Var    Value     Gradient |Var    Value     Gradient
  1  0.10105 -3.76127e+03 |  2 -0.03255  3.48456e+01 |  3 -0.00283 -9.27665e-01
  4  0.00822  6.22531e+00 |  5  0.00000  0.00000e+00 |  6 -0.72357  4.75534e+01
6 variables; iteration 40; function evaluation 69; phase 1
Function value 3.6390740e+02; maximum gradient component mag -6.9001e+02
Var    Value     Gradient |Var    Value     Gradient |Var    Value     Gradient
  1  0.11437 -6.90011e+02 |  2 -0.06680 -3.39041e+02 |  3  0.00100  1.77127e+00
  4 -0.01447 -1.09236e+01 |  5  0.00000  0.00000e+00 |  6 -0.71502 -2.34322e+02

 - final statistics:
6 variables; iteration 51; function evaluation 81
Function value 3.6224e+02; maximum gradient component mag -2.3542e+00
Exit code = 1;  converg criter 1.0000e+01
Var    Value     Gradient |Var    Value     Gradient |Var    Value     Gradient
  1  0.11600 -2.35422e+00 |  2 -0.01957 -1.05583e+00 |  3 -0.00124  1.05851e-02
  4 -0.00010 -6.51026e-02 |  5  0.00000  0.00000e+00 |  6 -0.76841 -1.06437e+00

Initial statistics: 60 variables; iteration 0; function evaluation 0; phase 2
Function value 3.6224349e+02; maximum gradient component mag -3.6735e+02
Var    Value     Gradient |Var    Value     Gradient |Var    Value     Gradient
  1  0.11600 -2.35422e+00 |  2 -0.01957 -1.05583e+00 |  3  0.00000  7.28134e+01
  4  0.00000  7.59885e+01 |  5  0.00000  7.82104e+01 |  6  0.00000  7.42008e+01
  7  0.00000  6.55632e+01 |  8  0.00000  6.05619e+01 |  9  0.00000  6.69504e+01
 10  0.00000  9.16145e+01 | 11  0.00000  1.22133e+02 | 12  0.00000  1.24208e+02
 13  0.00000  1.03196e+02 | 14  0.00000  7.53425e+01 | 15  0.00000  1.08348e+01
 16  0.00000 -6.67243e+01 | 17  0.00000 -1.16229e+02 | 18  0.00000 -1.70315e+02
 19  0.00000 -2.11216e+02 | 20  0.00000 -2.58587e+02 | 21  0.00000 -3.27862e+02
 22  0.00000 -3.67348e+02 | 23  0.00000 -3.20900e+02 | 24  0.00000 -2.99292e+02
 25  0.00000 -2.94780e+02 | 26  0.00000 -2.88750e+02 | 27  0.00000 -2.68988e+02
 28  0.00000 -1.80774e+02 | 29  0.00000 -6.20219e+01 | 30  0.00000  2.12219e+01
 31  0.00000  6.46024e+01 | 32  0.00000  4.41292e+01 | 33  0.00000  3.79715e+00
 34  0.00000 -3.25816e+00 | 35  0.00000  1.42432e+00 | 36  0.00000  2.12465e+01
 37  0.00000  3.42391e+01 | 38  0.00000  4.66072e+01 | 39  0.00000  1.11233e+02
 40  0.00000  1.70443e+02 | 41  0.00000  1.72991e+02 | 42  0.00000  1.49343e+02
 43  0.00000  1.23990e+02 | 44  0.00000  1.23795e+02 | 45  0.00000  1.54181e+02
 46  0.00000  1.88631e+02 | 47  0.00000  1.71346e+02 | 48  0.00000  1.31481e+02
 49  0.00000  9.91221e+01 | 50  0.00000  1.11310e+02 | 51  0.00000  1.04125e+02
 52  0.00000  8.84249e+01 | 53  0.00000  4.77861e+01 | 54  0.00000  2.04117e+01
 55  0.00000  9.54614e+00 | 56 -0.00124  1.05851e-02 | 57 -0.00010 -6.51026e-02
 58  0.00000  0.00000e+00 | 59 -0.76841 -1.06437e+00 | 60  0.11347  1.63583e+02

Intermediate statistics: 60 variables; iteration 20; function evaluation 34; phase 2
Function value 2.7524534e+02; maximum gradient component mag -1.8607e+03
Var    Value     Gradient |Var    Value     Gradient |Var    Value     Gradient
  1  0.08476 -1.86068e+03 |  2  0.04058 -1.16560e+03 |  3 -0.02079 -5.96100e+00
  4 -0.00906  3.07902e+00 |  5 -0.01243  6.58462e+00 |  6 -0.00404  1.62000e+01
  7  0.01498  3.38609e+01 |  8  0.02520  5.36164e+01 |  9  0.03147  7.00817e+01
 10  0.02401  6.60872e+01 | 11 -0.00030  3.68491e+01 | 12 -0.00870  7.16149e+00
 13 -0.00248 -1.00451e+01 | 14 -0.03476 -2.44098e+01 | 15 -0.01103  5.90802e+00
 16  0.04894  6.14294e+01 | 17  0.00721  7.86715e+00 | 18  0.02641 -1.74607e+01
 19  0.05869 -3.90423e+01 | 20 -0.10227 -8.87866e+01 | 21  0.03847  5.12891e+00
 22  0.12286  9.05786e+01 | 23 -0.01704 -2.80918e+01 | 24 -0.03053 -6.53664e+01
 25  0.03780 -4.43558e+01 | 26  0.01279 -8.41597e+00 | 27  0.08586  7.56707e+01
 28  0.01899  3.18608e+01 | 29 -0.02377 -4.82239e+00 | 30 -0.00171  1.34743e+01
 31 -0.00811  1.44195e+01 | 32 -0.00819  3.94148e+00 | 33  0.00517 -3.95807e+00
 34  0.00387  2.09785e+00 | 35  0.01709  2.66299e+01 | 36  0.01328  4.41180e+01
 37  0.01513  5.41450e+01 | 38  0.02340  4.33949e+01 | 39 -0.02729 -1.06957e+01
 40 -0.05424 -2.97861e+01 | 41 -0.04320 -1.74343e+01 | 42 -0.01854  1.87491e+01
 43  0.00255  5.44799e+01 | 44  0.00156  5.52590e+01 | 45 -0.01072  4.03723e+01
 46 -0.01154  4.26845e+01 | 47 -0.00446  4.42501e+01 | 48 -0.00636  3.34927e+01
 49  0.00637  2.98383e+01 | 50 -0.02188  6.49320e+00 | 51 -0.00980 -2.16233e+00
 52 -0.02531 -2.43532e+01 | 53 -0.01858 -3.73431e+01 | 54 -0.04243 -3.94820e+01
 55 -0.03925 -2.11141e+01 | 56 -0.00729 -2.33498e+00 | 57  0.00002  3.99173e-02
 58  0.00000  0.00000e+00 | 59 -0.76920 -1.28574e+03 | 60  0.09832 -1.14617e+02
60 variables; iteration 40; function evaluation 60; phase 2
Function value 2.5946530e+02; maximum gradient component mag -1.2773e+02
Var    Value     Gradient |Var    Value     Gradient |Var    Value     Gradient
  1  0.08671  8.48674e+01 |  2  0.03303 -7.79642e+01 |  3 -0.01641 -2.79198e+01
  4 -0.01259 -2.85929e+01 |  5 -0.01906 -2.75632e+01 |  6 -0.00833 -2.00279e+01
  7  0.00040 -2.48153e+01 |  8  0.00963 -3.09854e+01 |  9  0.00507 -3.59516e+01
 10  0.01127 -1.35525e+01 | 11 -0.01561 -6.14274e+00 | 12 -0.00435  1.65733e+01
 13 -0.00387  1.77204e+01 | 14 -0.02047  1.77100e+00 | 15 -0.01167 -1.20006e+01
 16  0.03460 -1.02111e+01 | 17  0.01366 -1.57328e+01 | 18  0.02049  3.90049e+00
 19  0.05497  3.76811e+01 | 20 -0.00373 -2.08169e+01 | 21  0.02380 -2.90535e+01
 22  0.09548 -4.32457e+01 | 23 -0.03122 -4.92565e+01 | 24  0.02631 -1.13191e+01
 25  0.04499  8.09281e+00 | 26 -0.00154 -2.70546e+01 | 27  0.06472 -1.46373e+01
 28  0.00405 -2.09158e+01 | 29 -0.00497  9.72357e-01 | 30 -0.00188  2.31038e+01
 31 -0.00402  3.28453e+01 | 32 -0.01168  7.32656e+00 | 33  0.00258 -3.58886e+00
 34  0.00116 -7.96752e+00 | 35  0.00876 -5.98049e+00 | 36  0.00481 -3.03680e+00
 37  0.00621 -1.16839e+00 | 38  0.00405 -5.00253e+00 | 39 -0.01356  2.04918e+01
 40 -0.03019  3.44270e+01 | 41 -0.02795  3.33992e+01 | 42 -0.02211  1.42902e+01
 43 -0.01122  6.51720e-01 | 44 -0.01132  1.64760e+00 | 45 -0.01279  2.22194e+01
 46 -0.02550  2.28457e+01 | 47 -0.01398  2.97241e+01 | 48 -0.01206  1.75432e+01
 49  0.00136  8.68031e+00 | 50 -0.02065 -4.42572e+00 | 51 -0.02545 -1.36424e+01
 52  0.00040  2.97365e+01 | 53 -0.01149  1.12634e+01 | 54 -0.00294  1.67860e+01
 55 -0.02823 -1.85794e+01 | 56 -0.00104  1.56911e+00 | 57 -0.00014 -8.52310e-02
 58  0.00000  0.00000e+00 | 59 -0.76358 -1.27729e+02 | 60  0.10984 -3.00154e+01
60 variables; iteration 60; function evaluation 93; phase 2
Function value 2.5502390e+02; maximum gradient component mag -3.8158e+02
Var    Value     Gradient |Var    Value     Gradient |Var    Value     Gradient
  1  0.08766 -3.81575e+02 |  2  0.00716 -1.85379e+02 |  3 -0.01017  1.03443e+01
  4 -0.00615  1.19048e+01 |  5 -0.01136  9.32244e+00 |  6 -0.00787  8.24315e+00
  7 -0.00237  3.35708e+00 |  8  0.01127  7.80097e+00 |  9  0.01173  4.62338e+00
 10  0.00386  7.18391e+00 | 11 -0.01189  8.39809e+00 | 12 -0.01398  5.08084e+00
 13 -0.01027  6.67366e+00 | 14 -0.01668  1.31229e+01 | 15 -0.00755  7.71525e+00
 16  0.02826  8.39468e+00 | 17  0.01787  2.04896e+00 | 18  0.02725 -3.71019e+00
 19  0.02584 -7.18159e+00 | 20  0.01783 -6.49472e+00 | 21  0.02868 -1.18935e+01
 22  0.08724 -8.92363e+00 | 23  0.00472 -1.03792e+01 | 24  0.02445 -6.32504e+00
 25  0.02650 -8.97202e+00 | 26  0.02609 -7.43932e+00 | 27  0.05527 -9.06568e+00
 28  0.01433 -8.36141e+00 | 29 -0.00620 -2.31715e+00 | 30 -0.00772 -1.14778e+00
 31 -0.01733 -2.14179e+00 | 32 -0.00821  1.82498e+00 | 33  0.00423  3.34141e+00
 34  0.00290  3.08745e+00 | 35  0.01087  1.42479e+00 | 36  0.00433 -5.85183e-01
 37  0.00324  8.14774e-01 | 38  0.01301  3.59882e+00 | 39 -0.01725  4.28156e+00
 40 -0.04086 -1.17859e-01 | 41 -0.03234  4.51056e+00 | 42 -0.01876  6.47769e+00
 43 -0.00853  5.42644e+00 | 44 -0.00975  1.59706e+00 | 45 -0.02043  4.18840e-01
 46 -0.02934  1.94321e-01 | 47 -0.02371 -3.67319e+00 | 48 -0.01714 -3.88124e+00
 49  0.00117  4.87261e+00 | 50 -0.02534  5.76881e-01 | 51 -0.00749  8.66889e+00
 52 -0.01721  8.84761e-01 | 53 -0.01117 -2.70656e+00 | 54 -0.01787  3.20384e-01
 55 -0.01423  5.81172e+00 | 56  0.00082  3.70534e+00 | 57 -0.00178 -1.32222e+00
 58  0.00000  0.00000e+00 | 59 -0.73899 -1.85252e+02 | 60  0.11211  4.10156e+00
Maximum number of function evaluations exceeded

 - final statistics:
60 variables; iteration 65; function evaluation 100
Function value 2.5493e+02; maximum gradient component mag -2.6770e+02
Exit code = 3;  converg criter 1.0000e+01
Var    Value     Gradient |Var    Value     Gradient |Var    Value     Gradient
  1  0.08772 -2.67702e+02 |  2  0.00612 -1.44336e+02 |  3 -0.01098  7.89685e+00
  4 -0.00662  9.81512e+00 |  5 -0.01073  8.48709e+00 |  6 -0.00855  6.35016e+00
  7 -0.00158  2.72846e+00 |  8  0.01050  6.05560e+00 |  9  0.01231  4.21163e+00
 10  0.00470  6.80562e+00 | 11 -0.01379  5.15109e+00 | 12 -0.01283  4.56126e+00
 13 -0.01077  4.41966e+00 | 14 -0.01774  1.05831e+01 | 15 -0.00650  7.81535e+00
 16  0.02732  7.59709e+00 | 17  0.01800  2.81800e+00 | 18  0.02799 -2.81624e+00
 19  0.02449 -7.76119e+00 | 20  0.01853 -5.83831e+00 | 21  0.02958 -1.05748e+01
 22  0.08598 -4.90284e+00 | 23  0.00920 -5.39983e+00 | 24  0.02320 -4.36759e+00
 25  0.02624 -7.20228e+00 | 26  0.02718 -5.17080e+00 | 27  0.05445 -6.06920e+00
 28  0.01564 -5.35517e+00 | 29 -0.00661 -8.98047e-01 | 30 -0.00838 -4.09196e-02
 31 -0.01639 -6.84099e-02 | 32 -0.00839  1.92153e+00 | 33  0.00327  1.91616e+00
 34  0.00332  3.27939e+00 | 35  0.01102  1.75211e+00 | 36  0.00354 -1.19482e+00
 37  0.00368  9.72830e-01 | 38  0.01278  2.94446e+00 | 39 -0.01724  3.29508e+00
 40 -0.04154 -1.96858e+00 | 41 -0.03213  3.60088e+00 | 42 -0.01904  4.94841e+00
 43 -0.00942  3.67211e+00 | 44 -0.00841  2.71575e+00 | 45 -0.02099 -5.83882e-01
 46 -0.02991 -1.05075e+00 | 47 -0.02296 -3.26348e+00 | 48 -0.01685 -3.87500e+00
 49  0.00096  3.83041e+00 | 50 -0.02592 -1.15797e+00 | 51 -0.00728  7.69044e+00
 52 -0.01750 -3.58968e-01 | 53 -0.01167 -3.78203e+00 | 54 -0.01680  8.32215e-01
 55 -0.01474  4.57388e+00 | 56  0.00176  4.44370e+00 | 57  0.00327  2.49550e+00
 58  0.00000  0.00000e+00 | 59 -0.73789 -1.45599e+02 | 60  0.11188  1.91805e+00

Initial statistics: 81 variables; iteration 0; function evaluation 0; phase 3
Function value 2.5493235e+02; maximum gradient component mag -2.6770e+02
Var    Value     Gradient |Var    Value     Gradient |Var    Value     Gradient
  1  0.08772 -2.67702e+02 |  2  0.00612 -1.44336e+02 |  3 -0.01101  6.77519e+00
  4 -0.00665  8.69336e+00 |  5 -0.01076  7.36543e+00 |  6 -0.00858  5.22843e+00
  7 -0.00160  1.60664e+00 |  8  0.01047  4.93393e+00 |  9  0.01229  3.09002e+00
 10  0.00468  5.68383e+00 | 11 -0.01381  4.02953e+00 | 12 -0.01286  3.43966e+00
 13 -0.01080  3.29800e+00 | 14 -0.01776  9.46169e+00 | 15 -0.00653  6.69359e+00
 16  0.02730  6.47631e+00 | 17  0.01798  1.69663e+00 | 18  0.02797 -3.93699e+00
 19  0.02446 -8.88219e+00 | 20  0.01850 -6.95967e+00 | 21  0.02956 -1.16954e+01
 22  0.08595 -6.01448e+00 | 23  0.00917 -6.52154e+00 | 24  0.02317 -5.48867e+00
 25  0.02621 -8.32316e+00 | 26  0.02715 -6.29161e+00 | 27  0.05442 -7.18694e+00
 28  0.01561 -6.47666e+00 | 29 -0.00663 -2.01981e+00 | 30 -0.00841 -1.16264e+00
 31 -0.01641 -1.18986e+00 | 32 -0.00841  7.99806e-01 | 33  0.00325  7.94349e-01
 34  0.00329  2.15758e+00 | 35  0.01100  6.30461e-01 | 36  0.00351 -2.31662e+00
 37  0.00366 -1.48973e-01 | 38  0.01275  1.82286e+00 | 39 -0.01726  2.17366e+00
 40 -0.04156 -3.08801e+00 | 41 -0.03216  2.48049e+00 | 42 -0.01907  3.82708e+00
 43 -0.00945  2.55041e+00 | 44 -0.00843  1.59403e+00 | 45 -0.02102 -1.70509e+00
 46 -0.02994 -2.17133e+00 | 47 -0.02298 -4.38457e+00 | 48 -0.01687 -4.99642e+00
 49  0.00094  2.70859e+00 | 50 -0.02595 -2.27885e+00 | 51 -0.00730  6.56868e+00
 52 -0.01752 -1.48036e+00 | 53 -0.01169 -4.90366e+00 | 54 -0.01682 -2.89215e-01
 55 -0.01477  3.45236e+00 | 56  0.00176  4.44370e+00 | 57  0.00327  2.49550e+00
 58  0.00000  0.00000e+00 | 59 -0.73789 -1.45599e+02 | 60  0.25640 -5.91460e+01
 61  0.07174 -5.40021e+01 | 62  0.19318  2.21770e+01 | 63 -0.00011  8.39872e-02
 64  0.07597  2.35527e+00 | 65  0.21046 -2.62414e+02 | 66 -0.01458 -2.46341e+01
 67  0.16818 -1.01347e+02 | 68  0.00000 -1.05288e-08 | 69 -0.16648 -1.99375e+01
 70  0.16600 -6.01752e+01 | 71  0.05303 -1.20754e+01 | 72  0.12915  8.34925e+01
 73  0.00000 -6.26428e-29 | 74  0.04032 -1.50969e+01 | 75 -0.05058 -1.42437e+01
 76 -0.23125 -4.54278e-04 | 77  0.10454  1.36978e+01 | 78  0.68300 -1.73831e+00
 79 -0.13143 -6.02962e+00 | 80  0.11188  1.91805e+00 | 81 -0.64175  1.12697e+00

Intermediate statistics: 81 variables; iteration 20; function evaluation 24; phase 3
Function value 2.5444417e+02; maximum gradient component mag -2.4154e+02
Var    Value     Gradient |Var    Value     Gradient |Var    Value     Gradient
  1  0.08728 -2.29322e+02 |  2 -0.00129 -1.42870e+02 |  3 -0.01426  1.12321e+00
  4 -0.00950  1.58597e+00 |  5 -0.01330  1.26933e+00 |  6 -0.01083  6.65219e-01
  7 -0.00110 -3.21427e-02 |  8  0.00732  3.10524e-01 |  9  0.01334  1.32409e+00
 10  0.00308  2.83228e+00 | 11 -0.01416  3.17337e+00 | 12 -0.01312  3.49968e+00
 13 -0.01009  3.90391e+00 | 14 -0.02231  4.23653e+00 | 15 -0.00708  5.27474e+00
 16  0.02800  8.08768e+00 | 17  0.01850  7.41772e+00 | 18  0.02928  7.03310e+00
 19  0.02712  4.37062e+00 | 20  0.01775  2.43640e+00 | 21  0.03841  1.12479e+00
 22  0.08303  2.13180e+00 | 23  0.01288 -1.33190e-02 | 24  0.02198 -5.53365e-01
 25  0.02767 -1.97488e+00 | 26  0.02635 -3.32267e+00 | 27  0.05205 -6.16483e+00
 28  0.01716 -5.14262e+00 | 29 -0.00812 -3.91379e+00 | 30 -0.00922 -3.54399e+00
 31 -0.01606 -2.74816e+00 | 32 -0.00900 -2.12662e+00 | 33  0.00360 -1.83247e+00
 34  0.00172 -1.46467e+00 | 35  0.01093 -1.17297e+00 | 36  0.00640 -6.54697e-01
 37  0.00442  2.54088e-01 | 38  0.01275  1.33132e+00 | 39 -0.01853  1.37142e+00
 40 -0.03892  5.99511e-01 | 41 -0.03326  1.11851e+00 | 42 -0.01957  1.49692e+00
 43 -0.00919  1.46349e+00 | 44 -0.00903  1.32951e+00 | 45 -0.01952  8.97148e-01
 46 -0.02789  7.91585e-01 | 47 -0.02003  4.51562e-01 | 48 -0.01375  8.27639e-02
 49 -0.00192  5.18883e-01 | 50 -0.02195  2.10257e-01 | 51 -0.01043  1.30264e+00
 52 -0.01548  4.55999e-01 | 53 -0.00850 -4.06139e-02 | 54 -0.01779 -3.20921e-02
 55 -0.01861  9.68332e-02 | 56 -0.00316  2.99946e-01 | 57  0.00016  1.37320e-01
 58  0.00000  0.00000e+00 | 59 -0.72836 -1.31441e+02 | 60  0.25702  4.02541e+01
 61  0.07089  4.46332e+01 | 62  0.19239  1.77690e+01 | 63 -0.00041  4.00037e-02
 64  0.07507 -6.58444e-01 | 65  0.21042 -2.41535e+02 | 66 -0.01434 -2.31640e+01
 67  0.16704 -1.08328e+02 | 68  0.00000 -5.48578e-08 | 69 -0.16115 -1.90781e+01
 70  0.16954  1.16926e+01 | 71  0.04824  1.10728e+01 | 72  0.12892  1.83121e+01
 73 -0.00000  1.33737e-28 | 74  0.04281  2.26728e-02 | 75 -0.04899 -5.46154e+00
 76 -0.23125 -7.28273e-05 | 77  0.10491  7.22735e+00 | 78  0.68130  1.61829e-01
 79 -0.12800 -8.24522e-01 | 80  0.11398  9.35339e+00 | 81 -0.64179 -3.41403e+00
81 variables; iteration 40; function evaluation 51; phase 3
Function value 2.5440425e+02; maximum gradient component mag 2.9085e+02
Var    Value     Gradient |Var    Value     Gradient |Var    Value     Gradient
  1  0.08710 -2.58915e+02 |  2 -0.00458 -8.39201e+00 |  3 -0.01446  3.60582e+00
  4 -0.01018  3.15892e+00 |  5 -0.01371  3.72269e+00 |  6 -0.01081  4.47652e+00
  7 -0.00069  4.54847e+00 |  8  0.00709  3.45572e+00 |  9  0.01324  1.98148e+00
 10  0.00270  1.39505e+00 | 11 -0.01406  2.35899e+00 | 12 -0.01354  2.73881e+00
 13 -0.01035  3.28843e+00 | 14 -0.02210  3.89966e+00 | 15 -0.00711  1.55001e+00
 16  0.02731 -1.79289e+00 | 17  0.01818  2.67371e-01 | 18  0.02957  2.84360e+00
 19  0.02698  2.19937e+00 | 20  0.01774  1.84677e+00 | 21  0.03845 -4.57677e-01
 22  0.08332 -3.54550e+00 | 23  0.01310  3.64429e-01 | 24  0.02164 -1.60811e-01
 25  0.02828 -3.00560e-01 | 26  0.02674 -1.32794e+00 | 27  0.05240 -7.33310e+00
 28  0.01707 -6.52263e+00 | 29 -0.00880 -6.08676e+00 | 30 -0.00938 -6.85706e+00
 31 -0.01579 -5.53398e+00 | 32 -0.00916 -5.54310e+00 | 33  0.00331 -5.00775e+00
 34  0.00184 -2.75372e+00 | 35  0.01113 -2.44145e+00 | 36  0.00668 -1.35819e+00
 37  0.00447 -3.63882e-01 | 38  0.01315 -7.00048e-01 | 39 -0.01879 -6.95537e-01
 40 -0.03968 -1.55417e+00 | 41 -0.03316 -1.50031e-01 | 42 -0.01928  1.28239e+00
 43 -0.00904  2.64926e+00 | 44 -0.00869  2.46456e+00 | 45 -0.01932  8.43716e-01
 46 -0.02829  4.11897e-02 | 47 -0.02006  6.91638e-01 | 48 -0.01302  3.09079e+00
 49 -0.00145  4.34246e+00 | 50 -0.02184  2.87201e+00 | 51 -0.01078  1.41628e+00
 52 -0.01558  1.05746e+00 | 53 -0.00852  1.90113e+00 | 54 -0.01754  4.69936e+00
 55 -0.01847  5.49311e+00 | 56 -0.00337  1.24196e-01 | 57 -0.00004 -1.01355e-02
 58  0.00000  0.00000e+00 | 59 -0.72482 -9.69495e+00 | 60  0.25832  2.90852e+02
 61  0.06952  2.68467e+02 | 62  0.19233  1.24650e+01 | 63 -0.07940  9.95807e-02
 64  0.07980  9.84345e-01 | 65  0.20970 -8.23403e+00 | 66 -0.00462 -9.88063e-01
 67  0.16663 -2.04203e+00 | 68  0.00010  4.81841e-07 | 69 -0.15716  1.71577e+00
 70  0.17071 -1.14110e+01 | 71  0.04540  7.29258e-01 | 72  0.12922  2.60659e+01
 73  0.00000  5.46013e-30 | 74  0.04328 -7.69497e-01 | 75 -0.04661 -4.52594e+00
 76 -0.23121 -2.22052e-04 | 77  0.10601  7.40387e+00 | 78  0.66829 -6.61899e-01
 79 -0.12559 -2.10593e+00 | 80  0.11374  3.38794e+00 | 81 -0.64252 -2.54949e+00
81 variables; iteration 60; function evaluation 80; phase 3
Function value 2.5436001e+02; maximum gradient component mag -8.2998e+01
Var    Value     Gradient |Var    Value     Gradient |Var    Value     Gradient
  1  0.08715 -8.29976e+01 |  2 -0.00599 -8.68628e+00 |  3 -0.01471  6.04325e-01
  4 -0.00994  5.78224e-01 |  5 -0.01359  7.59736e-01 |  6 -0.01103  9.37235e-01
  7 -0.00102  1.12377e+00 |  8  0.00728  1.20262e+00 |  9  0.01358  7.66842e-01
 10  0.00304  5.85756e-02 | 11 -0.01434 -3.89519e-01 | 12 -0.01350 -5.63735e-01
 13 -0.01041 -5.42072e-01 | 14 -0.02288 -2.47242e-01 | 15 -0.00735 -1.01329e+00
 16  0.02763 -2.40715e+00 | 17  0.01794 -1.72104e+00 | 18  0.02918 -8.48712e-01
 19  0.02659 -9.64813e-01 | 20  0.01760 -1.76169e-01 | 21  0.03942 -5.14949e-01
 22  0.08268 -1.38361e+00 | 23  0.01369  1.85524e-01 | 24  0.02151 -3.65127e-01
 25  0.02794  3.26891e-02 | 26  0.02637  1.39984e-01 | 27  0.05260  1.03319e-02
 28  0.01772  2.12877e-01 | 29 -0.00796 -6.66537e-03 | 30 -0.00895 -1.69465e-01
 31 -0.01568 -3.28235e-02 | 32 -0.00902 -4.00277e-01 | 33  0.00343 -5.47934e-01
 34  0.00134 -5.58246e-01 | 35  0.01109 -5.43054e-01 | 36  0.00673 -6.94391e-01
 37  0.00417 -9.82761e-01 | 38  0.01244 -1.06665e+00 | 39 -0.01873 -2.44260e-01
 40 -0.03848  1.34242e-01 | 41 -0.03347 -3.98170e-01 | 42 -0.01975 -6.07673e-01
 43 -0.00916 -3.58089e-01 | 44 -0.00917 -3.56392e-01 | 45 -0.01953 -3.29457e-01
 46 -0.02770  5.76866e-02 | 47 -0.01948  3.17017e-01 | 48 -0.01318  3.83617e-01
 49 -0.00225 -1.34565e-01 | 50 -0.02182 -9.88879e-02 | 51 -0.01058  3.23202e-01
 52 -0.01491  7.89346e-01 | 53 -0.00811  5.86084e-01 | 54 -0.01802  7.55933e-01
 55 -0.01910  9.71077e-01 | 56 -0.00374 -2.22929e-01 | 57  0.00000  2.17399e-02
 58  0.00000  0.00000e+00 | 59 -0.72256 -8.23458e+00 | 60  0.25857  7.66871e+01
 61  0.06923  7.23704e+01 | 62  0.19232  1.04541e+00 | 63 -0.04393  3.95771e-02
 64  0.07599 -8.94897e-01 | 65  0.20984 -5.57001e+00 | 66 -0.00453 -8.37490e-01
 67  0.16658 -6.87118e+00 | 68  0.00016  8.06635e-07 | 69 -0.16287 -4.35757e-01
 70  0.17162  6.46191e+00 | 71  0.04347  3.47832e+00 | 72  0.12916 -9.98169e-01
 73  0.00000  2.94317e-29 | 74  0.04270 -6.90153e-01 | 75 -0.04733 -7.60211e-01
 76 -0.23106 -1.07620e-04 | 77  0.10542  7.62130e-01 | 78  0.67264 -1.91848e-01
 79 -0.12627 -1.02160e+00 | 80  0.11351 -2.24475e+00 | 81 -0.64160  9.01184e-01
Maximum number of function evaluations exceeded

 - final statistics:
81 variables; iteration 73; function evaluation 100
Function value 2.5435e+02; maximum gradient component mag 9.2462e+01
Exit code = 3;  converg criter 1.0000e+00
Var    Value     Gradient |Var    Value     Gradient |Var    Value     Gradient
  1  0.08715 -3.17960e+01 |  2 -0.00652 -1.28921e+00 |  3 -0.01461  5.00315e-01
  4 -0.00990  4.36728e-01 |  5 -0.01372  3.74006e-01 |  6 -0.01115  4.50264e-01
  7 -0.00099  6.49935e-01 |  8  0.00702  4.59257e-01 |  9  0.01365  4.53772e-01
 10  0.00278 -8.87380e-02 | 11 -0.01424  2.37410e-02 | 12 -0.01328  1.18055e-01
 13 -0.01034 -7.89847e-02 | 14 -0.02304 -2.71783e-01 | 15 -0.00752 -8.15284e-01
 16  0.02784 -1.28436e+00 | 17  0.01809 -8.62263e-01 | 18  0.02877 -4.93976e-01
 19  0.02717 -1.46541e-01 | 20  0.01730 -1.47693e-01 | 21  0.03951 -2.58101e-01
 22  0.08273 -8.14434e-01 | 23  0.01340 -1.50550e-02 | 24  0.02179 -1.95252e-01
 25  0.02769 -1.43977e-01 | 26  0.02658  1.00016e-01 | 27  0.05240 -1.72608e-01
 28  0.01767 -1.63524e-02 | 29 -0.00785 -7.46940e-02 | 30 -0.00900 -2.97190e-01
 31 -0.01595 -3.13279e-01 | 32 -0.00888 -1.25871e-01 | 33  0.00328 -3.33851e-01
 34  0.00171 -3.80381e-02 | 35  0.01073 -6.27095e-01 | 36  0.00695 -3.24200e-01
 37  0.00431 -5.15199e-01 | 38  0.01254 -3.96857e-01 | 39 -0.01885 -5.73959e-03
 40 -0.03853  3.39497e-01 | 41 -0.03336  9.90142e-02 | 42 -0.01963 -6.47332e-02
 43 -0.00927 -1.10332e-01 | 44 -0.00921  1.61849e-02 | 45 -0.01926  2.47858e-01
 46 -0.02747  3.65340e-01 | 47 -0.01956  1.76801e-01 | 48 -0.01334  1.65985e-01
 49 -0.00212  7.80775e-02 | 50 -0.02149  9.86823e-02 | 51 -0.01093 -3.32952e-01
 52 -0.01506  2.11572e-01 | 53 -0.00792  4.37737e-01 | 54 -0.01794  4.32709e-01
 55 -0.01925  3.09849e-01 | 56 -0.00377 -2.49967e-01 | 57 -0.00017 -1.06785e-01
 58  0.00000  0.00000e+00 | 59 -0.72180 -1.34538e+00 | 60  0.25881  9.24624e+01
 61  0.06897  8.50556e+01 | 62  0.19236 -9.27358e-01 | 63 -0.06034  4.30780e-02
 64  0.07720  1.79830e-02 | 65  0.20983  1.22037e+00 | 66 -0.00412  2.72275e-01
 67  0.16658 -6.26750e-01 | 68  0.00017  8.38370e-07 | 69 -0.16415  1.56989e-02
 70  0.17200  3.11230e+00 | 71  0.04243  2.00299e+00 | 72  0.12932  3.44732e-02
 73  0.00000  1.58794e-29 | 74  0.04273 -6.13983e-01 | 75 -0.04745 -9.90399e-02
 76 -0.23091 -7.06432e-05 | 77  0.10534 -6.12045e-02 | 78  0.67322 -1.60427e-02
 79 -0.12615 -4.36296e-01 | 80  0.11364 -9.48793e-01 | 81 -0.64164  3.15992e-01

Initial statistics: 91 variables; iteration 0; function evaluation 0; phase 4
Function value 2.5435493e+02; maximum gradient component mag 9.2462e+01
Var    Value     Gradient |Var    Value     Gradient |Var    Value     Gradient
  1  0.08715 -3.17960e+01 |  2 -0.00652 -1.28921e+00 |  3  0.00000  2.39379e+01
  4  0.00000  2.25716e+01 |  5  0.00000  1.56260e+01 |  6  0.00000  1.44753e+01
  7  0.00000  1.51859e+01 |  8  0.00000  4.07846e+00 |  9  0.00000 -9.81994e-01
 10  0.00000 -1.79231e+00 | 11  0.00000  1.31960e-01 | 12  0.00000  1.06975e+01
 13 -0.01461  5.53676e-01 | 14 -0.00990  4.90096e-01 | 15 -0.01372  4.27369e-01
 16 -0.01115  5.03631e-01 | 17 -0.00099  7.03310e-01 | 18  0.00702  5.12629e-01
 19  0.01365  5.07135e-01 | 20  0.00278 -3.53635e-02 | 21 -0.01424  7.71026e-02
 22 -0.01328  1.71418e-01 | 23 -0.01034 -2.56167e-02 | 24 -0.02304 -2.18443e-01
 25 -0.00752 -7.61913e-01 | 26  0.02784 -1.23103e+00 | 27  0.01809 -8.08910e-01
 28  0.02877 -4.40655e-01 | 29  0.02717 -9.32149e-02 | 30  0.01730 -9.43380e-02
 31  0.03952 -2.04829e-01 | 32  0.08273 -7.61509e-01 | 33  0.01341  3.83082e-02
 34  0.02179 -1.41908e-01 | 35  0.02769 -9.06527e-02 | 36  0.02658  1.53344e-01
 37  0.05240 -1.19414e-01 | 38  0.01767  3.70020e-02 | 39 -0.00785 -2.13230e-02
 40 -0.00899 -2.43821e-01 | 41 -0.01595 -2.59920e-01 | 42 -0.00888 -7.25011e-02
 43  0.00328 -2.80476e-01 | 44  0.00171  1.53367e-02 | 45  0.01073 -5.73728e-01
 46  0.00695 -2.70828e-01 | 47  0.00431 -4.61825e-01 | 48  0.01254 -3.43492e-01
 49 -0.01885  4.76120e-02 | 50 -0.03853  3.92775e-01 | 51 -0.03336  1.52316e-01
 52 -0.01962 -1.13835e-02 | 53 -0.00927 -5.69623e-02 | 54 -0.00920  6.95543e-02
 55 -0.01926  3.01208e-01 | 56 -0.02747  4.18665e-01 | 57 -0.01956  2.30151e-01
 58 -0.01334  2.19348e-01 | 59 -0.00211  1.31452e-01 | 60 -0.02149  1.52027e-01
 61 -0.01092 -2.79585e-01 | 62 -0.01506  2.64932e-01 | 63 -0.00792  4.91108e-01
 64 -0.01794  4.86063e-01 | 65 -0.01925  3.63200e-01 | 66 -0.00377 -2.49967e-01
 67 -0.00017 -1.06785e-01 | 68  0.00000  0.00000e+00 | 69 -0.72180 -1.34538e+00
 70  0.25881  9.24624e+01 | 71  0.06897  8.50556e+01 | 72  0.19236 -9.27358e-01
 73 -0.06034  4.30780e-02 | 74  0.07720  1.79830e-02 | 75  0.20983  1.22037e+00
 76 -0.00412  2.72275e-01 | 77  0.16658 -6.26750e-01 | 78  0.00017  8.38370e-07
 79 -0.16415  1.56989e-02 | 80  0.17200  3.11230e+00 | 81  0.04243  2.00299e+00
 82  0.12932  3.44732e-02 | 83  0.00000  1.58794e-29 | 84  0.04273 -6.13983e-01
 85 -0.04745 -9.90399e-02 | 86 -0.23091 -7.06432e-05 | 87  0.10534 -6.12045e-02
 88  0.67322 -1.60427e-02 | 89 -0.12615 -4.36296e-01 | 90  0.11364 -9.48793e-01
 91 -0.64164  3.15992e-01 |

Intermediate statistics: 91 variables; iteration 20; function evaluation 29; phase 4
Function value 2.5377658e+02; maximum gradient component mag 1.4566e+02
Var    Value     Gradient |Var    Value     Gradient |Var    Value     Gradient
  1  0.08725 -8.96316e+01 |  2 -0.00662 -4.51157e+00 |  3 -0.01244  1.43849e+01
  4 -0.01105  1.47079e+01 |  5 -0.00740  1.18213e+01 |  6 -0.00638  1.18104e+01
  7 -0.00688  1.23733e+01 |  8  0.00056  8.17045e+00 |  9  0.00505  7.05054e+00
 10  0.00493  7.38561e+00 | 11  0.00428  1.01869e+01 | 12 -0.00138  1.61921e+01
 13 -0.01070  1.16223e+01 | 14 -0.00874  8.85603e+00 | 15 -0.01488  5.81200e+00
 16 -0.01227  6.05442e+00 | 17 -0.00109  8.49045e+00 | 18  0.00718  9.60309e+00
 19  0.01359  9.47943e+00 | 20  0.00301  7.16139e+00 | 21 -0.01407  5.38866e+00
 22 -0.01327  4.76671e+00 | 23 -0.01056  2.99833e+00 | 24 -0.02366  2.32113e-01
 25 -0.00799 -2.17353e+00 | 26  0.02757 -4.67562e+00 | 27  0.01825 -3.62433e+00
 28  0.02851 -3.37461e+00 | 29  0.02658 -3.11907e+00 | 30  0.01760 -2.15749e+00
 31  0.03991 -4.07648e+00 | 32  0.08208 -1.07580e+01 | 33  0.01310 -5.35965e+00
 34  0.02102 -7.83825e+00 | 35  0.02686 -9.28472e+00 | 36  0.02590 -9.43567e+00
 37  0.05108 -1.62293e+01 | 38  0.01693 -1.18468e+01 | 39 -0.00842 -9.45762e+00
 40 -0.00952 -1.00919e+01 | 41 -0.01626 -8.99928e+00 | 42 -0.00928 -9.01067e+00
 43  0.00289 -8.94444e+00 | 44  0.00074 -6.44097e+00 | 45  0.01093 -4.44407e+00
 46  0.00731 -1.78175e+00 | 47  0.00486 -3.75370e-01 | 48  0.01231  3.27936e-01
 49 -0.01898  2.20554e+00 | 50 -0.03854  3.35418e+00 | 51 -0.03336  3.58991e+00
 52 -0.01940  3.52073e+00 | 53 -0.00941  2.92477e+00 | 54 -0.00949  3.41378e+00
 55 -0.01889  4.60941e+00 | 56 -0.02617  5.37842e+00 | 57 -0.01837  5.25337e+00
 58 -0.01317  4.23545e+00 | 59 -0.00252  3.35239e+00 | 60 -0.02150  3.40197e+00
 61 -0.01028  4.14914e+00 | 62 -0.01444  4.68471e+00 | 63 -0.00738  4.56995e+00
 64 -0.01745  3.39565e+00 | 65 -0.01806  2.99710e+00 | 66 -0.00339 -9.61400e-03
 67 -0.00007 -3.49064e-02 | 68  0.00000  0.00000e+00 | 69 -0.72105 -5.58065e+00
 70  0.25939  1.45662e+02 | 71  0.06829  1.31171e+02 | 72  0.19227  3.97736e+00
 73 -0.06031  7.66751e-02 | 74  0.08145  1.83679e+00 | 75  0.20980 -4.91591e+01
 76 -0.00644 -4.69628e+00 | 77  0.16603 -8.65183e+00 | 78  0.00017  8.37792e-07
 79 -0.16323 -1.42498e+00 | 80  0.17439  4.95119e+01 | 81  0.03741  1.40201e+01
 82  0.12958 -2.84542e+01 | 83 -0.00000  2.01437e-28 | 84  0.04414  7.14654e+00
 85 -0.04682  3.43517e+00 | 86 -0.23091  4.72602e-05 | 87  0.10546 -3.58213e+00
 88  0.67241  5.27058e-01 | 89 -0.12496  7.54389e-01 | 90  0.11569  1.00978e+01
 91 -0.64010 -2.88462e+00 |
91 variables; iteration 40; function evaluation 54; phase 4
Function value 2.5346389e+02; maximum gradient component mag -1.3683e+02
Var    Value     Gradient |Var    Value     Gradient |Var    Value     Gradient
  1  0.08738 -1.36832e+02 |  2 -0.00543  5.02029e+01 |  3 -0.02210  2.25944e+00
  4 -0.02084  1.34785e+00 |  5 -0.01284  1.50230e+00 |  6 -0.01226  7.58969e-01
  7 -0.01171  2.46560e+00 |  8  0.00017  1.49913e+00 |  9  0.00481 -1.78866e-01
 10  0.00661  3.12705e-01 | 11  0.00544 -3.65090e-01 | 12 -0.00811 -2.23259e+00
 13 -0.01142  1.42141e+00 | 14 -0.00759  2.46136e+00 | 15 -0.01460  1.70820e+00
 16 -0.01304  1.40145e+00 | 17 -0.00121  3.15338e+00 | 18  0.00893  5.13143e+00
 19  0.01448  3.18902e+00 | 20  0.00255 -1.90955e-01 | 21 -0.01475 -6.01083e-01
 22 -0.01301  1.26097e+00 | 23 -0.00992  2.21527e+00 | 24 -0.02282  1.93414e+00
 25 -0.00811 -8.45320e-01 | 26  0.02783 -3.03594e+00 | 27  0.01879 -1.61515e+00
 28  0.02880 -2.13377e+00 | 29  0.02617 -3.16123e+00 | 30  0.01661 -2.32593e+00
 31  0.03930 -1.99232e+00 | 32  0.08302 -3.50985e+00 | 33  0.01339  4.95293e-02
 34  0.02079 -2.39989e+00 | 35  0.02621 -3.64915e+00 | 36  0.02558 -2.17456e+00
 37  0.05180 -3.46723e+00 | 38  0.01718 -1.51859e+00 | 39 -0.00846 -1.75333e+00
 40 -0.00990 -3.97462e+00 | 41 -0.01668 -4.71158e+00 | 42 -0.00962 -5.58566e+00
 43  0.00239 -5.76007e+00 | 44  0.00057 -2.65017e+00 | 45  0.01101 -6.06580e-01
 46  0.00805  1.78964e+00 | 47  0.00574  2.41943e+00 | 48  0.01259  7.05742e-01
 49 -0.01921  2.30057e-01 | 50 -0.03888  6.04831e-01 | 51 -0.03343  8.95005e-01
 52 -0.01947  1.29426e+00 | 53 -0.00945  1.19180e+00 | 54 -0.00999 -1.36971e-01
 55 -0.01965 -2.69823e-01 | 56 -0.02704  6.62061e-01 | 57 -0.01863  1.66528e+00
 58 -0.01327  2.00741e+00 | 59 -0.00284  1.13309e+00 | 60 -0.02203  1.21610e+00
 61 -0.01013  1.97020e+00 | 62 -0.01379  4.02975e+00 | 63 -0.00688  4.90955e+00
 64 -0.01715  4.82865e+00 | 65 -0.01852  3.93284e+00 | 66 -0.00355 -1.80787e-01
 67 -0.00007 -3.84546e-02 | 68  0.00000  0.00000e+00 | 69 -0.72254  4.19679e+01
 70  0.25988  7.66052e+01 | 71  0.06775  7.66503e+01 | 72  0.19204  2.24846e+01
 73 -0.06577  2.40006e-02 | 74  0.07873 -1.80610e+00 | 75  0.20986  3.89734e+01
 76 -0.00485  6.74045e+00 | 77  0.16544  3.36268e+01 | 78  0.00017  8.35109e-07
 79 -0.16302  6.15762e+00 | 80  0.17497  1.42585e+01 | 81  0.03569  5.85613e+00
 82  0.12977  1.81216e+00 | 83  0.00000  7.80768e-29 | 84  0.04430  1.02763e+00
 85 -0.04499 -1.69207e+00 | 86 -0.23083 -3.35698e-04 | 87  0.10629  1.09224e+00
 88  0.65750 -9.28699e-01 | 89 -0.12215 -5.63604e-01 | 90  0.11505  7.51593e-02
 91 -0.64138 -1.11263e+00 |
91 variables; iteration 60; function evaluation 83; phase 4
Function value 2.5340622e+02; maximum gradient component mag 1.2294e+02
Var    Value     Gradient |Var    Value     Gradient |Var    Value     Gradient
  1  0.08751 -4.13843e+01 |  2 -0.00660 -4.35300e+00 |  3 -0.02468  3.03612e-02
  4 -0.02251  1.87652e-02 |  5 -0.01485 -5.23964e-02 |  6 -0.01357 -1.56152e-01
  7 -0.01485 -1.43057e-01 |  8 -0.00190 -3.15792e-01 |  9  0.00528 -1.48750e-01
 10  0.00582 -2.45305e-01 | 11  0.00494 -1.78916e-01 | 12 -0.00702 -2.89409e-01
 13 -0.01021  1.33451e-01 | 14 -0.00841  1.40416e-01 | 15 -0.01454  3.04491e-01
 16 -0.01217  2.57573e-01 | 17 -0.00090  4.82834e-01 | 18  0.00772  6.72489e-01
 19  0.01405  5.15460e-01 | 20  0.00322 -1.15301e-01 | 21 -0.01412 -2.28746e-01
 22 -0.01323  2.62784e-01 | 23 -0.01028  7.08756e-01 | 24 -0.02373  1.12939e-01
 25 -0.00802 -2.36838e-01 | 26  0.02803 -1.25896e-01 | 27  0.01850 -4.60096e-02
 28  0.02844 -2.80677e-01 | 29  0.02646 -3.50697e-01 | 30  0.01749 -1.10466e-01
 31  0.04050  1.22856e-01 | 32  0.08202 -8.82091e-01 | 33  0.01361  1.97018e-01
 34  0.02068 -4.15042e-01 | 35  0.02707  8.46160e-02 | 36  0.02541 -3.65969e-02
 37  0.05106 -6.00404e-02 | 38  0.01659 -2.58280e-01 | 39 -0.00873 -3.72309e-01
 40 -0.00969 -3.56356e-01 | 41 -0.01621  6.92640e-03 | 42 -0.00953 -1.94083e-01
 43  0.00245 -5.20478e-01 | 44  0.00055 -2.53629e-01 | 45  0.01119 -7.73091e-02
 46  0.00741 -1.23341e-01 | 47  0.00501 -1.22324e-02 | 48  0.01228  5.08517e-03
 49 -0.01926  3.00740e-03 | 50 -0.03911 -2.18477e-01 | 51 -0.03352 -6.18830e-03
 52 -0.01964 -1.81612e-01 | 53 -0.00998 -5.07760e-01 | 54 -0.00983 -1.60051e-01
 55 -0.01893  1.26487e-01 | 56 -0.02628  3.56904e-02 | 57 -0.01832  1.30245e-01
 58 -0.01319  2.91519e-01 | 59 -0.00267  1.11485e-01 | 60 -0.02174 -1.72487e-01
 61 -0.01012 -1.74314e-01 | 62 -0.01426  2.28360e-01 | 63 -0.00732  3.66307e-01
 64 -0.01745  4.81964e-01 | 65 -0.01807  5.36422e-01 | 66 -0.00329  8.46208e-03
 67 -0.00001  5.77959e-03 | 68  0.00000  0.00000e+00 | 69 -0.72152 -3.69633e+00
 70  0.26024  1.22938e+02 | 71  0.06732  1.10910e+02 | 72  0.19188  5.03604e+00
 73 -0.04358  5.27480e-02 | 74  0.08016 -2.14729e-01 | 75  0.21029 -1.26013e+01
 76 -0.00768 -9.17856e-01 | 77  0.16556 -1.99990e+00 | 78  0.00017  8.28232e-07
 79 -0.16431 -9.09559e-01 | 80  0.17522  9.89497e+00 | 81  0.03483  4.07856e+00
 82  0.12968 -3.15474e-01 | 83  0.00000  5.10070e-29 | 84  0.04440  3.11526e-01
 85 -0.04607  1.21577e-02 | 86 -0.23071 -9.65298e-05 | 87  0.10573  9.35407e-03
 88  0.66890 -6.82909e-02 | 89 -0.12422 -5.06360e-01 | 90  0.11574 -2.29291e-01
 91 -0.64019  2.33627e-01 |
91 variables; iteration 80; function evaluation 118; phase 4
Function value 2.5339361e+02; maximum gradient component mag 1.0538e+02
Var    Value     Gradient |Var    Value     Gradient |Var    Value     Gradient
  1  0.08752  9.50315e+01 |  2 -0.00694  3.51250e+00 |  3 -0.02542  1.70857e-02
  4 -0.02291  4.61836e-01 |  5 -0.01570  1.55971e-01 |  6 -0.01378  7.28974e-01
  7 -0.01545  4.81321e-01 |  8 -0.00219  7.36747e-01 |  9  0.00470  7.05181e-01
 10  0.00569  9.25216e-01 | 11  0.00430  7.02788e-01 | 12 -0.00669  1.28310e+00
 13 -0.01056 -7.78193e-01 | 14 -0.00813 -6.91572e-02 | 15 -0.01507 -6.98393e-01
 16 -0.01213 -5.44164e-01 | 17 -0.00100 -7.23393e-01 | 18  0.00730 -8.56257e-01
 19  0.01381 -2.07192e-01 | 20  0.00306 -2.14999e-02 | 21 -0.01359  3.65113e-01
 22 -0.01343 -3.53154e-01 | 23 -0.01085 -4.05776e-01 | 24 -0.02376 -2.04831e-01
 25 -0.00790  3.09324e-01 | 26  0.02807  1.21713e+00 | 27  0.01833  4.89836e-01
 28  0.02841  5.85270e-01 | 29  0.02698  6.74561e-01 | 30  0.01776 -7.46840e-02
 31  0.03979 -6.21034e-04 | 32  0.08281  1.61102e+00 | 33  0.01298  8.48539e-02
 34  0.02093  1.64994e-01 | 35  0.02659  2.16981e-01 | 36  0.02576  4.12110e-01
 37  0.05066  1.13533e+00 | 38  0.01608  3.11212e-01 | 39 -0.00829  9.03582e-01
 40 -0.00966  9.06020e-01 | 41 -0.01649  6.64061e-01 | 42 -0.00965  8.09158e-01
 43  0.00255  9.44693e-01 | 44  0.00064  5.51817e-01 | 45  0.01090  1.32042e-01
 46  0.00797  3.67506e-01 | 47  0.00506 -1.75282e-02 | 48  0.01220  3.96335e-01
 49 -0.01935  8.44202e-02 | 50 -0.03894 -1.03061e-01 | 51 -0.03359  2.85847e-02
 52 -0.01958  2.30867e-01 | 53 -0.00987  7.62802e-02 | 54 -0.00978  1.42495e-01
 55 -0.01893 -3.59934e-01 | 56 -0.02609 -8.28729e-01 | 57 -0.01759 -2.12236e-01
 58 -0.01341 -8.40496e-01 | 59 -0.00285 -7.17526e-01 | 60 -0.02124 -3.63213e-01
 61 -0.00977 -5.08458e-01 | 62 -0.01428 -9.98156e-01 | 63 -0.00711 -1.03835e+00
 64 -0.01729 -1.28801e+00 | 65 -0.01818 -1.62146e+00 | 66 -0.00360 -2.57498e-01
 67 -0.00020 -1.32542e-01 | 68  0.00000  0.00000e+00 | 69 -0.72110  2.74803e+00
 70  0.26107  1.05383e+02 | 71  0.06631  9.09134e+01 | 72  0.19185 -6.17074e+00
 73 -0.05813  5.13676e-02 | 74  0.08260  1.15175e+00 | 75  0.21149  1.40438e+01
 76 -0.01815  1.19456e+00 | 77  0.16582  6.75053e-01 | 78  0.00015  7.59821e-07
 79 -0.16490  8.12055e-01 | 80  0.17738  4.89265e+00 | 81  0.02715  1.36771e+00
 82  0.13034 -2.41749e+00 | 83  0.00000  1.67056e-29 | 84  0.04438  4.32594e-01
 85 -0.04594  2.09468e-01 | 86 -0.22925 -2.86852e-05 | 87  0.10575 -1.16893e-01
 88  0.66806  8.37877e-02 | 89 -0.12349  5.25804e-01 | 90  0.11601  3.92952e-01
 91 -0.64028 -4.17319e-01 |
91 variables; iteration 100; function evaluation 150; phase 4
Function value 2.5338711e+02; maximum gradient component mag 1.2137e+02
Var    Value     Gradient |Var    Value     Gradient |Var    Value     Gradient
  1  0.08751  7.94026e+00 |  2 -0.00672  7.61874e+00 |  3 -0.02465  3.99893e-01
  4 -0.02312 -1.74122e-01 |  5 -0.01497  2.77385e-01 |  6 -0.01385  8.29063e-02
  7 -0.01521  6.84062e-02 |  8 -0.00209  1.37153e-01 |  9  0.00490  1.75815e-01
 10  0.00551  9.71051e-02 | 11  0.00476  1.85070e-01 | 12 -0.00720 -9.11392e-02
 13 -0.01028  4.01483e-02 | 14 -0.00854  3.10810e-02 | 15 -0.01481  8.51936e-02
 16 -0.01223  1.59736e-01 | 17 -0.00107  2.13011e-01 | 18  0.00762  3.58636e-01
 19  0.01378  3.56025e-01 | 20  0.00334  2.24926e-01 | 21 -0.01410 -8.27856e-02
 22 -0.01327  5.76625e-02 | 23 -0.01053  3.31026e-01 | 24 -0.02385  3.45308e-02
 25 -0.00792 -2.69680e-04 | 26  0.02802 -3.10639e-03 | 27  0.01858 -3.38689e-02
 28  0.02844 -1.41351e-01 | 29  0.02652 -2.49877e-01 | 30  0.01768 -1.01439e-01
 31  0.04035  1.00801e-01 | 32  0.08241 -3.04112e-01 | 33  0.01296 -1.40076e-01
 34  0.02106 -9.30599e-02 | 35  0.02678 -8.86332e-02 | 36  0.02540 -2.02518e-01
 37  0.05072 -7.43448e-02 | 38  0.01680  1.76311e-01 | 39 -0.00908 -3.89516e-01
 40 -0.00945  4.55043e-02 | 41 -0.01645 -1.93514e-01 | 42 -0.00944 -4.13530e-02
 43  0.00235 -3.80311e-01 | 44  0.00047 -2.19647e-01 | 45  0.01134  7.93998e-02
 46  0.00743 -1.64854e-01 | 47  0.00527  1.38065e-01 | 48  0.01222  9.74948e-02
 49 -0.01928  9.79195e-02 | 50 -0.03894  4.13154e-02 | 51 -0.03356  1.03934e-02
 52 -0.01966 -7.34216e-02 | 53 -0.00974 -2.54324e-03 | 54 -0.01003 -2.06293e-01
 55 -0.01883  4.92344e-02 | 56 -0.02601 -6.97175e-02 | 57 -0.01799  6.25963e-02
 58 -0.01331 -3.61913e-02 | 59 -0.00262  4.11992e-02 | 60 -0.02175 -3.35747e-01
 61 -0.00997 -1.97348e-01 | 62 -0.01394  3.20208e-01 | 63 -0.00724  1.13074e-01
 64 -0.01730  2.77237e-01 | 65 -0.01807  1.86968e-01 | 66 -0.00334 -3.41496e-02
 67  0.00010  8.95727e-02 | 68  0.00000  0.00000e+00 | 69 -0.72124  6.31901e+00
 70  0.26168  1.21366e+02 | 71  0.06556  1.02844e+02 | 72  0.19205  3.91868e-01
 73 -0.07397  4.30972e-02 | 74  0.08121  1.50759e-01 | 75  0.21185  1.43517e+01
 76 -0.02134  1.24881e+00 | 77  0.16600  5.87577e+00 | 78  0.00014  6.77696e-07
 79 -0.16606  1.01157e+00 | 80  0.17840  9.53383e-01 | 81  0.02238  3.57616e-01
 82  0.13077  8.29336e-02 | 83  0.00000  4.33761e-30 | 84  0.04420 -2.30118e-02
 85 -0.04590  1.96399e-01 | 86 -0.22788  2.31282e-05 | 87  0.10578 -1.05313e-01
 88  0.66824  3.24444e-03 | 89 -0.12375 -1.27591e-01 | 90  0.11603 -2.49985e-02
 91 -0.64007  4.28253e-02 |
91 variables; iteration 120; function evaluation 176; phase 4
Function value 2.5335745e+02; maximum gradient component mag 3.0625e+02
Var    Value     Gradient |Var    Value     Gradient |Var    Value     Gradient
  1  0.08750  8.67823e+01 |  2 -0.00681  1.67570e+01 |  3 -0.02509  4.79759e-01
  4 -0.02303  5.26323e-01 |  5 -0.01547  5.82565e-01 |  6 -0.01405  7.19852e-01
  7 -0.01530  8.87594e-01 |  8 -0.00252  8.26019e-01 |  9  0.00451  9.30225e-01
 10  0.00527  9.83134e-01 | 11  0.00464  1.19433e+00 | 12 -0.00718  9.62043e-01
 13 -0.01036  1.19949e-01 | 14 -0.00867  1.25898e-01 | 15 -0.01488  1.06128e-01
 16 -0.01227  1.01731e-01 | 17 -0.00134  1.03011e-02 | 18  0.00753  3.69324e-01
 19  0.01369  5.66949e-01 | 20  0.00320  4.61518e-01 | 21 -0.01392  3.59492e-01
 22 -0.01339  2.18048e-01 | 23 -0.01070  3.97858e-01 | 24 -0.02388  1.01257e-01
 25 -0.00786  4.66078e-01 | 26  0.02802  1.07948e+00 | 27  0.01858  6.98544e-01
 28  0.02848  5.14862e-01 | 29  0.02662  1.17235e-01 | 30  0.01774 -1.10641e-01
 31  0.04027  2.16848e-01 | 32  0.08263  8.02765e-01 | 33  0.01284 -1.04181e-01
 34  0.02098  7.07485e-02 | 35  0.02677  1.88015e-01 | 36  0.02536 -6.67702e-04
 37  0.05056  6.13198e-01 | 38  0.01669  4.17007e-01 | 39 -0.00893 -5.22435e-02
 40 -0.00951  4.13972e-01 | 41 -0.01657  9.04694e-02 | 42 -0.00941  4.40816e-01
 43  0.00222 -7.22540e-02 | 44  0.00050 -1.36847e-02 | 45  0.01126 -2.18122e-02
 46  0.00771 -1.76430e-01 | 47  0.00531 -4.01510e-02 | 48  0.01221  3.79567e-02
 49 -0.01930 -1.35396e-01 | 50 -0.03892 -2.44143e-01 | 51 -0.03358 -2.36204e-01
 52 -0.01953 -1.39880e-01 | 53 -0.00984 -2.91475e-01 | 54 -0.00995 -3.65093e-01
 55 -0.01888 -4.93120e-01 | 56 -0.02556 -3.82589e-01 | 57 -0.01798 -6.73111e-01
 58 -0.01306 -3.74326e-01 | 59 -0.00285 -6.60112e-01 | 60 -0.02156 -7.15254e-01
 61 -0.00974 -6.40130e-01 | 62 -0.01403 -6.26906e-01 | 63 -0.00692 -5.78671e-01
 64 -0.01751 -8.82028e-01 | 65 -0.01798 -6.28316e-01 | 66 -0.00320  9.66528e-02
 67  0.00014  1.20890e-01 | 68  0.00000  0.00000e+00 | 69 -0.72057  1.39150e+01
 70  0.26591  3.06250e+02 | 71  0.05978  2.07538e+02 | 72  0.19290 -3.63394e+00
 73 -0.05973  1.03219e-01 | 74  0.08092  1.06341e+00 | 75  0.21170  7.28506e+00
 76 -0.03034  8.84217e-01 | 77  0.16576  1.21161e+01 | 78 -0.00017 -8.23935e-07
 79 -0.16342  2.04688e+00 | 80  0.18242  9.59783e-01 | 81 -0.01706 -4.49725e-02
 82  0.13215 -7.01100e-01 | 83  0.00000 -3.18256e-30 | 84  0.04395  2.28992e-01
 85 -0.04573  1.68678e-01 | 86 -0.23469 -2.42613e-04 | 87  0.10582 -1.18211e-01
 88  0.66752  8.66428e-03 | 89 -0.12340  6.46425e-02 | 90  0.11633  4.05975e-02
 91 -0.63983  8.08527e-02 |
91 variables; iteration 140; function evaluation 198; phase 4
Function value 2.5333560e+02; maximum gradient component mag 2.9558e+01
Var    Value     Gradient |Var    Value     Gradient |Var    Value     Gradient
  1  0.08750 -5.27842e-01 |  2 -0.00692 -4.21663e+00 |  3 -0.02533  4.57466e-02
  4 -0.02323  6.11932e-02 |  5 -0.01562  7.36518e-02 |  6 -0.01433  7.18551e-02
  7 -0.01579  4.53268e-02 |  8 -0.00281  6.90082e-02 |  9  0.00417  8.85874e-02
 10  0.00493  9.36875e-02 | 11  0.00426  1.15098e-01 | 12 -0.00720  1.17567e-01
 13 -0.01038  2.91683e-02 | 14 -0.00876  1.75822e-02 | 15 -0.01506  2.46704e-03
 16 -0.01249 -3.81934e-02 | 17 -0.00130 -1.42506e-02 | 18  0.00734 -2.19558e-02
 19  0.01356  2.09039e-02 | 20  0.00320  6.64980e-02 | 21 -0.01399  5.28192e-02
 22 -0.01331  1.47576e-02 | 23 -0.01087 -1.21821e-02 | 24 -0.02393  6.91982e-03
 25 -0.00792  5.20078e-02 | 26  0.02808  1.26906e-01 | 27  0.01871  9.12041e-02
 28  0.02836  5.02549e-02 | 29  0.02671  2.61770e-02 | 30  0.01794  1.12977e-03
 31  0.04021  4.45260e-04 | 32  0.08271  1.18906e-01 | 33  0.01289  9.07032e-03
 34  0.02089 -1.30386e-02 | 35  0.02660 -9.77571e-03 | 36  0.02540  1.97989e-02
 37  0.05046  7.09823e-02 | 38  0.01638  1.15193e-02 | 39 -0.00872  6.51993e-02
 40 -0.00968  2.09722e-02 | 41 -0.01633  6.10174e-02 | 42 -0.00967  1.44933e-02
 43  0.00232  4.15915e-02 | 44  0.00038  1.20819e-02 | 45  0.01129 -8.06996e-04
 46  0.00797  1.46564e-02 | 47  0.00535 -3.00181e-02 | 48  0.01225 -3.71354e-03
 49 -0.01935 -3.07589e-02 | 50 -0.03892 -2.64768e-02 | 51 -0.03352 -9.22819e-03
 52 -0.01951 -8.74202e-03 | 53 -0.00986 -2.67287e-02 | 54 -0.01000 -2.67009e-02
 55 -0.01871 -3.20395e-02 | 56 -0.02544 -5.92049e-02 | 57 -0.01754 -3.41545e-02
 58 -0.01315 -6.47437e-02 | 59 -0.00282 -6.51738e-02 | 60 -0.02149 -5.35485e-02
 61 -0.00959 -6.91364e-02 | 62 -0.01388 -8.53389e-02 | 63 -0.00685 -8.69970e-02
 64 -0.01741 -1.25540e-01 | 65 -0.01828 -1.46630e-01 | 66 -0.00331  1.50127e-02
 67 -0.00005 -2.11294e-02 | 68  0.00000  0.00000e+00 | 69 -0.72024 -3.63043e+00
 70  0.26890  2.95582e+01 | 71  0.05498  1.96350e+01 | 72  0.19344 -1.17633e+00
 73 -0.12448  7.46348e-03 | 74  0.08157  3.31343e-01 | 75  0.21275  5.31810e-01
 76 -0.06001  3.28727e-02 | 77  0.16602 -3.14921e+00 | 78 -0.00029 -1.42750e-06
 79 -0.16440 -4.87962e-01 | 80  0.18206  2.79563e-01 | 81 -0.05379 -4.67237e-03
 82  0.13190 -2.42524e-01 | 83  0.00000 -2.57712e-30 | 84  0.04432  8.30157e-03
 85 -0.04559  6.34926e-02 | 86 -0.21161  8.48714e-04 | 87  0.10585 -5.13196e-02
 88  0.66703  1.11051e-02 | 89 -0.12306  3.63751e-02 | 90  0.11662  2.58172e-02
 91 -0.63969  2.94400e-03 |
91 variables; iteration 160; function evaluation 226; phase 4
Function value 2.5332452e+02; maximum gradient component mag 3.2849e+02
Var    Value     Gradient |Var    Value     Gradient |Var    Value     Gradient
  1  0.08750  2.06913e+01 |  2 -0.00693  1.43175e+00 |  3 -0.02538  1.13518e-01
  4 -0.02329  1.48186e-01 |  5 -0.01568  1.87079e-01 |  6 -0.01438  1.94316e-01
  7 -0.01581  2.01806e-01 |  8 -0.00287  2.45555e-01 |  9  0.00407  2.68550e-01
 10  0.00483  2.81747e-01 | 11  0.00418  3.18832e-01 | 12 -0.00721  2.99660e-01
 13 -0.01044  3.00428e-02 | 14 -0.00882  4.84168e-02 | 15 -0.01511  1.69208e-02
 16 -0.01251 -1.06381e-02 | 17 -0.00137 -5.87375e-03 | 18  0.00731  2.60833e-02
 19  0.01356  1.00317e-01 | 20  0.00316  1.47385e-01 | 21 -0.01403  9.86705e-02
 22 -0.01331  6.13026e-02 | 23 -0.01085  2.99728e-02 | 24 -0.02396  1.66188e-02
 25 -0.00793  1.18938e-01 | 26  0.02811  2.92046e-01 | 27  0.01872  1.92926e-01
 28  0.02836  1.23480e-01 | 29  0.02671  4.79961e-02 | 30  0.01795 -2.63388e-02
 31  0.04026  1.84690e-02 | 32  0.08272  2.11568e-01 | 33  0.01286 -3.16887e-02
 34  0.02088  9.81646e-03 | 35  0.02662  2.67012e-02 | 36  0.02534  1.22654e-02
 37  0.05044  1.80592e-01 | 38  0.01639  9.40306e-02 | 39 -0.00878  6.13556e-02
 40 -0.00963  1.29567e-01 | 41 -0.01634  1.26540e-01 | 42 -0.00965  1.37679e-01
 43  0.00228  1.18764e-01 | 44  0.00036  3.42974e-02 | 45  0.01133  1.93489e-02
 46  0.00799 -1.67321e-02 | 47  0.00540 -3.53222e-02 | 48  0.01226  1.64550e-02
 49 -0.01935 -4.24079e-02 | 50 -0.03891 -7.06857e-02 | 51 -0.03351 -5.85469e-02
 52 -0.01949 -3.92778e-02 | 53 -0.00987 -5.52991e-02 | 54 -0.01000 -9.10857e-02
 55 -0.01868 -1.29745e-01 | 56 -0.02535 -1.61999e-01 | 57 -0.01749 -1.61708e-01
 58 -0.01312 -1.65484e-01 | 59 -0.00282 -1.71790e-01 | 60 -0.02151 -1.98074e-01
 61 -0.00955 -1.83680e-01 | 62 -0.01383 -2.02715e-01 | 63 -0.00681 -2.25600e-01
 64 -0.01740 -2.72655e-01 | 65 -0.01829 -2.89571e-01 | 66 -0.00335  2.39575e-03
 67 -0.00003 -3.41812e-03 | 68  0.00000  0.00000e+00 | 69 -0.72001  1.11796e+00
 70  0.27119  3.28493e+02 | 71  0.05074  1.67979e+02 | 72  0.19392 -1.22809e+00
 73 -0.14919  5.25289e-02 | 74  0.08074  3.86598e-01 | 75  0.21305  1.52542e+00
 76 -0.09358  3.51238e-02 | 77  0.16606  8.51681e-01 | 78  0.00032  1.56887e-06
 79 -0.16408  1.87878e-01 | 80  0.18137 -3.46843e-01 | 81 -0.09157 -1.04055e-03
 82  0.13161 -5.94198e-02 | 83  0.00000 -2.08180e-30 | 84  0.04454  1.25183e-03
 85 -0.04553  3.05865e-02 | 86 -0.27347 -1.13377e-03 | 87  0.10587 -2.20290e-02
 88  0.66682  5.15968e-03 | 89 -0.12297  4.14794e-02 | 90  0.11671  4.98947e-02
 91 -0.63963 -1.18542e-02 |
91 variables; iteration 180; function evaluation 247; phase 4
Function value 2.5331871e+02; maximum gradient component mag 2.4665e+02
Var    Value     Gradient |Var    Value     Gradient |Var    Value     Gradient
  1  0.08750  9.86317e+00 |  2 -0.00697  5.60169e-01 |  3 -0.02543  6.79569e-02
  4 -0.02336  8.11130e-02 |  5 -0.01577  1.00201e-01 |  6 -0.01447  1.11254e-01
  7 -0.01591  1.20619e-01 |  8 -0.00300  1.34343e-01 |  9  0.00393  1.42942e-01
 10  0.00471  1.55833e-01 | 11  0.00411  1.80441e-01 | 12 -0.00723  1.66469e-01
 13 -0.01049  2.61436e-02 | 14 -0.00888  3.18513e-02 | 15 -0.01517  1.61848e-02
 16 -0.01255  1.20690e-02 | 17 -0.00143  1.18951e-02 | 18  0.00727  3.97296e-02
 19  0.01353  7.67565e-02 | 20  0.00314  7.98352e-02 | 21 -0.01404  5.69901e-02
 22 -0.01333  4.03363e-02 | 23 -0.01086  4.61323e-02 | 24 -0.02400  2.21262e-02
 25 -0.00795  7.17449e-02 | 26  0.02814  1.67264e-01 | 27  0.01875  1.13979e-01
 28  0.02835  7.95546e-02 | 29  0.02673  3.18746e-02 | 30  0.01798 -8.18345e-03
 31  0.04028  2.13500e-02 | 32  0.08276  1.25714e-01 | 33  0.01283 -8.54810e-03
 34  0.02086  1.34047e-02 | 35  0.02660  2.26069e-02 | 36  0.02530  7.51142e-03
 37  0.05040  9.34257e-02 | 38  0.01637  4.36950e-02 | 39 -0.00881  9.71210e-03
 40 -0.00963  5.28854e-02 | 41 -0.01635  3.84887e-02 | 42 -0.00965  5.96575e-02
 43  0.00224  2.90544e-02 | 44  0.00033 -1.59928e-03 | 45  0.01136 -4.47573e-03
 46  0.00804 -2.22637e-02 | 47  0.00545 -1.68040e-02 | 48  0.01227 -1.59579e-03
 49 -0.01935 -3.14040e-02 | 50 -0.03890 -4.88395e-02 | 51 -0.03349 -4.03484e-02
 52 -0.01946 -2.69991e-02 | 53 -0.00988 -4.06057e-02 | 54 -0.01002 -5.58143e-02
 55 -0.01864 -7.40252e-02 | 56 -0.02525 -7.74203e-02 | 57 -0.01740 -8.95356e-02
 58 -0.01310 -8.02490e-02 | 59 -0.00284 -9.38298e-02 | 60 -0.02150 -1.01801e-01
 61 -0.00949 -9.36795e-02 | 62 -0.01377 -1.05820e-01 | 63 -0.00674 -1.13562e-01
 64 -0.01740 -1.35605e-01 | 65 -0.01832 -1.29502e-01 | 66 -0.00336  1.96499e-03
 67 -0.00001  7.87408e-03 | 68  0.00000  0.00000e+00 | 69 -0.71989  4.23705e-01
 70  0.27275  2.46651e+02 | 71  0.04753  1.14462e+02 | 72  0.19422 -5.08664e-01
 73 -0.18202  2.78633e-02 | 74  0.08064  1.80674e-01 | 75  0.21317  2.66705e-01
 76 -0.12545  8.93664e-03 | 77  0.16606  3.55632e-01 | 78  0.00018  8.94110e-07
 79 -0.16403  7.28591e-02 | 80  0.18210  4.57334e-02 | 81 -0.12709 -9.15733e-04
 82  0.13185 -4.59139e-02 | 83  0.00000 -2.23163e-30 | 84  0.04448  2.10019e-02
 85 -0.04545 -3.22243e-02 | 86 -0.48422 -2.98856e-03 | 87  0.10589  1.56102e-02
 88  0.66652 -9.37344e-03 | 89 -0.12284 -3.16930e-04 | 90  0.11683  5.05611e-03
 91 -0.63955 -1.93599e-04 |
91 variables; iteration 200; function evaluation 271; phase 4
Function value 2.5331506e+02; maximum gradient component mag 3.6559e+02
Var    Value     Gradient |Var    Value     Gradient |Var    Value     Gradient
  1  0.08750  1.52630e+01 |  2 -0.00700 -3.80619e-01 |  3 -0.02548  9.98496e-02
  4 -0.02342  1.25138e-01 |  5 -0.01583  1.57908e-01 |  6 -0.01454  1.64442e-01
  7 -0.01601  1.63692e-01 |  8 -0.00309  2.00747e-01 |  9  0.00383  2.17631e-01
 10  0.00461  2.26240e-01 | 11  0.00403  2.58038e-01 | 12 -0.00725  2.55541e-01
 13 -0.01052 -5.68893e-03 | 14 -0.00892  3.63353e-03 | 15 -0.01522 -2.67482e-02
 16 -0.01260 -4.57050e-02 | 17 -0.00146 -3.18362e-02 | 18  0.00723 -3.97900e-03
 19  0.01351  6.62801e-02 | 20  0.00313  9.76329e-02 | 21 -0.01405  5.50732e-02
 22 -0.01333  2.93310e-02 | 23 -0.01089  1.90496e-02 | 24 -0.02402  4.61406e-03
 25 -0.00796  8.47157e-02 | 26  0.02816  2.46173e-01 | 27  0.01878  1.66626e-01
 28  0.02833  1.00249e-01 | 29  0.02675  3.53209e-02 | 30  0.01800 -3.15401e-02
 31  0.04030  1.56389e-02 | 32  0.08278  2.01731e-01 | 33  0.01283 -2.08957e-02
 34  0.02084  2.11024e-03 | 35  0.02658  1.70856e-02 | 36  0.02528  1.99101e-02
 37  0.05036  1.81815e-01 | 38  0.01633  9.29186e-02 | 39 -0.00880  6.88744e-02
 40 -0.00964  1.17157e-01 | 41 -0.01633  1.24921e-01 | 42 -0.00967  1.20860e-01
 43  0.00222  1.05880e-01 | 44  0.00031  2.80419e-02 | 45  0.01138  2.89154e-02
 46  0.00810  6.94684e-03 | 47  0.00548 -7.33083e-03 | 48  0.01228  4.98705e-02
 49 -0.01935 -7.53351e-03 | 50 -0.03890 -3.73902e-02 | 51 -0.03348 -1.54993e-02
 52 -0.01944 -5.09771e-03 | 53 -0.00989 -2.84383e-02 | 54 -0.01003 -5.99216e-02
 55 -0.01860 -8.91827e-02 | 56 -0.02519 -1.23901e-01 | 57 -0.01731 -1.10502e-01
 58 -0.01309 -1.32857e-01 | 59 -0.00284 -1.44960e-01 | 60 -0.02150 -1.73541e-01
 61 -0.00945 -1.51335e-01 | 62 -0.01372 -1.64590e-01 | 63 -0.00670 -1.93547e-01
 64 -0.01739 -2.40154e-01 | 65 -0.01836 -2.73297e-01 | 66 -0.00337 -4.43705e-03
 67 -0.00003 -4.83083e-03 | 68  0.00000  0.00000e+00 | 69 -0.71983 -3.99960e-01
 70  0.27374  3.65588e+02 | 71  0.04529  1.57502e+02 | 72  0.19440 -1.12325e+00
 73 -0.22003  2.64597e-02 | 74  0.08071  2.71307e-01 | 75  0.21323  3.94481e-01
 76 -0.15113  3.12238e-03 | 77  0.16605 -5.06380e-01 | 78 -0.00093 -4.61037e-06
 79 -0.16411 -3.74139e-02 | 80  0.18228  1.58803e-01 | 81 -0.15241 -9.07197e-04
 82  0.13189 -2.57632e-01 | 83  0.00000 -2.27883e-30 | 84  0.04450  4.89927e-02
 85 -0.04541  6.58797e-02 | 86 -0.20657  1.18631e-03 | 87  0.10590 -5.17406e-02
 88  0.66641  1.12255e-02 | 89 -0.12275  5.45498e-02 | 90  0.11692  6.17477e-02
 91 -0.63950 -2.53625e-02 |
91 variables; iteration 220; function evaluation 292; phase 4
Function value 2.5331286e+02; maximum gradient component mag 3.5895e+02
Var    Value     Gradient |Var    Value     Gradient |Var    Value     Gradient
  1  0.08750  2.39589e+01 |  2 -0.00702 -7.19960e-01 |  3 -0.02552  1.49832e-01
  4 -0.02345  1.91057e-01 |  5 -0.01587  2.43168e-01 |  6 -0.01459  2.49490e-01
  7 -0.01607  2.45853e-01 |  8 -0.00316  3.03706e-01 |  9  0.00376  3.30639e-01
 10  0.00454  3.44202e-01 | 11  0.00398  3.94736e-01 | 12 -0.00726  3.94339e-01
 13 -0.01054 -1.83280e-02 | 14 -0.00895 -3.57546e-03 | 15 -0.01525 -4.94347e-02
 16 -0.01263 -8.42136e-02 | 17 -0.00148 -5.93031e-02 | 18  0.00721 -1.89648e-02
 19  0.01349  8.81835e-02 | 20  0.00312  1.41685e-01 | 21 -0.01406  7.66401e-02
 22 -0.01333  4.18195e-02 | 23 -0.01090  1.91288e-02 | 24 -0.02404  1.13197e-03
 25 -0.00797  1.25997e-01 | 26  0.02817  3.77898e-01 | 27  0.01879  2.56320e-01
 28  0.02833  1.51965e-01 | 29  0.02675  5.36170e-02 | 30  0.01802 -5.11304e-02
 31  0.04032  2.09499e-02 | 32  0.08279  3.13971e-01 | 33  0.01282 -3.33012e-02
 34  0.02082  2.91097e-03 | 35  0.02656  2.62364e-02 | 36  0.02526  3.40842e-02
 37  0.05034  2.89211e-01 | 38  0.01631  1.48826e-01 | 39 -0.00881  1.17469e-01
 40 -0.00964  1.89791e-01 | 41 -0.01632  2.13420e-01 | 42 -0.00968  2.01663e-01
 43  0.00221  1.86231e-01 | 44  0.00029  5.50797e-02 | 45  0.01139  5.42582e-02
 46  0.00813  2.26700e-02 | 47  0.00550 -4.59023e-03 | 48  0.01229  8.77550e-02
 49 -0.01936 -8.94206e-03 | 50 -0.03889 -5.60804e-02 | 51 -0.03347 -2.03854e-02
 52 -0.01943 -2.61814e-03 | 53 -0.00989 -3.78297e-02 | 54 -0.01004 -8.79988e-02
 55 -0.01858 -1.34569e-01 | 56 -0.02514 -1.93319e-01 | 57 -0.01726 -1.68462e-01
 58 -0.01309 -2.10094e-01 | 59 -0.00285 -2.23508e-01 | 60 -0.02149 -2.67823e-01
 61 -0.00942 -2.34101e-01 | 62 -0.01368 -2.60184e-01 | 63 -0.00668 -3.11010e-01
 64 -0.01739 -3.84005e-01 | 65 -0.01838 -4.39124e-01 | 66 -0.00337 -6.83911e-03
 67 -0.00004 -1.16483e-02 | 68  0.00000  0.00000e+00 | 69 -0.71980 -7.29799e-01
 70  0.27452  3.58950e+02 | 71  0.04341  1.45692e+02 | 72  0.19455 -1.79227e+00
 73 -0.18572  3.97218e-02 | 74  0.08074  4.31641e-01 | 75  0.21326  5.40928e-01
 76 -0.17454  9.63904e-04 | 77  0.16605 -9.03268e-01 | 78 -0.00017 -8.15998e-07
 79 -0.16415 -7.84003e-02 | 80  0.18232  1.68634e-01 | 81 -0.17370 -9.53500e-04
 82  0.13188 -3.77321e-01 | 83  0.00000 -2.29578e-30 | 84  0.04454  6.98970e-02
 85 -0.04537  9.58584e-02 | 86 -0.25600 -8.25945e-04 | 87  0.10591 -8.04438e-02
 88  0.66629  1.50096e-02 | 89 -0.12269  8.39048e-02 | 90  0.11698  1.05719e-01
 91 -0.63946 -4.27880e-02 |
91 variables; iteration 240; function evaluation 315; phase 4
Function value 2.5331043e+02; maximum gradient component mag 3.5605e+02
Var    Value     Gradient |Var    Value     Gradient |Var    Value     Gradient
  1  0.08750  1.19882e+01 |  2 -0.00704  7.22421e-04 |  3 -0.02554  7.53683e-02
  4 -0.02348  9.62792e-02 |  5 -0.01591  1.20202e-01 |  6 -0.01462  1.26138e-01
  7 -0.01609  1.26874e-01 |  8 -0.00320  1.53244e-01 |  9  0.00371  1.66616e-01
 10  0.00449  1.73647e-01 | 11  0.00396  1.99172e-01 | 12 -0.00727  1.95723e-01
 13 -0.01056  2.67750e-03 | 14 -0.00898  8.74562e-03 | 15 -0.01527 -1.29220e-02
 16 -0.01264 -2.76409e-02 | 17 -0.00151 -1.83151e-02 | 18  0.00719  3.43482e-03
 19  0.01348  5.46952e-02 | 20  0.00311  7.81364e-02 | 21 -0.01407  4.72829e-02
 22 -0.01334  2.72187e-02 | 23 -0.01090  1.75431e-02 | 24 -0.02406  5.62507e-03
 25 -0.00797  6.68310e-02 | 26  0.02818  1.86774e-01 | 27  0.01880  1.26350e-01
 28  0.02832  7.73168e-02 | 29  0.02676  2.77676e-02 | 30  0.01803 -2.23851e-02
 31  0.04033  1.20617e-02 | 32  0.08280  1.50137e-01 | 33  0.01280 -1.59914e-02
 34  0.02082  3.02818e-03 | 35  0.02656  1.46035e-02 | 36  0.02524  1.40557e-02
 37  0.05032  1.33271e-01 | 38  0.01631  6.82820e-02 | 39 -0.00882  4.91214e-02
 40 -0.00963  8.67249e-02 | 41 -0.01633  9.09981e-02 | 42 -0.00968  9.03665e-02
 43  0.00218  7.71702e-02 | 44  0.00028  2.06804e-02 | 45  0.01141  1.86990e-02
 46  0.00815  1.69456e-03 | 47  0.00552 -8.97896e-03 | 48  0.01229  3.17178e-02
 49 -0.01936 -1.06093e-02 | 50 -0.03889 -3.21331e-02 | 51 -0.03346 -1.73295e-02
 52 -0.01942 -8.68752e-03 | 53 -0.00990 -2.63011e-02 | 54 -0.01004 -4.85873e-02
 55 -0.01857 -7.09935e-02 | 56 -0.02509 -9.47404e-02 | 57 -0.01723 -8.83771e-02
 58 -0.01307 -1.01495e-01 | 59 -0.00286 -1.10709e-01 | 60 -0.02149 -1.29552e-01
 61 -0.00940 -1.14921e-01 | 62 -0.01366 -1.26533e-01 | 63 -0.00665 -1.46523e-01
 64 -0.01740 -1.81684e-01 | 65 -0.01839 -2.01315e-01 | 66 -0.00337 -1.37284e-03
 67 -0.00003 -3.13256e-03 | 68  0.00000  0.00000e+00 | 69 -0.71975 -5.81880e-02
 70  0.27548  3.56048e+02 | 71  0.04096  1.33981e+02 | 72  0.19474 -8.25256e-01
 73 -0.23969  2.05745e-02 | 74  0.08053  2.03108e-01 | 75  0.21326  3.27746e-01
 76 -0.20866 -3.62433e-04 | 77  0.16603 -1.73212e-01 | 78  0.00694  3.42722e-05
 79 -0.16408  4.73392e-03 | 80  0.18240  7.40849e-02 | 81 -0.20308 -1.06981e-03
 82  0.13190 -1.70627e-01 | 83  0.00000 -2.34501e-30 | 84  0.04456  3.28138e-02
 85 -0.04534  4.41108e-02 | 86 -0.22728  2.62556e-05 | 87  0.10592 -3.47193e-02
 88  0.66619  7.58674e-03 | 89 -0.12264  3.86799e-02 | 90  0.11703  4.35338e-02
 91 -0.63942 -1.60178e-02 |
91 variables; iteration 260; function evaluation 340; phase 4
Function value 2.5330851e+02; maximum gradient component mag 1.9258e+02
Var    Value     Gradient |Var    Value     Gradient |Var    Value     Gradient
  1  0.08750  1.21300e+01 |  2 -0.00705  9.92866e-02 |  3 -0.02557  8.36446e-02
  4 -0.02351  1.05927e-01 |  5 -0.01594  1.30196e-01 |  6 -0.01465  1.40133e-01
  7 -0.01613  1.45202e-01 |  8 -0.00325  1.71313e-01 |  9  0.00366  1.84909e-01
 10  0.00443  1.93541e-01 | 11  0.00392  2.21267e-01 | 12 -0.00728  2.13991e-01
 13 -0.01058  2.36140e-02 | 14 -0.00901  2.83661e-02 | 15 -0.01529  7.11970e-03
 16 -0.01266 -4.07842e-03 | 17 -0.00154  2.79098e-03 | 18  0.00717  2.85426e-02
 19  0.01348  7.99374e-02 | 20  0.00310  9.81984e-02 | 21 -0.01407  6.71580e-02
 22 -0.01334  4.40842e-02 | 23 -0.01091  3.71413e-02 | 24 -0.02407  1.78903e-02
 25 -0.00797  8.10627e-02 | 26  0.02819  2.02493e-01 | 27  0.01881  1.36851e-01
 28  0.02832  8.85603e-02 | 29  0.02677  3.46653e-02 | 30  0.01805 -1.70125e-02
 31  0.04034  1.75236e-02 | 32  0.08282  1.55623e-01 | 33  0.01279 -1.37877e-02
 34  0.02081  9.52072e-03 | 35  0.02656  2.04469e-02 | 36  0.02522  1.22603e-02
 37  0.05031  1.28497e-01 | 38  0.01630  6.45817e-02 | 39 -0.00883  3.81335e-02
 40 -0.00962  8.12348e-02 | 41 -0.01633  7.59584e-02 | 42 -0.00968  8.29014e-02
 43  0.00216  6.12963e-02 | 44  0.00027  1.00918e-02 | 45  0.01142  5.37179e-03
 46  0.00817 -1.43890e-02 | 47  0.00554 -2.00107e-02 | 48  0.01230  1.24562e-02
 49 -0.01936 -2.59875e-02 | 50 -0.03889 -4.74881e-02 | 51 -0.03346 -3.63837e-02
 52 -0.01941 -2.60153e-02 | 53 -0.00991 -4.32747e-02 | 54 -0.01005 -6.29878e-02
 55 -0.01855 -8.58970e-02 | 56 -0.02505 -1.02999e-01 | 57 -0.01720 -1.05385e-01
 58 -0.01306 -1.10015e-01 | 59 -0.00287 -1.18670e-01 | 60 -0.02149 -1.32286e-01
 61 -0.00938 -1.20598e-01 | 62 -0.01364 -1.34546e-01 | 63 -0.00662 -1.51033e-01
 64 -0.01740 -1.82042e-01 | 65 -0.01840 -1.90201e-01 | 66 -0.00338  1.25203e-04
 67 -0.00002  1.28629e-03 | 68  0.00000  0.00000e+00 | 69 -0.71972  1.99716e-02
 70  0.27636  1.92582e+02 | 71  0.03850  6.73527e+01 | 72  0.19492 -7.79322e-01
 73 -0.16463  2.81578e-02 | 74  0.08041  2.20067e-01 | 75  0.21326  1.14779e-01
 76 -0.24540 -1.04789e-03 | 77  0.16602 -1.09975e-01 | 78 -0.02224 -1.09806e-04
 79 -0.16406  1.48258e-02 | 80  0.18250  6.86888e-02 | 81 -0.23236 -1.21477e-03
 82  0.13192 -1.37814e-01 | 83  0.00000 -2.39292e-30 | 84  0.04457  3.20431e-02
 85 -0.04531  2.61955e-02 | 86 -0.23345 -2.11963e-04 | 87  0.10593 -1.90988e-02
 88  0.66608  4.75094e-03 | 89 -0.12259  3.02653e-02 | 90  0.11708  2.65420e-02
 91 -0.63939 -7.11255e-03 |
91 variables; iteration 280; function evaluation 366; phase 4
Function value 2.5330708e+02; maximum gradient component mag 2.5007e+02
Var    Value     Gradient |Var    Value     Gradient |Var    Value     Gradient
  1  0.08750  1.00961e+01 |  2 -0.00707  8.57525e-02 |  3 -0.02559  7.24886e-02
  4 -0.02354  9.14243e-02 |  5 -0.01598  1.11906e-01 |  6 -0.01469  1.21373e-01
  7 -0.01617  1.26498e-01 |  8 -0.00331  1.48324e-01 |  9  0.00360  1.59651e-01
 10  0.00438  1.67483e-01 | 11  0.00388  1.91288e-01 | 12 -0.00729  1.84241e-01
 13 -0.01060  2.62322e-02 | 14 -0.00903  3.00234e-02 | 15 -0.01532  1.18240e-02
 16 -0.01268  3.41834e-03 | 17 -0.00156  8.41176e-03 | 18  0.00716  3.08840e-02
 19  0.01346  7.43582e-02 | 20  0.00310  8.82187e-02 | 21 -0.01408  6.18634e-02
 22 -0.01335  4.11674e-02 | 23 -0.01092  3.62966e-02 | 24 -0.02409  1.84514e-02
 25 -0.00798  7.15953e-02 | 26  0.02821  1.73433e-01 | 27  0.01882  1.17269e-01
 28  0.02832  7.68958e-02 | 29  0.02678  3.05627e-02 | 30  0.01806 -1.30159e-02
 31  0.04035  1.56831e-02 | 32  0.08283  1.30688e-01 | 33  0.01278 -1.12407e-02
 34  0.02080  8.63115e-03 | 35  0.02655  1.75400e-02 | 36  0.02520  9.11663e-03
 37  0.05029  1.04656e-01 | 38  0.01629  5.13923e-02 | 39 -0.00884  2.79282e-02
 40 -0.00962  6.46745e-02 | 41 -0.01633  5.79698e-02 | 42 -0.00968  6.56201e-02
 43  0.00215  4.56601e-02 | 44  0.00026  4.64068e-03 | 45  0.01143  2.81923e-04
 46  0.00820 -1.68283e-02 | 47  0.00556 -2.02819e-02 | 48  0.01230  4.83760e-03
 49 -0.01936 -2.56854e-02 | 50 -0.03888 -4.33298e-02 | 51 -0.03345 -3.46484e-02
 52 -0.01940 -2.58123e-02 | 53 -0.00991 -4.04214e-02 | 54 -0.01005 -5.63480e-02
 55 -0.01853 -7.53273e-02 | 56 -0.02501 -8.77864e-02 | 57 -0.01716 -9.14613e-02
 58 -0.01305 -9.32335e-02 | 59 -0.00287 -1.01119e-01 | 60 -0.02149 -1.11367e-01
 61 -0.00935 -1.02232e-01 | 62 -0.01361 -1.13834e-01 | 63 -0.00659 -1.26049e-01
 64 -0.01740 -1.51081e-01 | 65 -0.01841 -1.55723e-01 | 66 -0.00338  4.03637e-04
 67 -0.00002  2.23012e-03 | 68  0.00000  0.00000e+00 | 69 -0.71969  1.73281e-02
 70  0.27717  2.50075e+02 | 71  0.03607  8.08691e+01 | 72  0.19508 -6.36085e-01
 73 -0.19616  2.50003e-02 | 74  0.08032  1.86505e-01 | 75  0.21327  7.41764e-02
 76 -0.28543 -1.44136e-03 | 77  0.16600 -8.25658e-02 | 78 -0.04157 -2.05444e-04
 79 -0.16406  1.28560e-02 | 80  0.18260  6.45714e-02 | 81 -0.26272 -1.38176e-03
 82  0.13195 -1.08081e-01 | 83  0.00000 -2.44889e-30 | 84  0.04459  2.57656e-02
 85 -0.04528  1.62163e-02 | 86 -0.23507 -2.69398e-04 | 87  0.10594 -1.15180e-02
 88  0.66597  3.02940e-03 | 89 -0.12254  2.29661e-02 | 90  0.11713  1.82369e-02
 91 -0.63935 -4.32103e-03 |
91 variables; iteration 300; function evaluation 394; phase 4
Function value 2.5330602e+02; maximum gradient component mag 4.7543e+01
Var    Value     Gradient |Var    Value     Gradient |Var    Value     Gradient
  1  0.08750 -3.24790e+00 |  2 -0.00708 -4.17025e+00 |  3 -0.02562  3.54767e-02
  4 -0.02357  4.32180e-02 |  5 -0.01601  5.31862e-02 |  6 -0.01473  5.76208e-02
  7 -0.01621  6.16339e-02 |  8 -0.00336  7.02052e-02 |  9  0.00354  7.55755e-02
 10  0.00432  7.92744e-02 | 11  0.00385  9.20336e-02 | 12 -0.00730  8.95809e-02
 13 -0.01062  5.16586e-03 | 14 -0.00906  7.02449e-03 | 15 -0.01534 -6.08810e-04
 16 -0.01270 -2.99729e-03 | 17 -0.00158 -1.02106e-03 | 18  0.00714  1.18492e-02
 19  0.01345  3.29263e-02 | 20  0.00309  3.82949e-02 | 21 -0.01408  2.67145e-02
 22 -0.01335  1.85168e-02 | 23 -0.01093  1.77623e-02 | 24 -0.02410  5.58777e-03
 25 -0.00798  3.27912e-02 | 26  0.02822  8.47761e-02 | 27  0.01883  5.62593e-02
 28  0.02831  3.55406e-02 | 29  0.02678  1.30713e-02 | 30  0.01807 -9.22273e-03
 31  0.04036  7.03343e-03 | 32  0.08284  6.13566e-02 | 33  0.01277 -8.52185e-03
 34  0.02079  3.80313e-03 | 35  0.02655  1.01357e-02 | 36  0.02519  6.40458e-03
 37  0.05027  5.63157e-02 | 38  0.01628  2.98503e-02 | 39 -0.00885  1.36826e-02
 40 -0.00962  4.06200e-02 | 41 -0.01633  3.60389e-02 | 42 -0.00969  4.40096e-02
 43  0.00213  3.14368e-02 | 44  0.00024  8.29149e-03 | 45  0.01145  5.43796e-03
 46  0.00822 -7.08138e-03 | 47  0.00558 -7.18385e-03 | 48  0.01230  5.48298e-03
 49 -0.01936 -9.29813e-03 | 50 -0.03888 -1.94163e-02 | 51 -0.03345 -1.48373e-02
 52 -0.01939 -1.08512e-02 | 53 -0.00992 -2.04588e-02 | 54 -0.01006 -2.85041e-02
 55 -0.01851 -3.71730e-02 | 56 -0.02497 -4.22494e-02 | 57 -0.01712 -4.65448e-02
 58 -0.01304 -4.69750e-02 | 59 -0.00288 -5.11454e-02 | 60 -0.02148 -5.78658e-02
 61 -0.00933 -5.10414e-02 | 62 -0.01359 -5.68562e-02 | 63 -0.00657 -6.35150e-02
 64 -0.01740 -7.67153e-02 | 65 -0.01843 -7.95458e-02 | 66 -0.00339 -4.90692e-04
 67 -0.00002  2.61304e-03 | 68  0.00000  0.00000e+00 | 69 -0.71968 -3.56932e+00
 70  0.27789  4.75429e+01 | 71  0.03375  1.46360e+01 | 72  0.19521 -2.92241e-01
 73 -0.16043  7.25347e-03 | 74  0.08031  7.51133e-02 | 75  0.21327 -3.31571e+00
 76 -0.32579 -1.77377e-03 | 77  0.16599 -3.28047e+00 | 78  0.11986 -6.90163e-04
 79 -0.16406 -5.31616e-01 | 80  0.18270  4.86335e-02 | 81 -0.29152 -1.55129e-03
 82  0.13197 -6.75439e-02 | 83  0.00000 -2.50400e-30 | 84  0.04460  7.81421e-03
 85 -0.04525  5.11765e-03 | 86 -0.22463  1.36407e-04 | 87  0.10595 -9.71038e-04
 88  0.66589  2.31678e-03 | 89 -0.12249  1.20806e-02 | 90  0.11718  1.05459e-02
 91 -0.63932 -1.90623e-03 |
91 variables; iteration 320; function evaluation 417; phase 4
Function value 2.5330522e+02; maximum gradient component mag -4.8457e+01
Var    Value     Gradient |Var    Value     Gradient |Var    Value     Gradient
  1  0.08750 -4.25634e+00 |  2 -0.00711 -4.71164e-01 |  3 -0.02564 -2.75858e-02
  4 -0.02360 -3.32339e-02 |  5 -0.01604 -4.18993e-02 |  6 -0.01477 -4.56959e-02
  7 -0.01626 -4.82453e-02 |  8 -0.00341 -5.46841e-02 |  9  0.00349 -5.97407e-02
 10  0.00427 -6.30469e-02 | 11  0.00381 -7.30881e-02 | 12 -0.00731 -6.86820e-02
 13 -0.01063 -1.71976e-02 | 14 -0.00908 -1.98097e-02 | 15 -0.01537 -1.33778e-02
 16 -0.01272 -1.00341e-02 | 17 -0.00160 -9.83764e-03 | 18  0.00712 -1.95812e-02
 19  0.01344 -3.47737e-02 | 20  0.00308 -3.82798e-02 | 21 -0.01409 -2.85819e-02
 22 -0.01335 -1.90119e-02 | 23 -0.01094 -1.80760e-02 | 24 -0.02411 -9.64681e-03
 25 -0.00799 -2.83601e-02 | 26  0.02823 -6.22321e-02 | 27  0.01884 -4.13007e-02
 28  0.02830 -2.81100e-02 | 29  0.02679 -1.05639e-02 | 30  0.01809  4.19949e-03
 31  0.04037 -5.75372e-03 | 32  0.08286 -4.15726e-02 | 33  0.01277  5.50848e-03
 34  0.02078 -1.95462e-03 | 35  0.02654 -4.99801e-03 | 36  0.02517 -1.34049e-04
 37  0.05025 -2.99919e-02 | 38  0.01627 -1.43002e-02 | 39 -0.00885 -4.14109e-03
 40 -0.00962 -1.77591e-02 | 41 -0.01633 -1.36620e-02 | 42 -0.00970 -1.98891e-02
 43  0.00212 -1.08395e-02 | 44  0.00023  1.25152e-03 | 45  0.01146  3.78112e-03
 46  0.00825  1.07251e-02 | 47  0.00559  1.09097e-02 | 48  0.01231  4.52946e-03
 49 -0.01936  1.43024e-02 | 50 -0.03888  1.95612e-02 | 51 -0.03344  1.74105e-02
 52 -0.01938  1.41003e-02 | 53 -0.00992  1.82177e-02 | 54 -0.01006  2.35107e-02
 55 -0.01849  2.96186e-02 | 56 -0.02493  3.18325e-02 | 57 -0.01708  3.54964e-02
 58 -0.01304  3.28650e-02 | 59 -0.00288  3.67229e-02 | 60 -0.02148  3.91506e-02
 61 -0.00931  3.73649e-02 | 62 -0.01356  4.07077e-02 | 63 -0.00655  4.27372e-02
 64 -0.01740  5.04744e-02 | 65 -0.01844  4.91694e-02 | 66 -0.00339 -5.08627e-04
 67 -0.00003 -1.69594e-03 | 68  0.00000  0.00000e+00 | 69 -0.71963 -3.76716e-01
 70  0.27855 -4.84573e+01 | 71  0.03145 -1.31122e+01 | 72  0.19534  2.23091e-01
 73 -0.16433 -8.40781e-03 | 74  0.08022 -7.60679e-02 | 75  0.21328 -6.68878e-01
 76 -0.36853 -2.04814e-03 | 77  0.16598 -3.42107e-01 | 78 -0.16048 -8.09158e-04
 79 -0.16405 -6.60716e-02 | 80  0.18275 -1.75112e-02 | 81 -0.32045 -1.73134e-03
 82  0.13197  2.18703e-02 | 83  0.00000 -2.54984e-30 | 84  0.04463 -5.44005e-03
 85 -0.04522 -2.15666e-03 | 86 -0.22825 -1.82932e-05 | 87  0.10596  2.13919e-03
 88  0.66578  1.42588e-04 | 89 -0.12244 -4.45837e-03 | 90  0.11722 -2.78129e-03
 91 -0.63929  2.76379e-04 |
91 variables; iteration 340; function evaluation 439; phase 4
Function value 2.5330472e+02; maximum gradient component mag 3.7524e+01
Var    Value     Gradient |Var    Value     Gradient |Var    Value     Gradient
  1  0.08750  6.32693e+00 |  2 -0.00712  1.81485e-01 |  3 -0.02566  3.80252e-02
  4 -0.02362  4.89576e-02 |  5 -0.01606  6.06704e-02 |  6 -0.01479  6.38658e-02
  7 -0.01628  6.50085e-02 |  8 -0.00344  7.85961e-02 |  9  0.00346  8.39724e-02
 10  0.00424  8.82918e-02 | 11  0.00379  1.00622e-01 | 12 -0.00731  9.91238e-02
 13 -0.01064  2.54777e-03 | 14 -0.00910  5.11796e-03 | 15 -0.01538 -5.71694e-03
 16 -0.01273 -1.22495e-02 | 17 -0.00162 -7.25354e-03 | 18  0.00711  3.23706e-03
 19  0.01343  2.87858e-02 | 20  0.00308  3.96627e-02 | 21 -0.01409  2.40886e-02
 22 -0.01335  1.54408e-02 | 23 -0.01094  1.10187e-02 | 24 -0.02412  4.81911e-03
 25 -0.00799  3.51514e-02 | 26  0.02823  9.53346e-02 | 27  0.01885  6.48153e-02
 28  0.02830  3.99895e-02 | 29  0.02679  1.53400e-02 | 30  0.01809 -9.87352e-03
 31  0.04037  6.81904e-03 | 32  0.08287  7.70031e-02 | 33  0.01276 -6.79632e-03
 34  0.02077  3.14919e-03 | 35  0.02653  8.45436e-03 | 36  0.02516  7.46887e-03
 37  0.05024  6.68689e-02 | 38  0.01626  3.31443e-02 | 39 -0.00885  2.32683e-02
 40 -0.00962  4.26921e-02 | 41 -0.01633  4.46528e-02 | 42 -0.00970  4.38887e-02
 43  0.00211  3.72147e-02 | 44  0.00022  8.46553e-03 | 45  0.01147  8.03843e-03
 46  0.00826 -3.24989e-04 | 47  0.00561 -4.60235e-03 | 48  0.01231  1.40272e-02
 49 -0.01936 -6.72931e-03 | 50 -0.03888 -1.78781e-02 | 51 -0.03343 -1.07082e-02
 52 -0.01937 -5.83829e-03 | 53 -0.00993 -1.45180e-02 | 54 -0.01007 -2.50177e-02
 55 -0.01848 -3.65047e-02 | 56 -0.02491 -4.78440e-02 | 57 -0.01706 -4.50781e-02
 58 -0.01303 -5.16956e-02 | 59 -0.00288 -5.50282e-02 | 60 -0.02148 -6.38437e-02
 61 -0.00930 -5.64641e-02 | 62 -0.01355 -6.36450e-02 | 63 -0.00653 -7.40566e-02
 64 -0.01740 -9.05109e-02 | 65 -0.01845 -9.98491e-02 | 66 -0.00339 -7.58693e-04
 67 -0.00003 -8.69256e-04 | 68  0.00000  0.00000e+00 | 69 -0.71962  1.24241e-01
 70  0.27899  3.75240e+01 | 71  0.02976  1.01786e+01 | 72  0.19543 -3.59379e-01
 73 -0.09104  1.41118e-02 | 74  0.08019  9.70504e-02 | 75  0.21328 -3.69738e-02
 76 -0.40100 -2.28724e-03 | 77  0.16597  4.76086e-02 | 78  0.09703  5.90476e-04
 79 -0.16405  2.07771e-02 | 80  0.18280  2.57080e-02 | 81 -0.34103 -1.86561e-03
 82  0.13198 -7.07932e-02 | 83  0.00000 -2.56910e-30 | 84  0.04464  1.50100e-02
 85 -0.04521  2.12920e-02 | 86 -0.22532  1.05196e-04 | 87  0.10596 -1.58306e-02
 88  0.66572  3.24081e-03 | 89 -0.12241  1.92760e-02 | 90  0.11725  2.01529e-02
 91 -0.63927 -7.38132e-03 |
91 variables; iteration 360; function evaluation 464; phase 4
Function value 2.5330451e+02; maximum gradient component mag 4.6328e+01
Var    Value     Gradient |Var    Value     Gradient |Var    Value     Gradient
  1  0.08750 -1.40436e+00 |  2 -0.00713  1.46900e-02 |  3 -0.02567 -6.25846e-03
  4 -0.02363 -7.41926e-03 |  5 -0.01608 -1.13509e-02 |  6 -0.01480 -1.09136e-02
  7 -0.01629 -9.68650e-03 |  8 -0.00346 -1.21277e-02 |  9  0.00344 -1.15325e-02
 10  0.00422 -1.19327e-02 | 11  0.00378 -1.48528e-02 | 12 -0.00732 -1.74115e-02
 13 -0.01065  8.75691e-03 | 14 -0.00911  7.36900e-03 | 15 -0.01539  1.01075e-02
 16 -0.01274  1.24246e-02 | 17 -0.00163  1.18935e-02 | 18  0.00710  1.02581e-02
 19  0.01343  2.47071e-03 | 20  0.00307 -1.79147e-03 | 21 -0.01409  2.62250e-03
 22 -0.01336  2.98301e-03 | 23 -0.01094  2.93804e-03 | 24 -0.02413  1.76689e-03
 25 -0.00799 -5.05759e-03 | 26  0.02824 -1.89063e-02 | 27  0.01885 -1.26127e-02
 28  0.02830 -4.94026e-03 | 29  0.02680 -4.39241e-04 | 30  0.01810  3.82394e-03
 31  0.04038 -7.21919e-05 | 32  0.08287 -1.80091e-02 | 33  0.01275  2.89828e-03
 34  0.02077  1.75011e-03 | 35  0.02653 -1.63991e-04 | 36  0.02516 -1.57207e-03
 37  0.05024 -1.81597e-02 | 38  0.01626 -9.76771e-03 | 39 -0.00886 -8.20513e-03
 40 -0.00961 -1.23531e-02 | 41 -0.01633 -1.62618e-02 | 42 -0.00970 -1.14295e-02
 43  0.00210 -1.18966e-02 | 44  0.00022 -3.61522e-03 | 45  0.01147 -7.18969e-03
 46  0.00827 -5.22549e-03 | 47  0.00561 -3.58059e-03 | 48  0.01231 -9.57216e-03
 49 -0.01936 -3.75284e-03 | 50 -0.03887 -1.59238e-03 | 51 -0.03343 -6.45044e-03
 52 -0.01937 -6.22742e-03 | 53 -0.00993 -2.31445e-03 | 54 -0.01007  3.15476e-04
 55 -0.01848  2.00231e-03 | 56 -0.02489  5.95194e-03 | 57 -0.01705  2.74839e-03
 58 -0.01302  7.57562e-03 | 59 -0.00289  9.36716e-03 | 60 -0.02148  1.31795e-02
 61 -0.00929  8.94917e-03 | 62 -0.01354  1.00656e-02 | 63 -0.00652  1.38585e-02
 64 -0.01740  2.08878e-02 | 65 -0.01845  2.81341e-02 | 66 -0.00339  1.76237e-03
 67 -0.00003  6.65222e-04 | 68  0.00000  0.00000e+00 | 69 -0.71961  1.83265e-02
 70  0.27930  4.63279e+01 | 71  0.02867  1.20896e+01 | 72  0.19548 -3.15683e-02
 73 -0.18980  4.59697e-03 | 74  0.08018  2.48670e-02 | 75  0.21329  3.32672e-02
 76 -0.42293 -2.45853e-03 | 77  0.16597  5.79537e-03 | 78  0.04226  2.08835e-04
 79 -0.16407  3.58538e-03 | 80  0.18284 -1.00587e-02 | 81 -0.35567 -1.96441e-03
 82  0.13199  1.46496e-02 | 83  0.00000 -2.60057e-30 | 84  0.04464 -4.54514e-03
 85 -0.04520 -9.16938e-03 | 86 -0.23186 -1.58108e-04 | 87  0.10596  6.53802e-03
 88  0.66570 -4.06061e-04 | 89 -0.12239 -6.67091e-03 | 90  0.11727 -1.27318e-02
 91 -0.63925  6.92397e-03 |
91 variables; iteration 380; function evaluation 485; phase 4
Function value 2.5330426e+02; maximum gradient component mag 4.8696e+00
Var    Value     Gradient |Var    Value     Gradient |Var    Value     Gradient
  1  0.08750 -8.99073e-01 |  2 -0.00713 -1.92217e-02 |  3 -0.02568 -2.47435e-03
  4 -0.02364 -3.18751e-03 |  5 -0.01609 -4.70778e-03 |  6 -0.01481 -3.68885e-03
  7 -0.01631 -2.88669e-03 |  8 -0.00347 -4.39264e-03 |  9  0.00342 -5.24587e-03
 10  0.00420 -5.06468e-03 | 11  0.00377 -6.23733e-03 | 12 -0.00732 -6.76404e-03
 13 -0.01066  7.85928e-03 | 14 -0.00911  7.15228e-03 | 15 -0.01540  8.06225e-03
 16 -0.01274  1.01857e-02 | 17 -0.00164  8.77789e-03 | 18  0.00710  7.94763e-03
 19  0.01343  5.05993e-03 | 20  0.00307  2.27941e-03 | 21 -0.01410  4.08436e-03
 22 -0.01336  3.57194e-03 | 23 -0.01095  4.71628e-03 | 24 -0.02413  3.83539e-03
 25 -0.00799  1.71259e-04 | 26  0.02824 -7.65875e-03 | 27  0.01885 -5.10004e-03
 28  0.02830 -1.64974e-03 | 29  0.02680  4.11754e-04 | 30  0.01810  3.32010e-03
 31  0.04038  3.70946e-04 | 32  0.08288 -9.13999e-03 | 33  0.01275  1.69831e-03
 34  0.02077  9.13610e-04 | 35  0.02653 -2.79588e-04 | 36  0.02515 -2.06667e-03
 37  0.05023 -1.23069e-02 | 38  0.01625 -7.83104e-03 | 39 -0.00886 -7.41904e-03
 40 -0.00961 -9.61626e-03 | 41 -0.01633 -1.23708e-02 | 42 -0.00970 -1.04830e-02
 43  0.00210 -1.12207e-02 | 44  0.00022 -5.57161e-03 | 45  0.01147 -6.34052e-03
 46  0.00828 -5.81222e-03 | 47  0.00562 -4.08201e-03 | 48  0.01232 -9.32592e-03
 49 -0.01936 -4.49222e-03 | 50 -0.03887 -2.51745e-03 | 51 -0.03343 -4.25990e-03
 52 -0.01936 -4.59672e-03 | 53 -0.00993 -3.51400e-03 | 54 -0.01007 -1.27455e-03
 55 -0.01847  3.23027e-04 | 56 -0.02488  3.96233e-03 | 57 -0.01703  1.67872e-03
 58 -0.01302  4.80450e-03 | 59 -0.00289  5.24661e-03 | 60 -0.02148  8.24393e-03
 61 -0.00928  6.18045e-03 | 62 -0.01353  6.52045e-03 | 63 -0.00651  9.59108e-03
 64 -0.01740  1.33119e-02 | 65 -0.01846  1.72864e-02 | 66 -0.00340  4.71605e-04
 67 -0.00002  1.39015e-03 | 68  0.00000  0.00000e+00 | 69 -0.71960 -1.41073e-02
 70  0.27960  4.86961e+00 | 71  0.02742  1.42598e+00 | 72  0.19554  6.77058e-02
 73 -0.13721  6.04770e-04 | 74  0.08013 -9.22312e-03 | 75  0.21329 -9.48498e-02
 76 -0.44782 -2.66379e-03 | 77  0.16596  3.28287e-03 | 78 -0.01677 -8.27819e-05
 79 -0.16406 -3.24656e-03 | 80  0.18288 -3.04750e-03 | 81 -0.37076 -2.06941e-03
 82  0.13200  2.07717e-02 | 83  0.00000 -2.62157e-30 | 84  0.04464 -3.76319e-03
 85 -0.04519 -1.10889e-02 | 86 -0.23077 -1.18060e-04 | 87  0.10597  8.62013e-03
 88  0.66565 -1.71647e-03 | 89 -0.12237 -5.67591e-03 | 90  0.11729 -7.94044e-03
 91 -0.63925  3.23315e-03 |
91 variables; iteration 400; function evaluation 509; phase 4
Function value 2.5330399e+02; maximum gradient component mag 2.2322e+01
Var    Value     Gradient |Var    Value     Gradient |Var    Value     Gradient
  1  0.08750  3.03636e+00 |  2 -0.00715  2.75583e-02 |  3 -0.02570  1.93744e-02
  4 -0.02366  2.45448e-02 |  5 -0.01611  3.07328e-02 |  6 -0.01484  3.23777e-02
  7 -0.01634  3.29880e-02 |  8 -0.00351  3.95178e-02 |  9  0.00337  4.25078e-02
 10  0.00416  4.44053e-02 | 11  0.00374  5.09223e-02 | 12 -0.00733  4.98917e-02
 13 -0.01067  1.61291e-03 | 14 -0.00913  3.07933e-03 | 15 -0.01542 -2.24959e-03
 16 -0.01276 -5.65477e-03 | 17 -0.00165 -3.55788e-03 | 18  0.00708  2.19715e-03
 19  0.01342  1.50028e-02 | 20  0.00307  2.03832e-02 | 21 -0.01410  1.25349e-02
 22 -0.01336  7.84308e-03 | 23 -0.01095  5.84089e-03 | 24 -0.02414  2.34765e-03
 25 -0.00800  1.76714e-02 | 26  0.02825  4.76793e-02 | 27  0.01886  3.22844e-02
 28  0.02829  1.98541e-02 | 29  0.02681  7.23197e-03 | 30  0.01811 -5.26188e-03
 31  0.04039  3.37360e-03 | 32  0.08288  3.78000e-02 | 33  0.01275 -3.92446e-03
 34  0.02076  1.18314e-03 | 35  0.02653  4.06098e-03 | 36  0.02514  3.27316e-03
 37  0.05022  3.30030e-02 | 38  0.01624  1.68624e-02 | 39 -0.00886  1.12610e-02
 40 -0.00961  2.13985e-02 | 41 -0.01633  2.19977e-02 | 42 -0.00970  2.20646e-02
 43  0.00209  1.81003e-02 | 44  0.00021  4.22531e-03 | 45  0.01148  3.98644e-03
 46  0.00830 -5.12998e-04 | 47  0.00563 -2.57952e-03 | 48  0.01232  6.85810e-03
 49 -0.01937 -3.47817e-03 | 50 -0.03887 -8.87650e-03 | 51 -0.03342 -5.29487e-03
 52 -0.01936 -3.06259e-03 | 53 -0.00993 -7.51332e-03 | 54 -0.01007 -1.28569e-02
 55 -0.01846 -1.83956e-02 | 56 -0.02485 -2.38166e-02 | 57 -0.01700 -2.28210e-02
 58 -0.01302 -2.56360e-02 | 59 -0.00289 -2.78256e-02 | 60 -0.02148 -3.23233e-02
 61 -0.00926 -2.85783e-02 | 62 -0.01351 -3.16624e-02 | 63 -0.00649 -3.66174e-02
 64 -0.01740 -4.52111e-02 | 65 -0.01847 -4.95513e-02 | 66 -0.00340 -3.89440e-04
 67 -0.00003 -3.62565e-04 | 68  0.00000  0.00000e+00 | 69 -0.71958  8.03207e-03
 70  0.28014  2.23217e+01 | 71  0.02511  5.25695e+00 | 72  0.19565 -1.81579e-01
 73 -0.12299  5.46744e-03 | 74  0.08011  4.59011e-02 | 75  0.21329  1.82106e-02
 76 -0.49570 -3.09919e-03 | 77  0.16595 -2.17176e-02 | 78  0.02151  1.06199e-04
 79 -0.16407  3.52126e-03 | 80  0.18293  8.01404e-03 | 81 -0.39900 -2.27513e-03
 82  0.13201 -3.57874e-02 | 83  0.00000 -2.65185e-30 | 84  0.04466  7.71237e-03
 85 -0.04516  1.04388e-02 | 86 -0.22701  3.16777e-05 | 87  0.10597 -7.87597e-03
 88  0.66557  1.58444e-03 | 89 -0.12233  9.25807e-03 | 90  0.11733  1.02297e-02
 91 -0.63922 -3.69473e-03 |
91 variables; iteration 420; function evaluation 535; phase 4
Function value 2.5330390e+02; maximum gradient component mag 1.1019e+01
Var    Value     Gradient |Var    Value     Gradient |Var    Value     Gradient
  1  0.08750  1.47567e+00 |  2 -0.00716 -1.20351e-02 |  3 -0.02571  9.56628e-03
  4 -0.02367  1.21598e-02 |  5 -0.01613  1.52695e-02 |  6 -0.01486  1.60187e-02
  7 -0.01636  1.62780e-02 |  8 -0.00354  1.95971e-02 |  9  0.00335  2.12569e-02
 10  0.00413  2.21868e-02 | 11  0.00372  2.54172e-02 | 12 -0.00733  2.48352e-02
 13 -0.01068  7.44921e-04 | 14 -0.00914  1.55350e-03 | 15 -0.01543 -1.10925e-03
 16 -0.01277 -2.94620e-03 | 17 -0.00166 -1.82979e-03 | 18  0.00707  1.02703e-03
 19  0.01341  7.31648e-03 | 20  0.00306  1.01090e-02 | 21 -0.01411  6.25281e-03
 22 -0.01336  3.88672e-03 | 23 -0.01096  2.70814e-03 | 24 -0.02415  9.99356e-04
 25 -0.00800  8.69434e-03 | 26  0.02826  2.37466e-02 | 27  0.01887  1.60926e-02
 28  0.02829  9.95072e-03 | 29  0.02681  3.62409e-03 | 30  0.01812 -2.70322e-03
 31  0.04039  1.62569e-03 | 32  0.08289  1.87901e-02 | 33  0.01274 -2.01101e-03
 34  0.02075  5.49457e-04 | 35  0.02652  1.97645e-03 | 36  0.02513  1.65719e-03
 37  0.05021  1.64941e-02 | 38  0.01624  8.44478e-03 | 39 -0.00887  5.79900e-03
 40 -0.00961  1.07904e-02 | 41 -0.01633  1.12608e-02 | 42 -0.00971  1.14396e-02
 43  0.00208  9.59608e-03 | 44  0.00020  2.47153e-03 | 45  0.01149  2.12939e-03
 46  0.00831 -8.34967e-05 | 47  0.00564 -1.27877e-03 | 48  0.01232  3.56785e-03
 49 -0.01937 -1.76358e-03 | 50 -0.03887 -4.47745e-03 | 51 -0.03342 -2.76386e-03
 52 -0.01935 -1.58563e-03 | 53 -0.00994 -3.64852e-03 | 54 -0.01008 -6.41418e-03
 55 -0.01845 -9.24421e-03 | 56 -0.02483 -1.20812e-02 | 57 -0.01698 -1.15154e-02
 58 -0.01301 -1.29609e-02 | 59 -0.00290 -1.39474e-02 | 60 -0.02148 -1.62096e-02
 61 -0.00925 -1.44449e-02 | 62 -0.01350 -1.60352e-02 | 63 -0.00648 -1.85843e-02
 64 -0.01740 -2.28102e-02 | 65 -0.01848 -2.49689e-02 | 66 -0.00340 -1.53668e-04
 67 -0.00003 -3.04413e-04 | 68  0.00000  0.00000e+00 | 69 -0.71957 -1.78832e-02
 70  0.28050  1.10186e+01 | 71  0.02351  2.52430e+00 | 72  0.19571 -1.00730e-01
 73 -0.11387  2.87761e-03 | 74  0.08008  2.57456e-02 | 75  0.21330  5.25800e-03
 76 -0.52958 -3.44785e-03 | 77  0.16595 -3.04595e-02 | 78 -0.00863 -4.26036e-05
 79 -0.16407 -1.29217e-03 | 80  0.18297 -6.68235e-04 | 81 -0.41808 -2.42185e-03
 82  0.13202 -1.78329e-02 | 83  0.00000 -2.67902e-30 | 84  0.04467  3.60095e-03
 85 -0.04515  5.55403e-03 | 86 -0.22745  1.29106e-05 | 87  0.10598 -4.36946e-03
 88  0.66553  8.48501e-04 | 89 -0.12231  4.68421e-03 | 90  0.11735  5.16515e-03
 91 -0.63921 -1.79950e-03 |
91 variables; iteration 440; function evaluation 559; phase 4
Function value 2.5330387e+02; maximum gradient component mag 1.9284e+00
Var    Value     Gradient |Var    Value     Gradient |Var    Value     Gradient
  1  0.08750  4.87843e-01 |  2 -0.00716 -1.54984e-02 |  3 -0.02572  3.39350e-03
  4 -0.02368  4.32469e-03 |  5 -0.01614  5.41227e-03 |  6 -0.01487  5.75067e-03
  7 -0.01637  5.87317e-03 |  8 -0.00355  7.07452e-03 |  9  0.00333  7.64059e-03
 10  0.00412  7.97394e-03 | 11  0.00371  9.08864e-03 | 12 -0.00734  8.89390e-03
 13 -0.01068  5.83647e-04 | 14 -0.00915  8.43091e-04 | 15 -0.01543 -1.20134e-04
 16 -0.01278 -6.70922e-04 | 17 -0.00167 -3.24423e-04 | 18  0.00707  6.68708e-04
 19  0.01341  2.87857e-03 | 20  0.00306  3.82583e-03 | 21 -0.01411  2.49472e-03
 22 -0.01336  1.58982e-03 | 23 -0.01096  1.19757e-03 | 24 -0.02415  5.35110e-04
 25 -0.00800  3.24186e-03 | 26  0.02826  8.51842e-03 | 27  0.01887  5.80308e-03
 28  0.02829  3.66460e-03 | 29  0.02681  1.38720e-03 | 30  0.01812 -8.37937e-04
 31  0.04040  6.27804e-04 | 32  0.08289  6.63011e-03 | 33  0.01274 -6.44178e-04
 34  0.02075  2.66440e-04 | 35  0.02652  7.36183e-04 | 36  0.02513  5.22171e-04
 37  0.05020  5.59064e-03 | 38  0.01624  2.81040e-03 | 39 -0.00887  1.85746e-03
 40 -0.00961  3.61099e-03 | 41 -0.01633  3.65873e-03 | 42 -0.00971  3.77093e-03
 43  0.00208  3.07189e-03 | 44  0.00020  6.79677e-04 | 45  0.01149  5.26245e-04
 46  0.00832 -2.94117e-04 | 47  0.00565 -6.80998e-04 | 48  0.01232  8.83921e-04
 49 -0.01937 -8.48890e-04 | 50 -0.03887 -1.75029e-03 | 51 -0.03342 -1.17679e-03
 52 -0.01935 -7.77542e-04 | 53 -0.00994 -1.50923e-03 | 54 -0.01008 -2.44117e-03
 55 -0.01844 -3.41746e-03 | 56 -0.02481 -4.30405e-03 | 57 -0.01697 -4.19370e-03
 58 -0.01301 -4.60685e-03 | 59 -0.00290 -4.92650e-03 | 60 -0.02148 -5.61758e-03
 61 -0.00924 -5.05024e-03 | 62 -0.01349 -5.64353e-03 | 63 -0.00647 -6.47609e-03
 64 -0.01740 -7.88504e-03 | 65 -0.01848 -8.51409e-03 | 66 -0.00340 -5.64879e-05
 67 -0.00003 -4.87339e-05 | 68  0.00000  0.00000e+00 | 69 -0.71956 -1.59547e-02
 70  0.28074  1.92836e+00 | 71  0.02227  5.14296e-01 | 72  0.19576 -3.46747e-02
 73 -0.05960  1.09684e-03 | 74  0.08006  8.96094e-03 | 75  0.21330 -1.86652e-02
 76 -0.55653 -3.75556e-03 | 77  0.16594 -1.90495e-02 | 78  0.00049  2.44030e-06
 79 -0.16407 -2.02070e-03 | 80  0.18300 -4.57811e-03 | 81 -0.43189 -2.53231e-03
 82  0.13202 -5.08575e-03 | 83  0.00000 -2.69818e-30 | 84  0.04467  9.83117e-04
 85 -0.04514  1.64560e-03 | 86 -0.22766  3.80131e-06 | 87  0.10598 -1.29903e-03
 88  0.66550  2.52887e-04 | 89 -0.12229  1.53174e-03 | 90  0.11736  1.57038e-03
 91 -0.63920 -5.21124e-04 |
91 variables; iteration 460; function evaluation 580; phase 4
Function value 2.5330387e+02; maximum gradient component mag -4.0261e-01
Var    Value     Gradient |Var    Value     Gradient |Var    Value     Gradient
  1  0.08750 -1.47153e-01 |  2 -0.00716 -2.46864e-02 |  3 -0.02572 -7.03661e-04
  4 -0.02368 -8.54477e-04 |  5 -0.01614 -1.07806e-03 |  6 -0.01487 -1.08650e-03
  7 -0.01637 -1.10224e-03 |  8 -0.00355 -1.25405e-03 |  9  0.00333 -1.36937e-03
 10  0.00412 -1.45677e-03 | 11  0.00371 -1.73066e-03 | 12 -0.00734 -1.63200e-03
 13 -0.01068 -4.90604e-05 | 14 -0.00915 -1.26831e-04 | 15 -0.01543  2.52271e-05
 16 -0.01278  2.19876e-04 | 17 -0.00167  1.41624e-04 | 18  0.00707 -9.52760e-05
 19  0.01341 -5.18700e-04 | 20  0.00306 -6.58683e-04 | 21 -0.01411 -3.58745e-04
 22 -0.01336 -2.17000e-04 | 23 -0.01096 -1.61003e-04 | 24 -0.02415 -5.36385e-05
 25 -0.00800 -5.28752e-04 | 26  0.02826 -1.44168e-03 | 27  0.01887 -9.24469e-04
 28  0.02829 -5.24205e-04 | 29  0.02681 -1.59285e-04 | 30  0.01812  2.32244e-04
 31  0.04040 -7.30456e-05 | 32  0.08289 -1.10859e-03 | 33  0.01274  1.96088e-04
 34  0.02075  3.31433e-05 | 35  0.02652 -7.93538e-05 | 36  0.02513 -1.04249e-04
 37  0.05020 -1.07776e-03 | 38  0.01624 -5.40655e-04 | 39 -0.00887 -3.51777e-04
 40 -0.00961 -6.75834e-04 | 41 -0.01633 -7.35513e-04 | 42 -0.00971 -7.67432e-04
 43  0.00208 -6.28670e-04 | 44  0.00020 -1.51926e-04 | 45  0.01149 -1.54224e-04
 46  0.00832 -4.86666e-05 | 47  0.00565  1.95188e-06 | 48  0.01232 -3.40252e-04
 49 -0.01937  6.97972e-05 | 50 -0.03887  2.77080e-04 | 51 -0.03342  1.67492e-04
 52 -0.01935  7.14346e-05 | 53 -0.00994  1.92966e-04 | 54 -0.01008  3.65823e-04
 55 -0.01844  5.44401e-04 | 56 -0.02481  7.60324e-04 | 57 -0.01697  6.99235e-04
 58 -0.01301  8.00445e-04 | 59 -0.00290  9.19721e-04 | 60 -0.02147  1.11653e-03
 61 -0.00924  9.83259e-04 | 62 -0.01349  1.03725e-03 | 63 -0.00647  1.17666e-03
 64 -0.01740  1.46679e-03 | 65 -0.01848  1.65473e-03 | 66 -0.00340 -8.10906e-06
 67 -0.00003  3.15577e-05 | 68  0.00000  0.00000e+00 | 69 -0.71956 -2.05162e-02
 70  0.28076 -4.02607e-01 | 71  0.02211  2.75557e-02 | 72  0.19577  4.86947e-03
 73 -0.04810 -1.52373e-04 | 74  0.08005 -1.54006e-03 | 75  0.21330 -3.63063e-02
 76 -0.55989 -3.79613e-03 | 77  0.16594 -1.78876e-02 | 78  0.00031  1.52407e-06
 79 -0.16407 -3.36510e-03 | 80  0.18301 -7.31443e-03 | 81 -0.43323 -2.54326e-03
 82  0.13202  2.19325e-03 | 83  0.00000 -2.70093e-30 | 84  0.04467 -5.73987e-04
 85 -0.04514 -4.49600e-04 | 86 -0.22796 -8.60601e-06 | 87  0.10598  3.12734e-04
 88  0.66549 -6.07415e-05 | 89 -0.12229 -3.01674e-04 | 90  0.11736 -3.99872e-04
 91 -0.63919  1.71338e-04 |
91 variables; iteration 480; function evaluation 603; phase 4
Function value 2.5330386e+02; maximum gradient component mag 1.4968e+00
Var    Value     Gradient |Var    Value     Gradient |Var    Value     Gradient
  1  0.08750  8.75420e-01 |  2 -0.00716 -1.65390e-02 |  3 -0.02572  6.35195e-03
  4 -0.02369  8.06286e-03 |  5 -0.01614  9.97438e-03 |  6 -0.01487  1.07139e-02
  7 -0.01637  1.10384e-02 |  8 -0.00355  1.31259e-02 |  9  0.00333  1.41218e-02
 10  0.00412  1.47570e-02 | 11  0.00371  1.68297e-02 | 12 -0.00734  1.63827e-02
 13 -0.01068  1.85070e-03 | 14 -0.00915  2.22516e-03 | 15 -0.01544  5.23894e-04
 16 -0.01278 -3.38847e-04 | 17 -0.00167  2.09896e-04 | 18  0.00707  2.08475e-03
 19  0.01341  6.03352e-03 | 20  0.00306  7.50363e-03 | 21 -0.01411  5.10369e-03
 22 -0.01336  3.35725e-03 | 23 -0.01096  2.76843e-03 | 24 -0.02415  1.37723e-03
 25 -0.00800  6.16254e-03 | 26  0.02826  1.54339e-02 | 27  0.01887  1.04878e-02
 28  0.02829  6.72758e-03 | 29  0.02681  2.62003e-03 | 30  0.01812 -1.32696e-03
 31  0.04040  1.23386e-03 | 32  0.08290  1.17456e-02 | 33  0.01274 -1.08753e-03
 34  0.02075  5.92595e-04 | 35  0.02652  1.40591e-03 | 36  0.02513  8.42227e-04
 37  0.05020  9.61435e-03 | 38  0.01624  4.73573e-03 | 39 -0.00887  2.86765e-03
 40 -0.00961  6.03899e-03 | 41 -0.01633  5.80702e-03 | 42 -0.00971  6.18332e-03
 43  0.00208  4.69099e-03 | 44  0.00020  7.16959e-04 | 45  0.01149  4.01204e-04
 46  0.00832 -1.08785e-03 | 47  0.00565 -1.59761e-03 | 48  0.01232  9.18643e-04
 49 -0.01937 -1.95227e-03 | 50 -0.03887 -3.52533e-03 | 51 -0.03342 -2.60380e-03
 52 -0.01935 -1.88103e-03 | 53 -0.00994 -3.22140e-03 | 54 -0.01008 -4.75841e-03
 55 -0.01844 -6.45435e-03 | 56 -0.02481 -7.79999e-03 | 57 -0.01697 -7.83236e-03
 58 -0.01301 -8.31625e-03 | 59 -0.00290 -8.94922e-03 | 60 -0.02147 -1.00151e-02
 61 -0.00924 -9.08790e-03 | 62 -0.01349 -1.01240e-02 | 63 -0.00647 -1.14096e-02
 64 -0.01740 -1.37810e-02 | 65 -0.01848 -1.45873e-02 | 66 -0.00340 -4.71690e-05
 67 -0.00003  5.19129e-05 | 68  0.00000  0.00000e+00 | 69 -0.71956 -1.90851e-02
 70  0.28078  1.49684e+00 | 71  0.02183  4.13511e-01 | 72  0.19577 -5.78544e-02
 73 -0.00083  2.21383e-03 | 74  0.08005  1.58751e-02 | 75  0.21330 -2.11388e-02
 76 -0.56397 -3.84609e-03 | 77  0.16594 -2.58013e-02 | 78  0.00047  2.34297e-06
 79 -0.16407 -2.13429e-03 | 80  0.18301 -1.45405e-03 | 81 -0.43010 -2.51779e-03
 82  0.13202 -9.21642e-03 | 83  0.00000 -2.70122e-30 | 84  0.04467  1.99082e-03
 85 -0.04514  2.00089e-03 | 86 -0.22819 -1.76250e-05 | 87  0.10598 -1.51676e-03
 88  0.66549  3.35900e-04 | 89 -0.12229  2.36108e-03 | 90  0.11737  2.24648e-03
 91 -0.63919 -6.81739e-04 |
91 variables; iteration 500; function evaluation 628; phase 4
Function value 2.5330364e+02; maximum gradient component mag 1.0047e+01
Var    Value     Gradient |Var    Value     Gradient |Var    Value     Gradient
  1  0.08750  1.00469e+01 |  2 -0.00717  5.01782e-02 |  3 -0.02572  6.40941e-02
  4 -0.02369  8.13518e-02 |  5 -0.01615  1.01937e-01 |  6 -0.01488  1.06948e-01
  7 -0.01639  1.08757e-01 |  8 -0.00357  1.30490e-01 |  9  0.00331  1.40850e-01
 10  0.00410  1.47084e-01 | 11  0.00370  1.68764e-01 | 12 -0.00734  1.65147e-01
 13 -0.01069  4.50010e-03 | 14 -0.00916  9.52048e-03 | 15 -0.01544 -8.04963e-03
 16 -0.01278 -2.00480e-02 | 17 -0.00168 -1.26361e-02 | 18  0.00706  6.39984e-03
 19  0.01340  4.85762e-02 | 20  0.00306  6.67657e-02 | 21 -0.01411  4.07677e-02
 22 -0.01336  2.54618e-02 | 23 -0.01096  1.81620e-02 | 24 -0.02416  6.87386e-03
 25 -0.00800  5.77352e-02 | 26  0.02826  1.57387e-01 | 27  0.01887  1.06489e-01
 28  0.02829  6.53065e-02 | 29  0.02681  2.36668e-02 | 30  0.01813 -1.80222e-02
 31  0.04040  1.07493e-02 | 32  0.08290  1.24927e-01 | 33  0.01274 -1.33748e-02
 34  0.02075  3.57974e-03 | 35  0.02652  1.32014e-02 | 36  0.02512  1.11549e-02
 37  0.05020  1.10163e-01 | 38  0.01623  5.63967e-02 | 39 -0.00887  3.83994e-02
 40 -0.00961  7.17838e-02 | 41 -0.01632  7.46709e-02 | 42 -0.00971  7.49916e-02
 43  0.00207  6.24190e-02 | 44  0.00019  1.54438e-02 | 45  0.01150  1.41369e-02
 46  0.00832 -4.77225e-04 | 47  0.00565 -7.86718e-03 | 48  0.01233  2.42231e-02
 49 -0.01937 -1.09400e-02 | 50 -0.03887 -2.90936e-02 | 51 -0.03342 -1.73740e-02
 52 -0.01935 -9.75840e-03 | 53 -0.00994 -2.40982e-02 | 54 -0.01008 -4.21236e-02
 55 -0.01844 -6.07005e-02 | 56 -0.02480 -7.94333e-02 | 57 -0.01696 -7.56049e-02
 58 -0.01301 -8.54412e-02 | 59 -0.00290 -9.24136e-02 | 60 -0.02147 -1.07689e-01
 61 -0.00924 -9.53796e-02 | 62 -0.01348 -1.05653e-01 | 63 -0.00647 -1.22502e-01
 64 -0.01740 -1.50995e-01 | 65 -0.01849 -1.65823e-01 | 66 -0.00340 -1.13647e-03
 67 -0.00003 -1.75082e-03 | 68  0.00000  0.00000e+00 | 69 -0.71955 -7.96368e-03
 70  0.28090  4.74810e+00 | 71  0.01983  9.74032e-01 | 72  0.19579 -6.25468e-01
 73  0.12311  2.03983e-02 | 74  0.08007  1.58195e-01 | 75  0.21330  9.92309e-02
 76 -0.55863 -3.78088e-03 | 77  0.16594 -1.06180e-01 | 78 -0.00100 -4.91341e-06
 79 -0.16407  7.27302e-03 | 80  0.18301  3.78015e-02 | 81 -0.34250 -1.87552e-03
 82  0.13202 -1.23478e-01 | 83  0.00000 -2.69598e-30 | 84  0.04468  2.64896e-02
 85 -0.04513  3.63111e-02 | 86 -0.22547  9.76175e-05 | 87  0.10598 -2.76902e-02
 88  0.66547  5.57816e-03 | 89 -0.12228  3.12730e-02 | 90  0.11738  3.48690e-02
 91 -0.63919 -1.24617e-02 |
91 variables; iteration 520; function evaluation 678; phase 4
Function value 2.5330091e+02; maximum gradient component mag 1.3684e+00
Var    Value     Gradient |Var    Value     Gradient |Var    Value     Gradient
  1  0.08750  1.36841e+00 |  2 -0.00717 -7.66187e-03 |  3 -0.02573  1.45509e-02
  4 -0.02370  1.78271e-02 |  5 -0.01616  2.36836e-02 |  6 -0.01489  2.52698e-02
  7 -0.01638  2.63191e-02 |  8 -0.00357  2.99124e-02 |  9  0.00330  2.99106e-02
 10  0.00408  3.10702e-02 | 11  0.00366  3.61137e-02 | 12 -0.00735  3.38544e-02
 13 -0.01069  1.31000e-02 | 14 -0.00918  1.13540e-02 | 15 -0.01545  7.50501e-03
 16 -0.01279  7.28002e-03 | 17 -0.00168  1.04732e-02 | 18  0.00705  1.42644e-02
 19  0.01341  1.91434e-02 | 20  0.00305  1.63873e-02 | 21 -0.01412  1.00768e-02
 22 -0.01336  9.83350e-03 | 23 -0.01095  1.00242e-02 | 24 -0.02416  4.03472e-03
 25 -0.00801  7.49042e-03 | 26  0.02827  1.69872e-02 | 27  0.01887  9.36206e-03
 28  0.02829  6.15910e-03 | 29  0.02682  3.48280e-03 | 30  0.01813 -6.90196e-04
 31  0.04041  2.26719e-03 | 32  0.08290  1.62076e-02 | 33  0.01274 -7.60670e-04
 34  0.02074  3.13203e-03 | 35  0.02653  6.11742e-03 | 36  0.02511  5.95080e-03
 37  0.05020  1.96046e-02 | 38  0.01622  9.04150e-03 | 39 -0.00887  4.81303e-03
 40 -0.00960  9.63933e-03 | 41 -0.01632  9.15881e-03 | 42 -0.00971  1.04716e-02
 43  0.00206  7.77984e-03 | 44  0.00019 -2.67344e-04 | 45  0.01150 -3.91518e-03
 46  0.00833 -6.17345e-03 | 47  0.00566 -4.75031e-03 | 48  0.01233 -1.21013e-03
 49 -0.01937 -7.24201e-03 | 50 -0.03887 -1.14639e-02 | 51 -0.03341 -1.39431e-02
 52 -0.01934 -1.44812e-02 | 53 -0.00995 -1.32407e-02 | 54 -0.01008 -1.07299e-02
 55 -0.01843 -1.21511e-02 | 56 -0.02479 -1.58376e-02 | 57 -0.01695 -1.76175e-02
 58 -0.01300 -1.69642e-02 | 59 -0.00290 -1.54598e-02 | 60 -0.02147 -1.65635e-02
 61 -0.00923 -1.77052e-02 | 62 -0.01347 -1.96296e-02 | 63 -0.00646 -2.15273e-02
 64 -0.01740 -2.09969e-02 | 65 -0.01848 -1.95815e-02 | 66 -0.00341  8.61644e-05
 67 -0.00003  6.18366e-06 | 68  0.00000  0.00000e+00 | 69 -0.71954 -1.87942e-02
 70  0.28162 -4.81829e-01 | 71  0.01209 -4.22087e-02 | 72  0.19594  2.30517e-02
 73  0.21713 -1.60195e-03 | 74  0.07996  2.77360e-03 | 75  0.21330 -4.84178e-02
 76 -0.52788 -3.42949e-03 | 77  0.16594 -2.04139e-02 | 78 -0.00004 -2.21212e-07
 79 -0.16407 -2.33846e-03 | 80  0.18164  1.49414e-01 | 81  0.00249  2.05842e-05
 82  0.13154 -2.80551e-01 | 83  0.00000 -3.88153e-31 | 84  0.04470  1.27648e-01
 85 -0.04512 -4.39559e-03 | 86 -0.22701  3.01087e-05 | 87  0.10599  6.24939e-03
 88  0.66543 -2.61613e-04 | 89 -0.12226  4.52357e-04 | 90  0.11740 -9.29468e-04
 91 -0.63917  4.59387e-04 |
91 variables; iteration 540; function evaluation 698; phase 4
Function value 2.5330088e+02; maximum gradient component mag -4.0357e+00
Var    Value     Gradient |Var    Value     Gradient |Var    Value     Gradient
  1  0.08750 -4.03574e+00 |  2 -0.00716 -2.05387e-01 |  3 -0.02571  3.51766e-03
  4 -0.02368  2.92154e-03 |  5 -0.01614  1.24766e-03 |  6 -0.01486  8.25883e-03
  7 -0.01635  1.51887e-02 |  8 -0.00353  8.52501e-03 |  9  0.00333  7.40754e-03
 10  0.00411  9.20946e-03 | 11  0.00369  1.16873e-02 | 12 -0.00734  4.68372e-03
 13 -0.01068  7.01714e-02 | 14 -0.00917  6.34217e-02 | 15 -0.01544  6.69638e-02
 16 -0.01277  7.81094e-02 | 17 -0.00167  7.34487e-02 | 18  0.00706  7.42322e-02
 19  0.01342  5.96577e-02 | 20  0.00305  4.00590e-02 | 21 -0.01411  4.55798e-02
 22 -0.01337  4.15920e-02 | 23 -0.01094  4.55441e-02 | 24 -0.02415  2.94468e-02
 25 -0.00800  1.12536e-02 | 26  0.02826 -2.71350e-02 | 27  0.01886 -2.08762e-02
 28  0.02829 -3.02602e-03 | 29  0.02681  4.32812e-03 | 30  0.01812  1.65672e-02
 31  0.04040  3.06598e-03 | 32  0.08289 -4.57575e-02 | 33  0.01274  6.33968e-03
 34  0.02075  8.52692e-03 | 35  0.02654  4.38448e-03 | 36  0.02511 -8.13150e-03
 37  0.05021 -5.62825e-02 | 38  0.01624 -3.43849e-02 | 39 -0.00888 -3.96081e-02
 40 -0.00959 -4.49946e-02 | 41 -0.01633 -6.24455e-02 | 42 -0.00969 -4.66460e-02
 43  0.00207 -5.51121e-02 | 44  0.00020 -3.06426e-02 | 45  0.01150 -4.23723e-02
 46  0.00830 -4.40359e-02 | 47  0.00565 -3.27267e-02 | 48  0.01232 -6.29372e-02
 49 -0.01937 -4.10350e-02 | 50 -0.03887 -3.37734e-02 | 51 -0.03342 -4.99573e-02
 52 -0.01935 -5.26430e-02 | 53 -0.00995 -4.35572e-02 | 54 -0.01007 -2.75576e-02
 55 -0.01845 -1.86432e-02 | 56 -0.02481  9.29448e-04 | 57 -0.01698 -1.90892e-02
 58 -0.01300  1.90766e-03 | 59 -0.00290  9.31331e-03 | 60 -0.02147  2.89157e-02
 61 -0.00924  1.21257e-02 | 62 -0.01349  1.09830e-02 | 63 -0.00647  2.73654e-02
 64 -0.01740  5.34802e-02 | 65 -0.01847  8.48431e-02 | 66 -0.00341  3.71926e-03
 67 -0.00002  8.16681e-03 | 68  0.00000  0.00000e+00 | 69 -0.71956 -1.77149e-01
 70  0.28146  3.04046e-01 | 71  0.01324  9.32529e-02 | 72  0.19592  2.82573e-01
 73  0.21584  6.75674e-03 | 74  0.07991  2.80484e-03 | 75  0.21329 -4.80678e-01
 76 -0.50256 -3.16679e-03 | 77  0.16594 -1.03770e-01 | 78 -0.00275 -1.35794e-05
 79 -0.16405 -3.26229e-02 | 80  0.18164  3.45676e-01 | 81  0.00270  2.79100e-02
 82  0.13155 -1.01323e-01 | 83  0.00000  2.76200e-31 | 84  0.04467  7.61697e-02
 85 -0.04514 -5.80259e-02 | 86 -0.24105 -4.62379e-04 | 87  0.10598  4.95591e-02
 88  0.66549 -7.30083e-03 | 89 -0.12229 -3.03585e-02 | 90  0.11737 -5.54923e-02
 91 -0.63919  2.57177e-02 |
91 variables; iteration 560; function evaluation 722; phase 4
Function value 2.5330036e+02; maximum gradient component mag 7.0837e+00
Var    Value     Gradient |Var    Value     Gradient |Var    Value     Gradient
  1  0.08750  7.08366e+00 |  2 -0.00718  9.46159e-03 |  3 -0.02574  4.16182e-02
  4 -0.02371  5.27833e-02 |  5 -0.01617  6.56713e-02 |  6 -0.01490  6.82820e-02
  7 -0.01640  6.88395e-02 |  8 -0.00358  8.36784e-02 |  9  0.00328  9.00957e-02
 10  0.00406  9.36840e-02 | 11  0.00365  1.07117e-01 | 12 -0.00735  1.05837e-01
 13 -0.01070 -1.05704e-02 | 14 -0.00918 -6.83013e-03 | 15 -0.01546 -1.86393e-02
 16 -0.01280 -2.75349e-02 | 17 -0.00168 -2.20611e-02 | 18  0.00704 -9.13303e-03
 19  0.01341  2.10251e-02 | 20  0.00305  3.51679e-02 | 21 -0.01413  1.73124e-02
 22 -0.01337  8.56184e-03 | 23 -0.01095  4.75088e-03 | 24 -0.02417 -5.19645e-04
 25 -0.00801  3.57118e-02 | 26  0.02827  1.07814e-01 | 27  0.01887  7.36953e-02
 28  0.02828  4.33805e-02 | 29  0.02682  1.43660e-02 | 30  0.01813 -1.48429e-02
 31  0.04041  6.98284e-03 | 32  0.08290  9.02404e-02 | 33  0.01274 -9.54850e-03
 34  0.02073  1.02250e-03 | 35  0.02652  8.24584e-03 | 36  0.02511  8.73296e-03
 37  0.05019  8.24929e-02 | 38  0.01622  4.34225e-02 | 39 -0.00887  3.10402e-02
 40 -0.00960  5.46154e-02 | 41 -0.01632  5.81053e-02 | 42 -0.00971  5.56934e-02
 43  0.00206  4.73483e-02 | 44  0.00019  1.40775e-02 | 45  0.01151  1.65270e-02
 46  0.00834  7.13991e-03 | 47  0.00567  1.50589e-03 | 48  0.01233  2.74719e-02
 49 -0.01937  1.43758e-03 | 50 -0.03887 -1.17332e-02 | 51 -0.03341 -8.99594e-04
 52 -0.01934  4.43168e-03 | 53 -0.00995 -7.65224e-03 | 54 -0.01008 -2.22119e-02
 55 -0.01843 -3.57733e-02 | 56 -0.02478 -5.04869e-02 | 57 -0.01694 -4.50990e-02
 58 -0.01299 -5.44073e-02 | 59 -0.00290 -6.17926e-02 | 60 -0.02147 -7.55463e-02
 61 -0.00922 -6.37386e-02 | 62 -0.01346 -6.93502e-02 | 63 -0.00646 -8.26877e-02
 64 -0.01740 -1.06864e-01 | 65 -0.01849 -1.21565e-01 | 66 -0.00341 -1.29549e-03
 67 -0.00003 -1.80468e-03 | 68  0.00000  0.00000e+00 | 69 -0.71954 -2.35530e-02
 70  0.28171  5.30875e+00 | 71  0.01631  9.28364e-01 | 72  0.19595 -4.33212e-01
 73  0.06971  1.28984e-02 | 74  0.07993  9.50281e-02 | 75  0.21330  4.35827e-02
 76 -0.36980 -2.05564e-03 | 77  0.16593 -1.02458e-01 | 78  0.00588  2.90199e-05
 79 -0.16407  2.15186e-03 | 80  0.18159 -1.43872e-02 | 81  0.00301 -1.88589e-03
 82  0.13152 -5.65580e-02 | 83  0.00000 -4.36589e-31 | 84  0.04469  8.32205e-04
 85 -0.04511  3.24126e-02 | 86 -0.22795 -7.56766e-06 | 87  0.10599 -2.51547e-02
 88  0.66540  4.73742e-03 | 89 -0.12225  2.56189e-02 | 90  0.11741  3.24177e-02
 91 -0.63916 -1.25578e-02 |
91 variables; iteration 580; function evaluation 750; phase 4
Function value 2.5330030e+02; maximum gradient component mag 1.2970e+00
Var    Value     Gradient |Var    Value     Gradient |Var    Value     Gradient
  1  0.08750  6.35204e-01 |  2 -0.00717 -1.22979e-02 |  3 -0.02573  4.21233e-03
  4 -0.02370  5.21334e-03 |  5 -0.01616  6.51483e-03 |  6 -0.01489  6.84362e-03
  7 -0.01639  7.04481e-03 |  8 -0.00357  8.37540e-03 |  9  0.00329  8.98461e-03
 10  0.00407  9.34019e-03 | 11  0.00366  1.07387e-02 | 12 -0.00735  1.04034e-02
 13 -0.01070 -3.98852e-04 | 14 -0.00918 -9.98998e-05 | 15 -0.01546 -1.16130e-03
 16 -0.01279 -1.88664e-03 | 17 -0.00168 -1.42886e-03 | 18  0.00704 -2.24181e-05
 19  0.01341  2.75556e-03 | 20  0.00305  3.84270e-03 | 21 -0.01412  2.11836e-03
 22 -0.01337  1.25150e-03 | 23 -0.01095  1.02919e-03 | 24 -0.02416  2.02616e-04
 25 -0.00801  3.60848e-03 | 26  0.02827  1.03495e-02 | 27  0.01887  7.01997e-03
 28  0.02829  4.23191e-03 | 29  0.02682  1.39617e-03 | 30  0.01813 -1.31752e-03
 31  0.04041  8.19193e-04 | 32  0.08290  8.48542e-03 | 33  0.01274 -8.77059e-04
 34  0.02074  2.40756e-04 | 35  0.02652  9.48957e-04 | 36  0.02511  7.82098e-04
 37  0.05020  7.65987e-03 | 38  0.01622  4.13597e-03 | 39 -0.00887  2.61124e-03
 40 -0.00960  5.08383e-03 | 41 -0.01632  5.08828e-03 | 42 -0.00971  5.12157e-03
 43  0.00206  3.98789e-03 | 44  0.00019  1.08051e-03 | 45  0.01150  1.22615e-03
 46  0.00833  2.09002e-04 | 47  0.00566 -1.11193e-04 | 48  0.01233  2.14262e-03
 49 -0.01937 -2.33175e-04 | 50 -0.03887 -1.49462e-03 | 51 -0.03341 -6.39669e-04
 52 -0.01934 -1.49723e-04 | 53 -0.00995 -1.24996e-03 | 54 -0.01008 -2.51191e-03
 55 -0.01843 -3.74794e-03 | 56 -0.02478 -4.95802e-03 | 57 -0.01695 -4.77064e-03
 58 -0.01299 -5.32693e-03 | 59 -0.00290 -6.04032e-03 | 60 -0.02147 -7.24253e-03
 61 -0.00923 -6.22322e-03 | 62 -0.01347 -6.70341e-03 | 63 -0.00646 -7.85057e-03
 64 -0.01740 -1.00165e-02 | 65 -0.01848 -1.10246e-02 | 66 -0.00341 -7.98393e-05
 67 -0.00003 -4.00436e-05 | 68  0.00000  0.00000e+00 | 69 -0.71954 -1.37094e-02
 70  0.28170  1.29703e+00 | 71  0.01715  2.60644e-01 | 72  0.19595 -3.94088e-02
 73 -0.01925  1.23384e-03 | 74  0.07993  9.49589e-03 | 75  0.21330 -1.04593e-02
 76 -0.34466 -1.87596e-03 | 77  0.16593 -2.04403e-02 | 78  0.00021  1.01265e-06
 79 -0.16407 -1.61372e-03 | 80  0.18160  4.29155e-03 | 81  0.00293  1.10118e-03
 82  0.13153 -8.35654e-03 | 83  0.00000 -3.65795e-31 | 84  0.04469  1.76240e-03
 85 -0.04512  2.56869e-03 | 86 -0.22813 -1.59252e-05 | 87  0.10599 -1.90999e-03
 88  0.66542  3.88981e-04 | 89 -0.12226  2.12609e-03 | 90  0.11740  2.57058e-03
 91 -0.63917 -9.31781e-04 |
91 variables; iteration 600; function evaluation 772; phase 4
Function value 2.5330030e+02; maximum gradient component mag -2.8538e-01
Var    Value     Gradient |Var    Value     Gradient |Var    Value     Gradient
  1  0.08750 -2.85376e-01 |  2 -0.00717  1.39307e-03 |  3 -0.02573 -1.27597e-03
  4 -0.02370 -1.63656e-03 |  5 -0.01616 -2.07656e-03 |  6 -0.01489 -2.04769e-03
  7 -0.01639 -1.98654e-03 |  8 -0.00357 -2.49256e-03 |  9  0.00329 -2.64502e-03
 10  0.00407 -2.69734e-03 | 11  0.00366 -3.14233e-03 | 12 -0.00735 -3.26779e-03
 13 -0.01069  1.71463e-03 | 14 -0.00918  1.59962e-03 | 15 -0.01546  1.98123e-03
 16 -0.01279  2.36042e-03 | 17 -0.00168  2.07843e-03 | 18  0.00704  1.63698e-03
 19  0.01341  4.88754e-04 | 20  0.00305 -1.95687e-04 | 21 -0.01412  4.64702e-04
 22 -0.01337  5.16215e-04 | 23 -0.01095  6.42064e-04 | 24 -0.02416  6.35838e-04
 25 -0.00801 -7.70782e-04 | 26  0.02827 -3.66839e-03 | 27  0.01887 -2.53333e-03
 28  0.02829 -1.28954e-03 | 29  0.02682 -3.00120e-04 | 30  0.01813  7.80433e-04
 31  0.04041 -2.09104e-04 | 32  0.08290 -3.70088e-03 | 33  0.01274  3.71001e-04
 34  0.02074 -9.83263e-06 | 35  0.02652 -3.83513e-04 | 36  0.02511 -5.82470e-04
 37  0.05020 -3.94020e-03 | 38  0.01622 -2.34147e-03 | 39 -0.00887 -1.81717e-03
 40 -0.00960 -2.83034e-03 | 41 -0.01632 -3.14317e-03 | 42 -0.00971 -2.74930e-03
 43  0.00206 -2.50250e-03 | 44  0.00019 -1.04071e-03 | 45  0.01150 -1.36460e-03
 46  0.00833 -1.04534e-03 | 47  0.00566 -7.79583e-04 | 48  0.01233 -2.15179e-03
 49 -0.01937 -9.12660e-04 | 50 -0.03887 -3.06684e-04 | 51 -0.03341 -8.99485e-04
 52 -0.01934 -1.05995e-03 | 53 -0.00995 -4.65713e-04 | 54 -0.01008  1.85203e-04
 55 -0.01843  7.42575e-04 | 56 -0.02478  1.53340e-03 | 57 -0.01695  1.14373e-03
 58 -0.01299  1.77652e-03 | 59 -0.00290  2.12648e-03 | 60 -0.02147  2.92376e-03
 61 -0.00923  2.21551e-03 | 62 -0.01347  2.38118e-03 | 63 -0.00646  3.16405e-03
 64 -0.01740  4.39755e-03 | 65 -0.01848  5.30041e-03 | 66 -0.00341  1.21490e-04
 67 -0.00003  1.58497e-04 | 68  0.00000  0.00000e+00 | 69 -0.71954  2.04693e-03
 70  0.28170 -1.92103e-01 | 71  0.01727 -1.64533e-03 | 72  0.19595  1.53412e-02
 73 -0.04287 -2.18591e-04 | 74  0.07993 -2.06374e-03 | 75  0.21330  6.91180e-03
 76 -0.34144 -1.85303e-03 | 77  0.16594  7.61421e-03 | 78 -0.00056 -2.74831e-06
 79 -0.16407  3.40177e-04 | 80  0.18160  5.04252e-03 | 81  0.00291  1.50116e-03
 82  0.13153  4.02029e-03 | 83  0.00000 -3.56346e-31 | 84  0.04468 -6.72247e-04
 85 -0.04512 -1.84032e-03 | 86 -0.22711  2.58010e-05 | 87  0.10599  1.40955e-03
 88  0.66542 -2.87220e-04 | 89 -0.12226 -1.33407e-03 | 90  0.11740 -1.96786e-03
 91 -0.63917  7.97542e-04 |
91 variables; iteration 620; function evaluation 795; phase 4
Function value 2.5330027e+02; maximum gradient component mag 3.0594e+01
Var    Value     Gradient |Var    Value     Gradient |Var    Value     Gradient
  1  0.08750  3.41994e+00 |  2 -0.00717  9.61750e-02 |  3 -0.02573  2.59116e-02
  4 -0.02370  3.26471e-02 |  5 -0.01616  4.03270e-02 |  6 -0.01489  4.37366e-02
  7 -0.01639  4.54557e-02 |  8 -0.00357  5.32423e-02 |  9  0.00329  5.76555e-02
 10  0.00407  6.07578e-02 | 11  0.00366  6.93169e-02 | 12 -0.00735  6.62509e-02
 13 -0.01069  1.62712e-02 | 14 -0.00918  1.79971e-02 | 15 -0.01546  1.12862e-02
 16 -0.01279  8.08226e-03 | 17 -0.00168  9.52110e-03 | 18  0.00704  1.70254e-02
 19  0.01341  3.15259e-02 | 20  0.00305  3.58563e-02 | 21 -0.01412  2.66802e-02
 22 -0.01337  1.82483e-02 | 23 -0.01095  1.57504e-02 | 24 -0.02416  9.18035e-03
 25 -0.00801  2.65990e-02 | 26  0.02827  5.93830e-02 | 27  0.01887  3.99474e-02
 28  0.02829  2.68928e-02 | 29  0.02682  1.12006e-02 | 30  0.01813 -3.55272e-03
 31  0.04041  4.84586e-03 | 32  0.08290  4.08838e-02 | 33  0.01274 -4.22592e-03
 34  0.02074  2.31432e-03 | 35  0.02653  4.80734e-03 | 36  0.02511  1.48377e-03
 37  0.05020  3.00166e-02 | 38  0.01622  1.29423e-02 | 39 -0.00888  6.17174e-03
 40 -0.00960  1.72787e-02 | 41 -0.01633  1.51392e-02 | 42 -0.00971  1.89430e-02
 43  0.00206  1.28022e-02 | 44  0.00019 -6.93590e-04 | 45  0.01150 -3.66027e-03
 46  0.00833 -9.33850e-03 | 47  0.00566 -1.07877e-02 | 48  0.01233 -3.96178e-03
 49 -0.01937 -1.31716e-02 | 50 -0.03887 -1.83890e-02 | 51 -0.03341 -1.63857e-02
 52 -0.01934 -1.33623e-02 | 53 -0.00995 -1.71341e-02 | 54 -0.01008 -2.20394e-02
 55 -0.01843 -2.80377e-02 | 56 -0.02478 -3.15826e-02 | 57 -0.01695 -3.30767e-02
 58 -0.01299 -3.28674e-02 | 59 -0.00290 -3.47596e-02 | 60 -0.02147 -3.69578e-02
 61 -0.00923 -3.53768e-02 | 62 -0.01347 -3.94744e-02 | 63 -0.00646 -4.23247e-02
 64 -0.01740 -4.86981e-02 | 65 -0.01848 -4.92400e-02 | 66 -0.00341  3.67606e-04
 67 -0.00003  7.15571e-04 | 68  0.00000  0.00000e+00 | 69 -0.71954  6.10867e-02
 70  0.28172  3.05938e+01 | 71  0.01729  5.49553e+00 | 72  0.19596 -2.18424e-01
 73 -0.10843  9.23009e-03 | 74  0.07993  7.06089e-02 | 75  0.21330  1.81799e-01
 76 -0.30984 -1.62517e-03 | 77  0.16594  4.15467e-02 | 78 -0.00352 -1.73642e-05
 79 -0.16408  1.44623e-02 | 80  0.18161  3.84808e-02 | 81  0.00285  3.11789e-03
 82  0.13153 -2.79943e-02 | 83  0.00000 -3.17643e-31 | 84  0.04468  6.62302e-03
 85 -0.04512  3.24026e-03 | 86 -0.22551  9.37954e-05 | 87  0.10599 -2.40028e-03
 88  0.66542  5.38738e-04 | 89 -0.12226  6.06147e-03 | 90  0.11740  3.15528e-03
 91 -0.63917 -3.51066e-04 |
91 variables; iteration 640; function evaluation 819; phase 4
Function value 2.5330017e+02; maximum gradient component mag 1.2171e+01
Var    Value     Gradient |Var    Value     Gradient |Var    Value     Gradient
  1  0.08750  7.84298e-01 |  2 -0.00718  1.10836e-01 |  3 -0.02574  3.50175e-03
  4 -0.02371  4.26413e-03 |  5 -0.01617  5.41719e-03 |  6 -0.01490  5.57831e-03
  7 -0.01640  5.71062e-03 |  8 -0.00359  6.88697e-03 |  9  0.00327  7.38063e-03
 10  0.00405  7.75508e-03 | 11  0.00365  8.87965e-03 | 12 -0.00735  8.44097e-03
 13 -0.01070 -8.19538e-04 | 14 -0.00919 -3.76858e-04 | 15 -0.01546 -1.32606e-03
 16 -0.01280 -2.01690e-03 | 17 -0.00169 -1.68059e-03 | 18  0.00704 -5.50858e-04
 19  0.01341  1.83109e-03 | 20  0.00305  2.93864e-03 | 21 -0.01413  1.46074e-03
 22 -0.01337  6.25730e-04 | 23 -0.01095  3.60461e-04 | 24 -0.02417 -1.28059e-04
 25 -0.00801  2.81599e-03 | 26  0.02828  8.56507e-03 | 27  0.01887  5.73551e-03
 28  0.02828  3.39605e-03 | 29  0.02682  1.10168e-03 | 30  0.01814 -1.24824e-03
 31  0.04041  6.59254e-04 | 32  0.08290  7.17859e-03 | 33  0.01273 -7.65410e-04
 34  0.02073  1.24757e-04 | 35  0.02652  7.01605e-04 | 36  0.02510  6.73442e-04
 37  0.05019  6.62208e-03 | 38  0.01622  3.68819e-03 | 39 -0.00888  2.46694e-03
 40 -0.00960  4.59985e-03 | 41 -0.01632  4.50646e-03 | 42 -0.00971  4.51196e-03
 43  0.00206  3.60755e-03 | 44  0.00018  1.13109e-03 | 45  0.01151  1.34422e-03
 46  0.00834  4.86039e-04 | 47  0.00567  1.09405e-04 | 48  0.01233  2.19740e-03
 49 -0.01937  1.23072e-04 | 50 -0.03886 -9.82203e-04 | 51 -0.03341 -2.29249e-04
 52 -0.01934  2.18795e-04 | 53 -0.00995 -6.60464e-04 | 54 -0.01008 -1.88321e-03
 55 -0.01842 -2.96537e-03 | 56 -0.02477 -4.15065e-03 | 57 -0.01693 -3.81458e-03
 58 -0.01299 -4.40165e-03 | 59 -0.00290 -5.01080e-03 | 60 -0.02147 -6.21269e-03
 61 -0.00922 -5.23603e-03 | 62 -0.01346 -5.55580e-03 | 63 -0.00645 -6.58976e-03
 64 -0.01740 -8.44057e-03 | 65 -0.01849 -9.59460e-03 | 66 -0.00341 -1.05730e-04
 67 -0.00003 -9.76462e-05 | 68  0.00000  0.00000e+00 | 69 -0.71953  9.10764e-02
 70  0.28193  1.21714e+01 | 71  0.01620  2.12292e+00 | 72  0.19600 -3.46078e-02
 73 -0.17827  8.07860e-04 | 74  0.07990  7.89770e-03 | 75  0.21330  1.12453e-01
 76 -0.21358 -4.65591e-04 | 77  0.16593  7.56940e-02 | 78  0.00050  2.45196e-06
 79 -0.16407  1.46404e-02 | 80  0.18163 -2.98575e-03 | 81  0.00266 -1.96944e-04
 82  0.13153 -5.81971e-03 | 83  0.00000 -3.96306e-31 | 84  0.04469  9.92591e-04
 85 -0.04511  2.44101e-03 | 86 -0.22827 -2.18880e-05 | 87  0.10599 -1.88274e-03
 88  0.66539  3.78556e-04 | 89 -0.12224  1.91012e-03 | 90  0.11742  2.45685e-03
 91 -0.63916 -9.53802e-04 |
91 variables; iteration 660; function evaluation 846; phase 4
Function value 2.5330012e+02; maximum gradient component mag 2.5904e+01
Var    Value     Gradient |Var    Value     Gradient |Var    Value     Gradient
  1  0.08750  2.27739e+00 |  2 -0.00719 -1.03141e-01 |  3 -0.02575  1.72608e-02
  4 -0.02372  2.18751e-02 |  5 -0.01618  2.71000e-02 |  6 -0.01491  2.88850e-02
  7 -0.01642  2.97114e-02 |  8 -0.00360  3.52582e-02 |  9  0.00326  3.79723e-02
 10  0.00404  3.96968e-02 | 11  0.00364  4.54185e-02 | 12 -0.00736  4.41456e-02
 13 -0.01071  4.38479e-03 | 14 -0.00920  5.44343e-03 | 15 -0.01547  9.17407e-04
 16 -0.01280 -1.71413e-03 | 17 -0.00169 -6.53444e-05 | 18  0.00703  5.08993e-03
 19  0.01340  1.57925e-02 | 20  0.00304  1.97798e-02 | 21 -0.01413  1.31573e-02
 22 -0.01337  8.68803e-03 | 23 -0.01095  7.03131e-03 | 24 -0.02417  3.37685e-03
 25 -0.00801  1.63153e-02 | 26  0.02828  4.14657e-02 | 27  0.01888  2.81025e-02
 28  0.02828  1.78018e-02 | 29  0.02682  6.80728e-03 | 30  0.01814 -3.88829e-03
 31  0.04041  3.17336e-03 | 32  0.08291  3.16388e-02 | 33  0.01273 -3.16428e-03
 34  0.02073  1.36400e-03 | 35  0.02652  3.67394e-03 | 36  0.02510  2.40727e-03
 37  0.05019  2.64687e-02 | 38  0.01622  1.30612e-02 | 39 -0.00888  8.05355e-03
 40 -0.00960  1.67042e-02 | 41 -0.01632  1.64624e-02 | 42 -0.00971  1.73973e-02
 43  0.00205  1.34606e-02 | 44  0.00018  2.33508e-03 | 45  0.01151  1.51490e-03
 46  0.00835 -2.39870e-03 | 47  0.00568 -3.81283e-03 | 48  0.01233  3.34184e-03
 49 -0.01937 -4.78378e-03 | 50 -0.03886 -9.18961e-03 | 51 -0.03341 -6.65579e-03
 52 -0.01934 -4.66378e-03 | 53 -0.00996 -8.26554e-03 | 54 -0.01008 -1.24750e-02
 55 -0.01842 -1.71006e-02 | 56 -0.02476 -2.10421e-02 | 57 -0.01692 -2.08895e-02
 58 -0.01299 -2.24379e-02 | 59 -0.00291 -2.42212e-02 | 60 -0.02147 -2.74020e-02
 61 -0.00921 -2.47540e-02 | 62 -0.01345 -2.74378e-02 | 63 -0.00644 -3.10440e-02
 64 -0.01740 -3.76276e-02 | 65 -0.01849 -4.01732e-02 | 66 -0.00341 -9.88724e-05
 67 -0.00003 -1.07190e-05 | 68  0.00000  0.00000e+00 | 69 -0.71953 -1.00670e-01
 70  0.28218  2.59036e+01 | 71  0.01470  4.27336e+00 | 72  0.19605 -1.55343e-01
 73 -0.13355  5.48608e-03 | 74  0.07988  4.29146e-02 | 75  0.21330 -7.77354e-02
 76 -0.20120 -1.77690e-04 | 77  0.16592 -1.15016e-01 | 78 -0.00158 -7.79843e-06
 79 -0.16407 -1.30924e-02 | 80  0.18166  1.80266e-02 | 81  0.00243  7.16154e-04
 82  0.13154 -2.83272e-02 | 83  0.00000 -3.73869e-31 | 84  0.04470  6.32623e-03
 85 -0.04510  6.55569e-03 | 86 -0.22783 -3.98311e-06 | 87  0.10599 -4.81281e-03
 88  0.66536  1.08747e-03 | 89 -0.12222  6.79245e-03 | 90  0.11743  6.69766e-03
 91 -0.63915 -2.14533e-03 |
91 variables; iteration 680; function evaluation 872; phase 4
Function value 2.5330008e+02; maximum gradient component mag 2.3127e+00
Var    Value     Gradient |Var    Value     Gradient |Var    Value     Gradient
  1  0.08750  4.23687e-01 |  2 -0.00718 -6.83140e-03 |  3 -0.02575  3.00386e-03
  4 -0.02372  3.81353e-03 |  5 -0.01618  4.72620e-03 |  6 -0.01491  5.02775e-03
  7 -0.01641  5.15900e-03 |  8 -0.00360  6.13510e-03 |  9  0.00326  6.60431e-03
 10  0.00404  6.90155e-03 | 11  0.00364  7.89782e-03 | 12 -0.00735  7.69592e-03
 13 -0.01070  6.73440e-04 | 14 -0.00919  8.57789e-04 | 15 -0.01547  6.35531e-05
 16 -0.01280 -4.05111e-04 | 17 -0.00169 -1.07045e-04 | 18  0.00703  7.81112e-04
 19  0.01340  2.66593e-03 | 20  0.00304  3.38831e-03 | 21 -0.01413  2.22466e-03
 22 -0.01337  1.45515e-03 | 23 -0.01095  1.15622e-03 | 24 -0.02417  5.44555e-04
 25 -0.00801  2.81384e-03 | 26  0.02828  7.23077e-03 | 27  0.01888  4.89826e-03
 28  0.02828  3.08495e-03 | 29  0.02682  1.17509e-03 | 30  0.01814 -6.99186e-04
 31  0.04041  5.43792e-04 | 32  0.08291  5.56937e-03 | 33  0.01273 -5.54801e-04
 34  0.02073  2.33311e-04 | 35  0.02652  6.42177e-04 | 36  0.02510  4.42429e-04
 37  0.05019  4.70755e-03 | 38  0.01622  2.34224e-03 | 39 -0.00888  1.47931e-03
 40 -0.00960  2.98606e-03 | 41 -0.01632  2.96419e-03 | 42 -0.00971  3.08634e-03
 43  0.00205  2.42006e-03 | 44  0.00018  4.47369e-04 | 45  0.01151  3.26600e-04
 46  0.00834 -3.50153e-04 | 47  0.00567 -6.12565e-04 | 48  0.01233  6.74780e-04
 49 -0.01937 -7.71720e-04 | 50 -0.03886 -1.55253e-03 | 51 -0.03341 -1.09100e-03
 52 -0.01934 -7.45337e-04 | 53 -0.00996 -1.38570e-03 | 54 -0.01008 -2.13282e-03
 55 -0.01842 -2.94820e-03 | 56 -0.02476 -3.66547e-03 | 57 -0.01692 -3.61162e-03
 58 -0.01299 -3.91923e-03 | 59 -0.00291 -4.23012e-03 | 60 -0.02147 -4.80747e-03
 61 -0.00921 -4.32394e-03 | 62 -0.01345 -4.79574e-03 | 63 -0.00644 -5.45291e-03
 64 -0.01740 -6.62842e-03 | 65 -0.01849 -7.11440e-03 | 66 -0.00341 -2.51223e-05
 67 -0.00003 -1.42124e-05 | 68  0.00000  0.00000e+00 | 69 -0.71953 -8.10330e-03
 70  0.28211  2.31266e+00 | 71  0.01494  3.90380e-01 | 72  0.19603 -2.71399e-02
 73 -0.06375  9.67253e-04 | 74  0.07989  7.37558e-03 | 75  0.21330 -4.99711e-03
 76 -0.19380  1.14283e-04 | 77  0.16593 -1.17466e-02 | 78 -0.00015 -7.58753e-07
 79 -0.16407 -8.55552e-04 | 80  0.18165  2.95777e-03 | 81  0.00246  3.22223e-05
 82  0.13154 -5.11065e-03 | 83  0.00000 -3.90555e-31 | 84  0.04470  1.14001e-03
 85 -0.04510  1.19942e-03 | 86 -0.22778 -2.04544e-06 | 87  0.10599 -8.83322e-04
 88  0.66537  1.99642e-04 | 89 -0.12223  1.22582e-03 | 90  0.11743  1.24017e-03
 91 -0.63915 -4.06725e-04 |
91 variables; iteration 700; function evaluation 893; phase 4
Function value 2.5330008e+02; maximum gradient component mag 2.2583e+00
Var    Value     Gradient |Var    Value     Gradient |Var    Value     Gradient
  1  0.08750  1.12361e-01 |  2 -0.00719 -2.00681e-01 |  3 -0.02575  3.34995e-03
  4 -0.02372  4.49066e-03 |  5 -0.01618  5.44691e-03 |  6 -0.01491  5.84403e-03
  7 -0.01642  5.94834e-03 |  8 -0.00360  7.18454e-03 |  9  0.00326  7.70340e-03
 10  0.00404  7.93639e-03 | 11  0.00364  9.02151e-03 | 12 -0.00736  9.10326e-03
 13 -0.01071  9.24914e-04 | 14 -0.00919  9.07282e-04 | 15 -0.01547  2.28015e-05
 16 -0.01280 -4.60032e-04 | 17 -0.00169  7.13429e-05 | 18  0.00703  9.38723e-04
 19  0.01340  3.08442e-03 | 20  0.00304  3.95852e-03 | 21 -0.01413  2.68921e-03
 22 -0.01337  1.96721e-03 | 23 -0.01095  1.44308e-03 | 24 -0.02417  7.53456e-04
 25 -0.00801  3.34197e-03 | 26  0.02828  8.49088e-03 | 27  0.01888  5.85913e-03
 28  0.02828  3.68485e-03 | 29  0.02682  1.51897e-03 | 30  0.01814 -6.51073e-04
 31  0.04041  6.06202e-04 | 32  0.08291  6.64272e-03 | 33  0.01273 -5.04940e-04
 34  0.02073  4.43957e-04 | 35  0.02652  8.94068e-04 | 36  0.02510  6.84295e-04
 37  0.05019  5.59516e-03 | 38  0.01622  2.66499e-03 | 39 -0.00888  1.89997e-03
 40 -0.00960  3.50756e-03 | 41 -0.01632  3.75074e-03 | 42 -0.00971  3.66695e-03
 43  0.00205  3.12797e-03 | 44  0.00018  5.87620e-04 | 45  0.01151  2.67303e-04
 46  0.00834 -4.80746e-04 | 47  0.00568 -8.72323e-04 | 48  0.01233  5.58690e-04
 49 -0.01937 -1.05961e-03 | 50 -0.03886 -1.94840e-03 | 51 -0.03341 -1.44357e-03
 52 -0.01934 -1.09389e-03 | 53 -0.00996 -1.88325e-03 | 54 -0.01008 -2.59573e-03
 55 -0.01842 -3.53153e-03 | 56 -0.02476 -4.39193e-03 | 57 -0.01692 -4.29940e-03
 58 -0.01299 -4.83030e-03 | 59 -0.00291 -4.90868e-03 | 60 -0.02147 -5.39897e-03
 61 -0.00921 -4.93778e-03 | 62 -0.01345 -5.71163e-03 | 63 -0.00644 -6.58992e-03
 64 -0.01740 -7.85007e-03 | 65 -0.01849 -8.34250e-03 | 66 -0.00341 -2.36731e-05
 67 -0.00003 -6.77657e-05 | 68  0.00000  0.00000e+00 | 69 -0.71953 -1.72436e-01
 70  0.28217  2.25833e+00 | 71  0.01452  3.72875e-01 | 72  0.19604 -3.08936e-02
 73 -0.04570  1.30537e-03 | 74  0.07989  8.62239e-03 | 75  0.21330 -2.09489e-01
 76 -0.19734 -9.21016e-05 | 77  0.16592 -1.63566e-01 | 78 -0.00237 -1.16879e-05
 79 -0.16407 -2.65154e-02 | 80  0.18166  7.19383e-03 | 81  0.00242  4.40692e-04
 82  0.13154 -7.53194e-03 | 83  0.00000 -3.80612e-31 | 84  0.04470  1.89202e-03
 85 -0.04510  1.21402e-03 | 86 -0.22769  1.46604e-06 | 87  0.10599 -7.44032e-04
 88  0.66536  2.82477e-04 | 89 -0.12223  1.52208e-03 | 90  0.11743  1.29248e-03
 91 -0.63915 -3.34871e-04 |
91 variables; iteration 720; function evaluation 917; phase 4
Function value 2.5330007e+02; maximum gradient component mag 3.8625e-01
Var    Value     Gradient |Var    Value     Gradient |Var    Value     Gradient
  1  0.08750  1.82231e-01 |  2 -0.00719  6.36923e-03 |  3 -0.02575  1.19741e-03
  4 -0.02372  1.53130e-03 |  5 -0.01619  1.89287e-03 |  6 -0.01492  2.01749e-03
  7 -0.01642  2.06775e-03 |  8 -0.00361  2.46863e-03 |  9  0.00325  2.65348e-03
 10  0.00403  2.78135e-03 | 11  0.00363  3.17196e-03 | 12 -0.00736  3.09124e-03
 13 -0.01071  3.86587e-04 | 14 -0.00920  4.60128e-04 | 15 -0.01547  1.37629e-04
 16 -0.01281 -4.14826e-05 | 17 -0.00170  7.50321e-05 | 18  0.00703  4.02021e-04
 19  0.01340  1.14321e-03 | 20  0.00304  1.43375e-03 | 21 -0.01413  9.76636e-04
 22 -0.01337  6.45321e-04 | 23 -0.01095  5.01519e-04 | 24 -0.02417  2.65898e-04
 25 -0.00801  1.14735e-03 | 26  0.02828  2.85027e-03 | 27  0.01888  1.92436e-03
 28  0.02828  1.22505e-03 | 29  0.02682  4.90054e-04 | 30  0.01814 -2.47899e-04
 31  0.04041  2.08503e-04 | 32  0.08291  2.15360e-03 | 33  0.01273 -2.07503e-04
 34  0.02073  1.00974e-04 | 35  0.02652  2.45215e-04 | 36  0.02510  1.60616e-04
 37  0.05018  1.77545e-03 | 38  0.01621  8.55966e-04 | 39 -0.00888  5.52339e-04
 40 -0.00960  1.11442e-03 | 41 -0.01632  1.09520e-03 | 42 -0.00971  1.14096e-03
 43  0.00205  9.02480e-04 | 44  0.00018  1.33423e-04 | 45  0.01151  6.55857e-05
 46  0.00835 -1.96960e-04 | 47  0.00568 -3.10567e-04 | 48  0.01233  1.59474e-04
 49 -0.01937 -3.79277e-04 | 50 -0.03886 -6.75994e-04 | 51 -0.03341 -5.12087e-04
 52 -0.01933 -3.74848e-04 | 53 -0.00996 -6.10115e-04 | 54 -0.01008 -8.91073e-04
 55 -0.01842 -1.20675e-03 | 56 -0.02475 -1.47957e-03 | 57 -0.01692 -1.45879e-03
 58 -0.01299 -1.57910e-03 | 59 -0.00291 -1.66752e-03 | 60 -0.02147 -1.86373e-03
 61 -0.00921 -1.69912e-03 | 62 -0.01345 -1.90311e-03 | 63 -0.00644 -2.14670e-03
 64 -0.01740 -2.56161e-03 | 65 -0.01849 -2.74002e-03 | 66 -0.00341 -8.40343e-06
 67 -0.00003 -5.08173e-06 | 68  0.00000  0.00000e+00 | 69 -0.71952  4.45687e-03
 70  0.28224  3.86250e-01 | 71  0.01385  6.15568e-02 | 72  0.19606 -1.05121e-02
 73 -0.00255  4.08981e-04 | 74  0.07988  2.94812e-03 | 75  0.21330  4.72004e-03
 76 -0.19701 -2.86676e-07 | 77  0.16592  2.36519e-03 | 78  0.00007  3.48593e-07
 79 -0.16407  8.32520e-04 | 80  0.18167  1.22465e-03 | 81  0.00236  4.44179e-05
 82  0.13154 -1.81790e-03 | 83  0.00000 -3.90098e-31 | 84  0.04470  3.86457e-04
 85 -0.04510  3.92601e-04 | 86 -0.22771  6.14984e-07 | 87  0.10599 -2.81775e-04
 88  0.66535  7.13770e-05 | 89 -0.12222  4.54646e-04 | 90  0.11744  4.20295e-04
 91 -0.63914 -1.31455e-04 |

 - final statistics:
91 variables; iteration 728; function evaluation 926
Function value 2.5330e+02; maximum gradient component mag -7.7996e-05
Exit code = 1;  converg criter 1.0000e-04
Var    Value     Gradient |Var    Value     Gradient |Var    Value     Gradient
  1  0.08750 -2.36044e-05 |  2 -0.00719 -7.15595e-07 |  3 -0.02575 -2.35597e-07
  4 -0.02372 -2.99722e-07 |  5 -0.01619 -3.71083e-07 |  6 -0.01492 -4.18478e-07
  7 -0.01642 -4.41673e-07 |  8 -0.00361 -4.99809e-07 |  9  0.00325 -5.36849e-07
 10  0.00403 -5.69725e-07 | 11  0.00363 -6.56000e-07 | 12 -0.00736 -6.36186e-07
 13 -0.01071 -3.12599e-07 | 14 -0.00920 -3.23729e-07 | 15 -0.01547 -2.66011e-07
 16 -0.01281 -2.52627e-07 | 17 -0.00170 -2.42256e-07 | 18  0.00703 -3.03947e-07
 19  0.01340 -4.25972e-07 | 20  0.00304 -4.45543e-07 | 21 -0.01413 -3.69941e-07
 22 -0.01337 -2.67737e-07 | 23 -0.01095 -2.43416e-07 | 24 -0.02417 -1.65256e-07
 25 -0.00801 -2.98893e-07 | 26  0.02828 -5.24301e-07 | 27  0.01888 -3.50337e-07
 28  0.02828 -2.54041e-07 | 29  0.02682 -1.16776e-07 | 30  0.01814 -9.90377e-09
 31  0.04041 -4.43943e-08 | 32  0.08291 -2.82443e-07 | 33  0.01273  3.31803e-08
 34  0.02073 -2.48934e-08 | 35  0.02652 -3.15615e-08 | 36  0.02510  3.16875e-08
 37  0.05018 -1.13037e-07 | 38  0.01621 -1.04605e-08 | 39 -0.00888  4.38040e-08
 40 -0.00960 -3.24603e-08 | 41 -0.01632  5.11831e-09 | 42 -0.00971 -4.35046e-08
 43  0.00205  1.32226e-08 | 44  0.00018  8.86755e-08 | 45  0.01151  1.31203e-07
 46  0.00835  1.87112e-07 | 47  0.00568  1.86809e-07 | 48  0.01233  2.00662e-07
 49 -0.01937  2.29083e-07 | 50 -0.03886  2.47484e-07 | 51 -0.03341  2.45125e-07
 52 -0.01933  2.23805e-07 | 53 -0.00996  2.49745e-07 | 54 -0.01008  2.62795e-07
 55 -0.01842  2.97478e-07 | 56 -0.02475  2.79890e-07 | 57 -0.01692  3.28934e-07
 58 -0.01299  2.91769e-07 | 59 -0.00291  2.93200e-07 | 60 -0.02147  2.60895e-07
 61 -0.00921  2.80740e-07 | 62 -0.01345  3.31540e-07 | 63 -0.00644  3.20027e-07
 64 -0.01740  3.34587e-07 | 65 -0.01849  2.85027e-07 | 66 -0.00341 -6.26651e-09
 67 -0.00003 -2.44213e-08 | 68  0.00000  0.00000e+00 | 69 -0.71952 -4.10286e-07
 70  0.28224 -7.79960e-05 | 71  0.01382 -1.24600e-05 | 72  0.19606  1.10056e-06
 73  0.00010 -8.70200e-08 | 74  0.07988 -5.70303e-07 | 75  0.21330 -4.09023e-07
 76 -0.19696 -5.48568e-09 | 77  0.16592 -6.07974e-07 | 78 -0.00000 -3.39616e-09
 79 -0.16407 -9.11196e-08 | 80  0.18167 -2.56495e-07 | 81  0.00236 -2.20069e-08
 82  0.13154 -2.01757e-07 | 83  0.00000 -3.91178e-31 | 84  0.04470  6.47518e-08
 85 -0.04510  1.09022e-07 | 86 -0.22772 -1.76157e-09 | 87  0.10599 -8.60745e-08
 88  0.66535  2.08209e-08 | 89 -0.12222  1.53632e-08 | 90  0.11744  7.08802e-08
 91 -0.63914 -3.45730e-08 |
size of file gradfil1.tmp = 0
size of file gradfil2.tmp = 0
size of file varssave.tmp = 0
size of file cmpdiff.tmp = 0
