
Initial statistics: 6 variables; iteration 0; function evaluation 0; phase 1
Function value 2.7994403e+06; maximum gradient component mag -1.7391e+08
Var    Value     Gradient |Var    Value     Gradient |Var    Value     Gradient
  1  0.01730 -1.73914e+08 |  2 -0.01388 -1.22864e+06 |  3  0.00000 -5.87427e+01
  4  0.00000 -1.32273e-01 |  5  0.00000  0.00000e+00 |  6 -0.79805  4.00030e+04

Intermediate statistics: 6 variables; iteration 20; function evaluation 57; phase 1
Function value 3.2871678e+02; maximum gradient component mag -7.9412e+03
Var    Value     Gradient |Var    Value     Gradient |Var    Value     Gradient
  1  0.02588 -7.94120e+03 |  2 -0.06121 -4.97592e+02 |  3 249.9943 -5.52086e+00
  4 -1348.000  1.88306e-01 |  5  0.00000  0.00000e+00 |  6 -0.77154 -3.84357e+02
6 variables; iteration 40; function evaluation 78; phase 1
Function value 3.2758758e+02; maximum gradient component mag -7.1049e+03
Var    Value     Gradient |Var    Value     Gradient |Var    Value     Gradient
  1  0.02567 -7.10487e+03 |  2 -0.02899  1.65408e+02 |  3 250.0125  8.57545e+00
  4 -1348.000 -2.75966e-01 |  5  0.00000  0.00000e+00 |  6 -0.79911  2.34124e+02
6 variables; iteration 60; function evaluation 99; phase 1
Function value 3.0489004e+02; maximum gradient component mag 3.7272e+01
Var    Value     Gradient |Var    Value     Gradient |Var    Value     Gradient
  1  0.03705  3.72719e+01 |  2 -0.01996 -1.95115e+01 |  3 250.0008 -1.61010e-01
  4 -1348.000  5.14001e-03 |  5  0.00000  0.00000e+00 |  6 -0.82419 -3.35708e+01
Maximum number of function evaluations exceeded

 - final statistics:
6 variables; iteration 62; function evaluation 100
Function value 3.0486e+02; maximum gradient component mag -3.3064e+01
Exit code = 3;  converg criter 1.0000e+01
Var    Value     Gradient |Var    Value     Gradient |Var    Value     Gradient
  1  0.03652 -3.30636e+01 |  2 -0.02198 -2.46795e+01 |  3 250.0019  6.90401e-01
  4 -1348.000 -2.26314e-02 |  5  0.00000  0.00000e+00 |  6 -0.82194 -3.19038e+01

Initial statistics: 60 variables; iteration 0; function evaluation 0; phase 2
Function value 3.0485971e+02; maximum gradient component mag -2.3251e+02
Var    Value     Gradient |Var    Value     Gradient |Var    Value     Gradient
  1  0.03652 -3.30636e+01 |  2 -0.02198 -2.46795e+01 |  3  0.00000  1.04395e+02
  4  0.00000  1.07598e+02 |  5  0.00000  1.10228e+02 |  6  0.00000  1.12552e+02
  7  0.00000  1.16332e+02 |  8  0.00000  1.23747e+02 |  9  0.00000  1.23064e+02
 10  0.00000  1.27037e+02 | 11  0.00000  1.51802e+02 | 12  0.00000  1.66224e+02
 13  0.00000  1.51357e+02 | 14  0.00000  1.20013e+02 | 15  0.00000  7.83367e+01
 16  0.00000  3.96777e+01 | 17  0.00000  1.07342e+01 | 18  0.00000 -4.15730e+01
 19  0.00000 -9.28608e+01 | 20  0.00000 -1.35330e+02 | 21  0.00000 -1.85275e+02
 22  0.00000 -2.16100e+02 | 23  0.00000 -2.07621e+02 | 24  0.00000 -2.26575e+02
 25  0.00000 -2.32506e+02 | 26  0.00000 -2.25607e+02 | 27  0.00000 -2.04553e+02
 28  0.00000 -1.49535e+02 | 29  0.00000 -8.14420e+01 | 30  0.00000 -4.31802e+01
 31  0.00000 -3.81749e+01 | 32  0.00000 -7.80895e+01 | 33  0.00000 -1.18990e+02
 34  0.00000 -1.09011e+02 | 35  0.00000 -7.77136e+01 | 36  0.00000 -4.24899e+01
 37  0.00000 -2.69172e+01 | 38  0.00000 -2.28521e+01 | 39  0.00000  2.45660e+01
 40  0.00000  7.14720e+01 | 41  0.00000  7.35877e+01 | 42  0.00000  5.52974e+01
 43  0.00000  3.94341e+01 | 44  0.00000  4.33420e+01 | 45  0.00000  7.68046e+01
 46  0.00000  1.07949e+02 | 47  0.00000  9.37252e+01 | 48  0.00000  5.94097e+01
 49  0.00000  3.70846e+01 | 50  0.00000  4.94968e+01 | 51  0.00000  5.01615e+01
 52  0.00000  5.36347e+01 | 53  0.00000  3.73818e+01 | 54  0.00000  2.40768e+01
 55  0.00000  1.58723e+01 | 56 -0.00188 -6.90401e-01 | 57 -0.00004 -2.26314e-02
 58  0.00000  0.00000e+00 | 59 -0.82194 -3.19038e+01 | 60  0.08572  1.36012e+02

Intermediate statistics: 60 variables; iteration 20; function evaluation 39; phase 2
Function value 2.4920220e+02; maximum gradient component mag -1.7429e+03
Var    Value     Gradient |Var    Value     Gradient |Var    Value     Gradient
  1  0.01699 -1.74287e+03 |  2 -0.00901 -1.71658e+02 |  3 -0.03453  4.02602e+00
  4 -0.02061  3.71219e+00 |  5 -0.02056 -2.06886e+00 |  6 -0.02150 -5.18894e+00
  7 -0.01327 -1.53939e-01 |  8 -0.00635  1.07206e+01 |  9  0.00798  1.24938e+01
 10  0.01140  1.63676e+00 | 11 -0.01890 -3.87571e+00 | 12 -0.03149 -5.55887e+00
 13 -0.02240 -3.34700e+00 | 14 -0.00892 -1.64333e+00 | 15  0.01092 -1.13039e+01
 16  0.01309 -2.94096e+01 | 17 -0.01306 -3.34236e+01 | 18  0.03035 -3.43066e+01
 19  0.00882 -4.30003e+01 | 20  0.02617 -3.65104e+01 | 21  0.00753 -3.67773e+01
 22  0.08421 -5.75035e+01 | 23 -0.01630 -3.22101e+01 | 24  0.03895 -5.36572e+01
 25  0.00308 -4.38822e+01 | 26  0.04819 -2.99579e+01 | 27  0.04972 -3.47916e+01
 28  0.01362 -3.08480e+01 | 29 -0.01912 -3.21993e+01 | 30 -0.01039 -3.11708e+01
 31 -0.02403 -2.88752e+01 | 32 -0.00604 -2.13828e+01 | 33  0.04162 -4.09489e+00
 34  0.02190  1.16396e+01 | 35  0.01334  9.15676e+00 | 36  0.00376  6.33230e+00
 37  0.00636  8.44212e+00 | 38  0.03125  1.18351e+01 | 39 -0.00257  1.42890e+01
 40 -0.02639  1.11433e+01 | 41 -0.02238  1.01188e+01 | 42 -0.00639  2.04167e+01
 43  0.01081  3.68147e+01 | 44  0.01050  3.74726e+01 | 45 -0.01561  2.35272e+01
 46 -0.03533  1.38079e+01 | 47 -0.02805  1.37530e+01 | 48 -0.00736  2.08665e+01
 49  0.01479  3.20104e+01 | 50 -0.00961  2.99283e+01 | 51 -0.00564  2.80226e+01
 52 -0.01491  2.27779e+01 | 53 -0.00636  2.21706e+01 | 54 -0.01776  1.55043e+01
 55 -0.02666  1.06478e+01 | 56 -0.00182 -1.17585e-02 | 57  0.00000  1.03386e-02
 58  0.00000  0.00000e+00 | 59 -0.80191 -2.26252e+02 | 60  0.08572  1.47168e-01
60 variables; iteration 40; function evaluation 64; phase 2
Function value 2.4720333e+02; maximum gradient component mag -2.0034e+02
Var    Value     Gradient |Var    Value     Gradient |Var    Value     Gradient
  1  0.01858 -1.48044e+01 |  2 -0.01262 -1.47919e+02 |  3 -0.03298  6.55205e+00
  4 -0.02254  1.05163e+01 |  5 -0.01544  1.48943e+01 |  6 -0.01224  1.53046e+01
  7 -0.01021  1.37958e+01 |  8 -0.01213  1.30046e+01 |  9 -0.00409  1.40382e+01
 10  0.01027  2.41004e+01 | 11 -0.01540  1.78088e+01 | 12 -0.02730  1.45539e+01
 13 -0.02108  1.42326e+01 | 14 -0.01968  5.47036e+00 | 15  0.00915  1.66568e+01
 16  0.00621  3.02675e+00 | 17 -0.00342  6.92852e-01 | 18  0.01927  7.56173e+00
 19  0.01978 -4.47386e+00 | 20  0.01818 -5.05393e+00 | 21  0.02912 -1.42921e+01
 22  0.06163 -1.54165e+01 | 23 -0.00743 -2.14835e+01 | 24  0.04840 -6.61342e+00
 25  0.01495 -1.84452e+01 | 26  0.03564 -7.20861e+00 | 27  0.04429 -7.23436e+00
 28  0.01108 -1.19161e+01 | 29 -0.00317 -6.27503e+00 | 30 -0.01825 -1.34689e+01
 31 -0.01909 -8.51677e+00 | 32  0.00130 -1.88880e+00 | 33  0.03596  1.66553e+00
 34  0.01417 -5.03148e+00 | 35  0.01038 -5.35392e+00 | 36  0.00544 -3.90252e+00
 37  0.00428 -6.52149e+00 | 38  0.02519 -6.12949e+00 | 39 -0.00545 -3.06285e+00
 40 -0.01904  4.00641e+00 | 41 -0.01816 -1.93531e+00 | 42 -0.00884 -5.25931e+00
 43  0.00506 -6.88336e-01 | 44  0.00708  1.36827e+00 | 45 -0.01595 -2.45687e+00
 46 -0.03101 -3.51494e+00 | 47 -0.02523 -6.08222e+00 | 48 -0.00909 -8.10452e+00
 49  0.00996 -4.73345e+00 | 50 -0.00778  4.17229e-01 | 51 -0.00843 -3.29198e+00
 52 -0.01539 -3.46119e+00 | 53 -0.00682 -1.39288e+00 | 54 -0.01301 -2.56524e+00
 55 -0.01844 -4.99027e+00 | 56 -0.00220 -3.44863e-01 | 57 -0.00001 -3.12152e-03
 58  0.00000  0.00000e+00 | 59 -0.80152 -2.00341e+02 | 60  0.08580  1.72664e+01
60 variables; iteration 60; function evaluation 98; phase 2
Function value 2.4633321e+02; maximum gradient component mag 5.9999e+01
Var    Value     Gradient |Var    Value     Gradient |Var    Value     Gradient
  1  0.01820  5.99993e+01 |  2 -0.01517 -4.14486e+01 |  3 -0.03291  1.10176e+00
  4 -0.02410  7.07288e-01 |  5 -0.01873  1.38034e+00 |  6 -0.01583  1.12936e+00
  7 -0.01177  1.79224e+00 |  8 -0.01232  2.87484e+00 |  9 -0.00348  1.75544e+00
 10  0.00499  2.21457e+00 | 11 -0.01783  2.16536e+00 | 12 -0.03041  1.36270e+00
 13 -0.02357  3.58771e+00 | 14 -0.01502  3.54165e+00 | 15  0.00061  3.69104e+00
 16  0.01282  5.34917e+00 | 17 -0.00188  5.91442e-01 | 18  0.01551  2.13779e+00
 19  0.02316 -8.66898e-01 | 20  0.01892  2.63909e+00 | 21  0.03415  6.45337e-01
 22  0.06295  5.29326e+00 | 23  0.01099  1.03886e-01 | 24  0.03551  1.88384e+00
 25  0.03188 -4.95201e-02 | 26  0.02865 -6.07430e-01 | 27  0.04461  3.36960e+00
 28  0.01534  3.72151e-01 | 29 -0.00754  8.38443e-01 | 30 -0.01040  3.42789e+00
 31 -0.01710  1.79282e+00 | 32  0.00093  1.96410e+00 | 33  0.03156 -5.03663e-01
 34  0.01748 -8.29046e-01 | 35  0.01055 -1.70754e+00 | 36  0.00278 -1.88687e+00
 37  0.00783  2.98141e-01 | 38  0.02606 -1.32256e+00 | 39 -0.00488 -1.73153e+00
 40 -0.02586 -2.34488e+00 | 41 -0.01775 -5.69309e-01 | 42 -0.00615 -1.36040e+00
 43  0.00313 -2.58540e+00 | 44  0.00302 -3.50198e+00 | 45 -0.01627 -1.74323e+00
 46 -0.03009  1.06368e+00 | 47 -0.02401  4.48155e-01 | 48 -0.00661 -6.72727e-01
 49  0.00862 -2.83383e+00 | 50 -0.01286 -2.99167e+00 | 51 -0.00756 -2.12499e+00
 52 -0.01467 -1.75568e+00 | 53 -0.00997 -2.76217e+00 | 54 -0.01460 -1.79643e+00
 55 -0.01728 -1.33256e+00 | 56 -0.00186  3.13613e-02 | 57  0.00002  2.11180e-02
 58  0.00000  0.00000e+00 | 59 -0.79856 -5.68774e+01 | 60  0.08577  1.52256e+00
Maximum number of function evaluations exceeded

 - final statistics:
60 variables; iteration 62; function evaluation 100
Function value 2.4632e+02; maximum gradient component mag -4.9453e+01
Exit code = 3;  converg criter 1.0000e+01
Var    Value     Gradient |Var    Value     Gradient |Var    Value     Gradient
  1  0.01815  7.69013e+00 |  2 -0.01543 -3.67335e+01 |  3 -0.03311  6.52194e-01
  4 -0.02334  7.93071e-01 |  5 -0.01953 -1.92201e-01 |  6 -0.01633 -2.71141e-01
  7 -0.01121  1.24397e+00 |  8 -0.01313  1.31943e+00 |  9 -0.00295  1.00876e+00
 10  0.00491  4.75913e-01 | 11 -0.01837  2.57852e-01 | 12 -0.03055 -2.12767e-02
 13 -0.02383  1.99489e+00 | 14 -0.01545  1.84369e+00 | 15  0.00137  2.63713e+00
 16  0.01241  3.09858e+00 | 17 -0.00151 -5.93745e-01 | 18  0.01513  4.20943e-01
 19  0.02362 -1.64204e+00 | 20  0.01874  2.10294e+00 | 21  0.03502  5.32572e-01
 22  0.06240  4.19304e+00 | 23  0.01165  5.69859e-01 | 24  0.03572  2.17065e+00
 25  0.03225  3.06770e-01 | 26  0.02839 -7.55295e-01 | 27  0.04453  3.03188e+00
 28  0.01576  7.31918e-01 | 29 -0.00767  1.05126e+00 | 30 -0.01024  3.87015e+00
 31 -0.01631  2.65323e+00 | 32 -0.00118  5.97822e-01 | 33  0.03346  1.03808e+00
 34  0.01623 -9.75367e-01 | 35  0.01037 -1.09214e+00 | 36  0.00421  1.56137e-01
 37  0.00773  1.17271e+00 | 38  0.02577 -8.99320e-01 | 39 -0.00453 -7.57581e-01
 40 -0.02586 -1.64837e+00 | 41 -0.01821 -2.62142e-01 | 42 -0.00580 -3.03750e-01
 43  0.00279 -1.98392e+00 | 44  0.00307 -2.58516e+00 | 45 -0.01583 -6.31052e-01
 46 -0.03155  3.25081e-01 | 47 -0.02300  2.14044e+00 | 48 -0.00710 -1.03865e-01
 49  0.00871 -1.75884e+00 | 50 -0.01296 -2.02333e+00 | 51 -0.00741 -1.04982e+00
 52 -0.01484 -1.08993e+00 | 53 -0.01005 -2.13320e+00 | 54 -0.01515 -1.44233e+00
 55 -0.01667  9.11397e-02 | 56 -0.00174  1.36263e-01 | 57 -0.00002 -1.01070e-02
 58  0.00000  0.00000e+00 | 59 -0.79826 -4.94533e+01 | 60  0.08582  5.26137e-01

Initial statistics: 81 variables; iteration 0; function evaluation 0; phase 3
Function value 2.4632157e+02; maximum gradient component mag -2.0844e+03
Var    Value     Gradient |Var    Value     Gradient |Var    Value     Gradient
  1  0.01815  7.69013e+00 |  2 -0.01543 -3.67335e+01 |  3 -0.03312  3.07328e-01
  4 -0.02335  4.47970e-01 |  5 -0.01954 -5.37371e-01 |  6 -0.01634 -6.16360e-01
  7 -0.01122  8.98686e-01 |  8 -0.01313  9.74169e-01 |  9 -0.00296  6.63434e-01
 10  0.00490  1.30591e-01 | 11 -0.01838 -8.73365e-02 | 12 -0.03056 -3.66211e-01
 13 -0.02384  1.64980e+00 | 14 -0.01546  1.49846e+00 | 15  0.00136  2.29180e+00
 16  0.01240  2.75332e+00 | 17 -0.00152 -9.39076e-01 | 18  0.01512  7.57077e-02
 19  0.02361 -1.98714e+00 | 20  0.01874  1.75776e+00 | 21  0.03501  1.87762e-01
 22  0.06239  3.84937e+00 | 23  0.01165  2.24585e-01 | 24  0.03571  1.82587e+00
 25  0.03224 -3.81190e-02 | 26  0.02838 -1.10029e+00 | 27  0.04452  2.68739e+00
 28  0.01575  3.86692e-01 | 29 -0.00768  7.05957e-01 | 30 -0.01025  3.52486e+00
 31 -0.01632  2.30801e+00 | 32 -0.00119  2.52490e-01 | 33  0.03345  6.93226e-01
 34  0.01622 -1.32059e+00 | 35  0.01036 -1.43743e+00 | 36  0.00420 -1.89188e-01
 37  0.00772  8.27402e-01 | 38  0.02576 -1.24437e+00 | 39 -0.00454 -1.10291e+00
 40 -0.02587 -1.99341e+00 | 41 -0.01821 -6.07333e-01 | 42 -0.00581 -6.49068e-01
 43  0.00279 -2.32925e+00 | 44  0.00306 -2.93049e+00 | 45 -0.01583 -9.76277e-01
 46 -0.03156 -1.98272e-02 | 47 -0.02301  1.79533e+00 | 48 -0.00711 -4.49176e-01
 49  0.00871 -2.10414e+00 | 50 -0.01296 -2.36859e+00 | 51 -0.00741 -1.39513e+00
 52 -0.01484 -1.43517e+00 | 53 -0.01005 -2.47848e+00 | 54 -0.01516 -1.78756e+00
 55 -0.01668 -2.54074e-01 | 56 -0.00174  1.36263e-01 | 57 -0.00002 -1.01070e-02
 58  0.00000  0.00000e+00 | 59 -0.79826 -4.94533e+01 | 60  0.14727 -4.44095e+02
 61  0.12125 -2.08435e+03 | 62  0.18330 -1.21966e+02 | 63 -0.00010  1.12414e+00
 64  0.04996  1.82920e+01 | 65  0.13227  3.71051e+01 | 66  0.09920 -6.39586e+00
 67  0.16189 -6.23995e+01 | 68 -0.05865  1.70992e-02 | 69 -0.19290 -1.26706e+00
 70  0.12853  2.05083e+01 | 71  0.07300  7.20442e+00 | 72  0.12892 -2.09155e+01
 73  0.00000  2.84043e-31 | 74  0.02351  1.04960e+01 | 75 -0.07514  2.53751e+01
 76 -0.24304  8.37866e-04 | 77  0.10307 -1.82421e+01 | 78  0.72513  5.06255e+00
 79 -0.16509  1.01813e+01 | 80  0.08582  5.26137e-01 | 81 -0.66364 -1.27645e-01

Intermediate statistics: 81 variables; iteration 20; function evaluation 27; phase 3
Function value 2.4585705e+02; maximum gradient component mag 3.3541e+02
Var    Value     Gradient |Var    Value     Gradient |Var    Value     Gradient
  1  0.01917  2.76767e+02 |  2 -0.01489  2.07374e+01 |  3 -0.03160 -1.91961e+00
  4 -0.02260 -1.73216e+00 |  5 -0.01828 -1.94200e+00 |  6 -0.01499 -2.07159e+00
  7 -0.01056 -1.71202e+00 |  8 -0.01260 -1.58679e+00 |  9 -0.00289 -1.09799e+00
 10  0.00590 -4.71961e-01 | 11 -0.01704 -4.43358e-01 | 12 -0.02926  2.58959e-01
 13 -0.02414  2.81512e+00 | 14 -0.01517  4.65520e+00 | 15  0.00151  7.46857e+00
 16  0.01074  9.37175e+00 | 17 -0.00174  6.48703e+00 | 18  0.01279  7.58758e+00
 19  0.02397  6.64031e+00 | 20  0.01626  5.96077e+00 | 21  0.03609  7.06948e+00
 22  0.05834  1.08169e+01 | 23  0.01250  4.52371e+00 | 24  0.03401  6.86285e+00
 25  0.03232  6.09233e+00 | 26  0.03031  5.61459e+00 | 27  0.04169  8.92326e+00
 28  0.01635  5.52189e+00 | 29 -0.00757  3.54700e+00 | 30 -0.01198  4.34452e+00
 31 -0.01733  4.05807e+00 | 32 -0.00142  5.56200e+00 | 33  0.03238  8.20475e+00
 34  0.01731  2.67368e+00 | 35  0.01005 -2.89025e-01 | 36  0.00296 -1.77974e+00
 37  0.00605 -2.29780e+00 | 38  0.02614 -3.22363e+00 | 39 -0.00391 -3.84619e+00
 40 -0.02443 -4.65574e+00 | 41 -0.01822 -5.17076e+00 | 42 -0.00651 -6.13712e+00
 43  0.00335 -7.52705e+00 | 44  0.00449 -8.30734e+00 | 45 -0.01538 -6.92722e+00
 46 -0.03154 -5.63597e+00 | 47 -0.02421 -4.94530e+00 | 48 -0.00659 -6.01366e+00
 49  0.00968 -7.47438e+00 | 50 -0.01188 -6.85051e+00 | 51 -0.00746 -6.54135e+00
 52 -0.01495 -5.80593e+00 | 53 -0.00958 -5.39529e+00 | 54 -0.01443 -4.23694e+00
 55 -0.01648 -3.11314e+00 | 56 -0.00198  1.00326e-01 | 57 -0.00001 -2.70755e-03
 58  0.00000  0.00000e+00 | 59 -0.80141  2.06667e+01 | 60  0.13446  1.10320e+02
 61  0.12432  3.35408e+02 | 62  0.18089 -7.65588e+01 | 63  0.00025  1.23987e-06
 64  0.04364  8.67857e+00 | 65  0.12977  1.14193e+02 | 66  0.10022  2.92017e+02
 67  0.16390  1.69102e+01 | 68 -0.05920  2.53710e-02 | 69 -0.19740  1.83292e+00
 70  0.12474 -1.01288e+01 | 71  0.07597  3.98256e+00 | 72  0.12937  2.99805e+01
 73  0.00000 -2.22602e-31 | 74  0.02246  6.14506e+00 | 75 -0.07840 -1.82687e+01
 76 -0.24304 -5.64134e-05 | 77  0.10374  2.95786e+01 | 78  0.73049 -3.48479e-01
 79 -0.17080  1.59299e+00 | 80  0.08348  2.30370e+00 | 81 -0.66679 -1.30795e+00
81 variables; iteration 40; function evaluation 53; phase 3
Function value 2.4570469e+02; maximum gradient component mag 3.3576e+02
Var    Value     Gradient |Var    Value     Gradient |Var    Value     Gradient
  1  0.01963  9.63554e+01 |  2 -0.01513  3.33680e+01 |  3 -0.03128 -4.69198e-01
  4 -0.02272 -8.42044e-01 |  5 -0.01786 -6.68739e-01 |  6 -0.01430 -4.07274e-01
  7 -0.01003 -1.72460e-01 |  8 -0.01214 -9.00985e-02 |  9 -0.00249  1.75467e-01
 10  0.00697  1.01727e+00 | 11 -0.01534  1.76114e+00 | 12 -0.02859  8.22140e-01
 13 -0.02494  1.64118e-01 | 14 -0.01453  1.21211e+00 | 15  0.00085  1.87618e-01
 16  0.00937  1.91475e-01 | 17 -0.00175  4.48374e-01 | 18  0.01160  5.37721e-01
 19  0.02403  3.82061e-01 | 20  0.01505  8.14737e-02 | 21  0.03581 -4.46705e-01
 22  0.05597 -2.10021e-01 | 23  0.01221 -1.17349e-01 | 24  0.03314  7.58553e-01
 25  0.03314  1.05999e+00 | 26  0.02966 -6.04478e-01 | 27  0.04082  9.30087e-02
 28  0.01608 -6.34597e-01 | 29 -0.00756 -3.84546e-01 | 30 -0.01346 -6.33089e-01
 31 -0.01786  3.36841e-02 | 32 -0.00215 -2.75673e-01 | 33  0.03115 -1.28611e-01
 34  0.01774 -1.30006e-01 | 35  0.01003 -6.71522e-01 | 36  0.00291 -6.16396e-01
 37  0.00525 -9.38243e-01 | 38  0.02609 -4.77829e-01 | 39 -0.00377  3.28316e-01
 40 -0.02312  1.32750e+00 | 41 -0.01738  9.63603e-01 | 42 -0.00656 -5.83911e-01
 43  0.00363 -1.09160e+00 | 44  0.00541 -2.42950e-01 | 45 -0.01467  5.59567e-01
 46 -0.03065  1.09155e+00 | 47 -0.02403  7.02455e-01 | 48 -0.00641 -1.45902e-01
 49  0.01008 -5.02126e-01 | 50 -0.01114 -2.35468e-01 | 51 -0.00680 -2.25019e-01
 52 -0.01492 -9.92732e-01 | 53 -0.00966 -1.40176e+00 | 54 -0.01424 -7.42020e-01
 55 -0.01655 -3.12582e-01 | 56 -0.00206  2.37071e-02 | 57 -0.00001 -1.62207e-03
 58  0.00000  0.00000e+00 | 59 -0.80194  3.91221e+01 | 60  0.12971  7.12906e+01
 61  0.12543  3.01931e+02 | 62  0.18080  2.09710e+00 | 63 -0.01909 -9.42585e-05
 64  0.04035  1.37667e+00 | 65  0.12817  1.27732e+02 | 66  0.10081  3.35762e+02
 67  0.16316  1.25748e+01 | 68 -0.18079 -9.16403e-04 | 69 -0.19742  2.58418e+00
 70  0.12466  5.78379e+00 | 71  0.07570  2.80955e+00 | 72  0.12857 -4.60748e+00
 73  0.00000 -4.00776e-31 | 74  0.02101  2.94945e-01 | 75 -0.07924  3.71276e+00
 76 -0.24326  1.86655e-04 | 77  0.10165 -4.05359e+00 | 78  0.73248  3.00210e-01
 79 -0.17331  2.28952e-01 | 80  0.08265  2.89502e-01 | 81 -0.66729 -5.90282e-01
81 variables; iteration 60; function evaluation 88; phase 3
Function value 2.4565292e+02; maximum gradient component mag 4.0097e+02
Var    Value     Gradient |Var    Value     Gradient |Var    Value     Gradient
  1  0.01962  9.79926e+01 |  2 -0.01520  4.56736e+01 |  3 -0.03186 -1.24223e+00
  4 -0.02196 -1.90207e-01 |  5 -0.01687  4.31962e-01 |  6 -0.01372  3.40487e-01
  7 -0.00984 -3.76344e-03 |  8 -0.01255 -6.16780e-01 |  9 -0.00224 -2.69957e-01
 10  0.00678 -4.89474e-01 | 11 -0.01608 -3.17536e-01 | 12 -0.02893 -8.25302e-01
 13 -0.02526 -1.39415e+00 | 14 -0.01559 -6.53440e-01 | 15  0.00084  1.66557e-01
 16  0.01081  1.95322e+00 | 17 -0.00231  1.76359e-01 | 18  0.01151 -1.78936e-01
 19  0.02330 -2.11016e-01 | 20  0.01625  1.82408e+00 | 21  0.03627  1.36410e+00
 22  0.05647  8.77650e-01 | 23  0.01076 -1.30167e+00 | 24  0.03333 -1.55563e-01
 25  0.03224  1.16301e-01 | 26  0.03056  1.98086e-01 | 27  0.04067  1.02829e+00
 28  0.01674  5.96560e-01 | 29 -0.00821 -4.21786e-01 | 30 -0.01294  2.40369e-02
 31 -0.01783  8.25449e-02 | 32 -0.00288 -9.06443e-01 | 33  0.03141  1.80747e-01
 34  0.01762  7.57722e-01 | 35  0.01060  8.38962e-01 | 36  0.00343  4.58438e-01
 37  0.00418 -1.28533e+00 | 38  0.02681  2.52816e-01 | 39 -0.00373  4.07934e-01
 40 -0.02340  7.08556e-01 | 41 -0.01787 -6.30109e-02 | 42 -0.00676 -1.17857e+00
 43  0.00382 -1.00041e+00 | 44  0.00553 -1.21634e-01 | 45 -0.01469  4.24880e-01
 46 -0.03107  5.52531e-01 | 47 -0.02421  5.45177e-01 | 48 -0.00606  2.34946e-01
 49  0.01022 -5.01353e-01 | 50 -0.01182 -9.73912e-01 | 51 -0.00711 -3.70128e-01
 52 -0.01430  2.35095e-01 | 53 -0.00906  7.22162e-02 | 54 -0.01435 -2.06705e-01
 55 -0.01654 -3.31439e-02 | 56 -0.00202  3.35898e-02 | 57 -0.00001 -2.98031e-03
 58  0.00000  0.00000e+00 | 59 -0.80231  5.49990e+01 | 60  0.12780  3.83883e+01
 61  0.12573  1.54292e+02 | 62  0.18003 -1.12627e+00 | 63 -0.38223 -2.15118e-03
 64  0.04160  4.33324e-01 | 65  0.12583  1.42868e+02 | 66  0.10170  4.00969e+02
 67  0.16233  1.93070e+01 | 68 -0.30604 -1.63846e-03 | 69 -0.19549  4.38148e+00
 70  0.12383 -3.11376e-01 | 71  0.07629 -6.98193e-01 | 72  0.12828 -6.08654e-01
 73  0.00000 -8.44892e-31 | 74  0.02122  7.86241e-01 | 75 -0.07940  1.14163e+00
 76 -0.24372  1.78973e-04 | 77  0.10178  3.25495e-01 | 78  0.73320  6.97565e-01
 79 -0.17304  1.00721e+00 | 80  0.08221  3.60624e-02 | 81 -0.66879 -1.64893e+00
Maximum number of function evaluations exceeded

 - final statistics:
81 variables; iteration 66; function evaluation 100
Function value 2.4564e+02; maximum gradient component mag 1.5336e+02
Exit code = 3;  converg criter 1.0000e+00
Var    Value     Gradient |Var    Value     Gradient |Var    Value     Gradient
  1  0.01969  7.86763e+01 |  2 -0.01526  4.43434e+01 |  3 -0.03207 -1.46554e+00
  4 -0.02201 -2.83645e-01 |  5 -0.01698  3.60873e-01 |  6 -0.01357  5.79028e-01
  7 -0.00950  3.97565e-01 |  8 -0.01282 -6.86191e-01 |  9 -0.00204  3.41563e-02
 10  0.00695 -2.34495e-01 | 11 -0.01593 -4.38551e-02 | 12 -0.02890 -6.42233e-01
 13 -0.02530 -1.33447e+00 | 14 -0.01513 -4.10758e-01 | 15  0.00050 -5.51039e-01
 16  0.01066  1.23138e+00 | 17 -0.00263 -3.51739e-01 | 18  0.01177 -1.72908e-01
 19  0.02315 -6.82066e-01 | 20  0.01597  1.16645e+00 | 21  0.03596  7.33806e-01
 22  0.05656  6.05543e-01 | 23  0.01064 -1.34566e+00 | 24  0.03345 -2.49966e-01
 25  0.03213 -2.86026e-01 | 26  0.03031 -3.82701e-01 | 27  0.04044  5.57055e-01
 28  0.01731  9.03290e-01 | 29 -0.00858 -7.25094e-01 | 30 -0.01296 -1.01909e-01
 31 -0.01820 -3.13726e-01 | 32 -0.00219 -5.32809e-01 | 33  0.03037 -5.22527e-01
 34  0.01899  1.81965e+00 | 35  0.00966  3.61257e-01 | 36  0.00348  4.40161e-01
 37  0.00430 -1.31971e+00 | 38  0.02636 -1.67712e-01 | 39 -0.00326  9.12609e-01
 40 -0.02347  9.26430e-01 | 41 -0.01786  2.46232e-01 | 42 -0.00668 -8.05402e-01
 43  0.00398 -7.13029e-01 | 44  0.00529 -2.75584e-01 | 45 -0.01469  5.94618e-01
 46 -0.03044  1.45628e+00 | 47 -0.02439  5.58332e-01 | 48 -0.00656 -2.20765e-02
 49  0.01051  3.39368e-02 | 50 -0.01149 -2.93624e-01 | 51 -0.00708 -5.87486e-02
 52 -0.01473  7.38297e-02 | 53 -0.00902  3.85352e-01 | 54 -0.01395  4.79093e-01
 55 -0.01622  5.10352e-01 | 56 -0.00199  4.33644e-02 | 57 -0.00002 -7.14410e-03
 58  0.00000  0.00000e+00 | 59 -0.80244  5.39440e+01 | 60  0.12609  2.48216e+01
 61  0.12607  9.78756e+01 | 62  0.17949 -5.91272e-01 | 63 -0.53530 -3.51083e-03
 64  0.04186  3.74388e-02 | 65  0.12513  4.83776e+01 | 66  0.10195  1.53362e+02
 67  0.16210  1.92608e+01 | 68 -0.36206  2.30432e-03 | 69 -0.19553  4.05616e+00
 70  0.12370 -2.90031e+00 | 71  0.07635 -2.68286e+00 | 72  0.12830  1.28275e+00
 73  0.00000 -1.13495e-30 | 74  0.02113  2.87809e-01 | 75 -0.07961 -5.29815e-01
 76 -0.24395  1.12556e-04 | 77  0.10171  1.33052e+00 | 78  0.73324  4.26260e-01
 79 -0.17302  9.35702e-01 | 80  0.08219 -2.34600e-01 | 81 -0.66846 -1.23714e+00

Initial statistics: 91 variables; iteration 0; function evaluation 0; phase 4
Function value 2.4563832e+02; maximum gradient component mag 1.5336e+02
Var    Value     Gradient |Var    Value     Gradient |Var    Value     Gradient
  1  0.01969  7.86763e+01 |  2 -0.01526  4.43434e+01 |  3  0.00000  2.84284e+01
  4  0.00000  2.53494e+01 |  5  0.00000  1.90435e+01 |  6  0.00000  1.77981e+01
  7  0.00000  1.69351e+01 |  8  0.00000  9.86184e+00 |  9  0.00000  1.06801e+01
 10  0.00000  1.19247e+01 | 11  0.00000  1.72130e+01 | 12  0.00000  2.71646e+01
 13 -0.03207 -1.47299e+00 | 14 -0.02201 -2.91097e-01 | 15 -0.01698  3.53420e-01
 16 -0.01357  5.71574e-01 | 17 -0.00950  3.90110e-01 | 18 -0.01282 -6.93645e-01
 19 -0.00204  2.67007e-02 | 20  0.00695 -2.41950e-01 | 21 -0.01593 -5.13084e-02
 22 -0.02890 -6.49681e-01 | 23 -0.02530 -1.34192e+00 | 24 -0.01513 -4.18211e-01
 25  0.00050 -5.58495e-01 | 26  0.01066  1.22393e+00 | 27 -0.00263 -3.59195e-01
 28  0.01177 -1.80362e-01 | 29  0.02315 -6.89517e-01 | 30  0.01597  1.15900e+00
 31  0.03596  7.26363e-01 | 32  0.05655  5.98117e-01 | 33  0.01064 -1.35311e+00
 34  0.03345 -2.57411e-01 | 35  0.03213 -2.93472e-01 | 36  0.03031 -3.90148e-01
 37  0.04044  5.49614e-01 | 38  0.01731  8.95837e-01 | 39 -0.00858 -7.32549e-01
 40 -0.01296 -1.09363e-01 | 41 -0.01820 -3.21179e-01 | 42 -0.00219 -5.40264e-01
 43  0.03037 -5.29975e-01 | 44  0.01899  1.81220e+00 | 45  0.00966  3.53802e-01
 46  0.00348  4.32706e-01 | 47  0.00430 -1.32716e+00 | 48  0.02636 -1.75161e-01
 49 -0.00326  9.05154e-01 | 50 -0.02347  9.18979e-01 | 51 -0.01786  2.38779e-01
 52 -0.00668 -8.12857e-01 | 53  0.00398 -7.20485e-01 | 54  0.00529 -2.83040e-01
 55 -0.01469  5.87164e-01 | 56 -0.03044  1.44884e+00 | 57 -0.02439  5.50882e-01
 58 -0.00656 -2.95317e-02 | 59  0.01051  2.64822e-02 | 60 -0.01149 -3.01078e-01
 61 -0.00708 -6.62038e-02 | 62 -0.01473  6.63760e-02 | 63 -0.00902  3.77897e-01
 64 -0.01395  4.71639e-01 | 65 -0.01622  5.02899e-01 | 66 -0.00199  4.33644e-02
 67 -0.00002 -7.14410e-03 | 68  0.00000  0.00000e+00 | 69 -0.80244  5.39440e+01
 70  0.12609  2.48216e+01 | 71  0.12607  9.78756e+01 | 72  0.17949 -5.91272e-01
 73 -0.53530 -3.51083e-03 | 74  0.04186  3.74388e-02 | 75  0.12513  4.83776e+01
 76  0.10195  1.53362e+02 | 77  0.16210  1.92608e+01 | 78 -0.36206  2.30432e-03
 79 -0.19553  4.05616e+00 | 80  0.12370 -2.90031e+00 | 81  0.07635 -2.68286e+00
 82  0.12830  1.28275e+00 | 83  0.00000 -1.13495e-30 | 84  0.02113  2.87809e-01
 85 -0.07961 -5.29815e-01 | 86 -0.24395  1.12556e-04 | 87  0.10171  1.33052e+00
 88  0.73324  4.26260e-01 | 89 -0.17302  9.35702e-01 | 90  0.08219 -2.34600e-01
 91 -0.66846 -1.23714e+00 |

Intermediate statistics: 91 variables; iteration 20; function evaluation 29; phase 4
Function value 2.4437514e+02; maximum gradient component mag -5.3432e+02
Var    Value     Gradient |Var    Value     Gradient |Var    Value     Gradient
  1  0.01986 -5.34323e+02 |  2 -0.01436  3.55155e+01 |  3 -0.02344  3.88910e+00
  4 -0.02020  3.45781e+00 |  5 -0.01418  2.58469e+00 |  6 -0.01296  2.37146e+00
  7 -0.01236  2.10242e+00 |  8 -0.00394  1.23493e+00 |  9 -0.00308  1.13200e+00
 10 -0.00230  1.09162e+00 | 11 -0.00620  1.65467e+00 | 12 -0.01620  3.05735e+00
 13 -0.02532  1.02953e+01 | 14 -0.01914  1.09958e+01 | 15 -0.01713  1.20590e+01
 16 -0.01425  1.26403e+01 | 17 -0.00879  1.24827e+01 | 18 -0.00995  1.17836e+01
 19  0.00109  1.13357e+01 | 20  0.01202  1.13064e+01 | 21 -0.01290  1.08909e+01
 22 -0.02650  9.70165e+00 | 23 -0.02272  7.34796e+00 | 24 -0.01370  4.63221e+00
 25  0.00233  1.24474e+00 | 26  0.00980 -1.65054e+00 | 27 -0.00103 -8.15710e-01
 28  0.01201 -2.97032e+00 | 29  0.02383 -4.96008e+00 | 30  0.01445 -3.77541e+00
 31  0.03683 -7.74705e+00 | 32  0.05432 -1.31169e+01 | 33  0.01405 -4.28277e+00
 34  0.03173 -1.00086e+01 | 35  0.03079 -1.17244e+01 | 36  0.03075 -1.33426e+01
 37  0.03804 -2.01022e+01 | 38  0.01572 -1.50385e+01 | 39 -0.00789 -1.00342e+01
 40 -0.01439 -1.07789e+01 | 41 -0.01919 -1.06405e+01 | 42 -0.00303 -1.39369e+01
 43  0.03066 -2.06435e+01 | 44  0.01518 -1.21746e+01 | 45  0.00998 -6.79279e+00
 46  0.00211 -3.99240e+00 | 47  0.00542 -3.16716e+00 | 48  0.02444 -7.34984e+00
 49 -0.00487 -2.53188e+00 | 50 -0.02492  5.58314e-01 | 51 -0.01930  3.79668e-01
 52 -0.00770 -5.92396e-01 | 53  0.00232 -1.65081e+00 | 54  0.00330 -1.12723e+00
 55 -0.01645  2.68924e+00 | 56 -0.03228  5.51955e+00 | 57 -0.02555  6.06589e+00
 58 -0.00771  5.70363e+00 | 59  0.00838  5.10011e+00 | 60 -0.01236  7.27346e+00
 61 -0.00837  8.07373e+00 | 62 -0.01554  9.48897e+00 | 63 -0.00982  1.04404e+01
 64 -0.01377  1.09623e+01 | 65 -0.01496  1.13920e+01 | 66 -0.00199  1.07584e-01
 67 -0.00001 -9.87111e-05 | 68  0.00000  0.00000e+00 | 69 -0.80311  4.11128e+01
 70  0.12895 -6.96571e+01 | 71  0.12545 -2.10863e+02 | 72  0.17980  5.81985e+01
 73 -0.53527 -3.51057e-03 | 74  0.04400 -8.91214e+00 | 75  0.12272  3.71625e+01
 76  0.10283  1.10763e+02 | 77  0.15875 -2.72701e+00 | 78 -0.36203 -2.00784e-03
 79 -0.19267  3.03683e+00 | 80  0.12619 -4.21271e+00 | 81  0.07466 -1.93909e+00
 82  0.12817  3.23296e+00 | 83  0.00000 -9.76288e-31 | 84  0.02259 -2.07512e+00
 85 -0.08064 -5.49487e+01 | 86 -0.24395 -1.42643e-03 | 87  0.10264  5.11080e+01
 88  0.73265 -8.86510e+00 | 89 -0.17341 -1.07826e+01 | 90  0.08443  2.73791e+00
 91 -0.66543 -1.06792e+00 |
91 variables; iteration 40; function evaluation 52; phase 4
Function value 2.4412394e+02; maximum gradient component mag -2.2941e+02
Var    Value     Gradient |Var    Value     Gradient |Var    Value     Gradient
  1  0.02001 -1.76647e+02 |  2 -0.01400 -8.24769e+00 |  3 -0.02704  5.58230e-01
  4 -0.02323  6.67581e-01 |  5 -0.01635  6.07214e-01 |  6 -0.01531  2.95678e-01
  7 -0.01488 -1.33769e-02 |  8 -0.00525  2.08542e-01 |  9 -0.00372  6.73304e-01
 10 -0.00249  8.82492e-01 | 11 -0.00677  8.05202e-01 | 12 -0.01853  4.60199e-01
 13 -0.02460  2.55993e+00 | 14 -0.01927  2.90535e+00 | 15 -0.01745  4.02118e+00
 16 -0.01446  4.35713e+00 | 17 -0.00963  2.98441e+00 | 18 -0.01138  1.46431e+00
 19  0.00078  2.00997e+00 | 20  0.01205  2.66298e+00 | 21 -0.01249  3.27940e+00
 22 -0.02740  1.47328e+00 | 23 -0.02383  7.80186e-02 | 24 -0.01417  9.12722e-03
 25  0.00190 -3.78781e-01 | 26  0.01011 -6.02672e-01 | 27 -0.00160 -5.76763e-01
 28  0.01251 -3.12995e-01 | 29  0.02421 -1.05887e+00 | 30  0.01459 -1.57639e+00
 31  0.03670 -3.30026e+00 | 32  0.05502 -5.59146e+00 | 33  0.01387 -1.81135e+00
 34  0.03154 -3.26446e+00 | 35  0.03264 -2.14327e+00 | 36  0.02919 -3.78077e+00
 37  0.03959 -4.99188e+00 | 38  0.01559 -4.19820e+00 | 39 -0.00797 -2.35736e+00
 40 -0.01364 -1.85741e+00 | 41 -0.01830 -1.46100e+00 | 42 -0.00288 -3.19484e+00
 43  0.03146 -4.93984e+00 | 44  0.01403 -4.56317e+00 | 45  0.01082 -1.06221e+00
 46  0.00288 -5.68639e-01 | 47  0.00554 -9.17653e-01 | 48  0.02476 -3.01372e+00
 49 -0.00599 -2.52823e+00 | 50 -0.02524 -4.56971e-01 | 51 -0.01902  1.10073e+00
 52 -0.00694  2.57419e+00 | 53  0.00326  3.37141e+00 | 54  0.00393  3.09757e+00
 55 -0.01651  2.31960e+00 | 56 -0.03241  2.10932e+00 | 57 -0.02534  2.18958e+00
 58 -0.00803  1.46455e+00 | 59  0.00819  1.11010e+00 | 60 -0.01316  1.19705e+00
 61 -0.00854  1.93258e+00 | 62 -0.01567  2.40382e+00 | 63 -0.01022  2.36201e+00
 64 -0.01397  2.63021e+00 | 65 -0.01495  3.01276e+00 | 66 -0.00209 -3.99970e-02
 67 -0.00002 -5.09390e-03 | 68  0.00000  0.00000e+00 | 69 -0.80372 -1.41474e+01
 70  0.13211 -7.79662e+00 | 71  0.12479 -7.38220e+00 | 72  0.18041  1.79434e+01
 73 -0.53258 -3.48082e-03 | 74  0.04453 -2.25439e+00 | 75  0.12348 -7.79748e+01
 76  0.10255 -2.29409e+02 | 77  0.15950 -7.07960e+00 | 78 -0.35897 -1.98665e-03
 79 -0.19334 -1.54059e+00 | 80  0.12608  1.04224e+00 | 81  0.07517  2.23148e+00
 82  0.12791 -7.86374e-01 | 83  0.00000 -4.69133e-31 | 84  0.02300  5.13928e-01
 85 -0.08157 -1.53087e+01 | 86 -0.24401 -1.34059e-04 | 87  0.10064  1.30293e+01
 88  0.74347 -5.84115e-01 | 89 -0.17695 -3.79654e+00 | 90  0.08430 -9.55995e-01
 91 -0.66596 -8.56455e-01 |
91 variables; iteration 60; function evaluation 85; phase 4
Function value 2.4406488e+02; maximum gradient component mag 1.0657e+02
Var    Value     Gradient |Var    Value     Gradient |Var    Value     Gradient
  1  0.02001  3.69844e+01 |  2 -0.01510  1.81198e+01 |  3 -0.02796 -1.60442e-02
  4 -0.02409  2.04741e-01 |  5 -0.01697  4.54037e-01 |  6 -0.01584  3.23342e-01
  7 -0.01528  2.19304e-01 |  8 -0.00567  4.42535e-01 |  9 -0.00459  4.14787e-01
 10 -0.00360  2.36111e-01 | 11 -0.00783  1.08674e-01 | 12 -0.01906  2.99316e-01
 13 -0.02414  5.70290e-01 | 14 -0.01917  4.77624e-01 | 15 -0.01855  3.46032e-01
 16 -0.01593  3.51010e-01 | 17 -0.01003  2.97037e-01 | 18 -0.01053  2.37636e-01
 19  0.00126  5.30401e-01 | 20  0.01206  4.76710e-01 | 21 -0.01322  4.14905e-01
 22 -0.02726 -4.61947e-02 | 23 -0.02292  2.08490e-01 | 24 -0.01398  1.96818e-01
 25  0.00155  1.87023e-01 | 26  0.00990  3.90547e-01 | 27 -0.00106  3.61378e-01
 28  0.01221  2.34799e-02 | 29  0.02422 -1.74068e-02 | 30  0.01464 -4.12283e-01
 31  0.03679 -4.38697e-01 | 32  0.05636 -6.04628e-01 | 33  0.01335 -2.08180e-01
 34  0.03312  2.93406e-01 | 35  0.03121 -1.52643e-02 | 36  0.03025 -2.36353e-01
 37  0.03926 -4.94192e-01 | 38  0.01604 -7.45875e-01 | 39 -0.00785 -3.71718e-01
 40 -0.01371 -2.36241e-01 | 41 -0.01887 -3.55455e-01 | 42 -0.00244 -4.64488e-01
 43  0.03087 -9.11628e-02 | 44  0.01598 -3.81365e-02 | 45  0.00986 -1.68815e-01
 46  0.00291 -4.23378e-01 | 47  0.00565 -3.16873e-01 | 48  0.02523  1.10994e-01
 49 -0.00498  1.60849e-01 | 50 -0.02499  4.97201e-02 | 51 -0.01948 -4.36855e-01
 52 -0.00767 -4.76055e-01 | 53  0.00238 -1.01229e-01 | 54  0.00327  4.18774e-01
 55 -0.01648  5.88909e-01 | 56 -0.03220  4.73976e-01 | 57 -0.02578 -1.22080e-01
 58 -0.00821 -3.11626e-01 | 59  0.00804 -9.73477e-03 | 60 -0.01263  3.09194e-01
 61 -0.00850  3.71285e-01 | 62 -0.01604 -1.90848e-01 | 63 -0.01045 -5.39682e-01
 64 -0.01416 -3.34697e-01 | 65 -0.01509 -2.20151e-02 | 66 -0.00202 -1.54842e-02
 67 -0.00001 -1.72720e-03 | 68  0.00000  0.00000e+00 | 69 -0.80300  2.14970e+01
 70  0.13259  4.10879e+00 | 71  0.12468  1.92058e+01 | 72  0.18023  8.07006e-01
 73 -0.52607 -3.41003e-03 | 74  0.04519 -8.50363e-02 | 75  0.12237  3.38234e+01
 76  0.10297  1.06566e+02 | 77  0.15900  7.35902e+00 | 78 -0.35277 -2.38444e-04
 79 -0.19357  1.39459e+00 | 80  0.12765  8.90117e-01 | 81  0.07356  4.75411e-01
 82  0.12850 -1.31776e-01 | 83  0.00000 -6.48922e-31 | 84  0.02304 -1.39042e-01
 85 -0.07840 -6.22873e-01 | 86 -0.24411  4.19040e-05 | 87  0.10196  6.81562e-01
 88  0.73232 -1.73009e-01 | 89 -0.17227 -7.49236e-01 | 90  0.08508 -2.09072e-02
 91 -0.66431 -6.82237e-02 |
91 variables; iteration 80; function evaluation 120; phase 4
Function value 2.4406184e+02; maximum gradient component mag -2.2277e+03
Var    Value     Gradient |Var    Value     Gradient |Var    Value     Gradient
  1  0.01997  4.96802e+00 |  2 -0.01527  3.14322e-01 |  3 -0.02791  3.51881e-02
  4 -0.02429 -2.10467e-03 |  5 -0.01735  7.02976e-02 |  6 -0.01611  3.65060e-02
  7 -0.01544  1.09176e-02 |  8 -0.00613 -3.74944e-02 |  9 -0.00487  7.36032e-02
 10 -0.00373  3.00630e-02 | 11 -0.00771  6.31689e-02 | 12 -0.01910  4.03428e-02
 13 -0.02442 -4.10675e-02 | 14 -0.01928 -2.15015e-02 | 15 -0.01868 -9.94006e-02
 16 -0.01602  1.05090e-02 | 17 -0.01012 -4.82554e-02 | 18 -0.01039  3.91360e-02
 19  0.00111 -4.33594e-02 | 20  0.01211 -2.67297e-02 | 21 -0.01333  2.37781e-02
 22 -0.02702  2.61377e-02 | 23 -0.02303 -2.60200e-02 | 24 -0.01403  1.32634e-02
 25  0.00167  1.01285e-01 | 26  0.00983  6.31881e-02 | 27 -0.00109  8.70127e-02
 28  0.01242  7.17200e-02 | 29  0.02423  1.56646e-01 | 30  0.01491  9.50700e-02
 31  0.03680  1.28559e-01 | 32  0.05682  1.95130e-01 | 33  0.01360  7.47745e-02
 34  0.03273  4.32311e-02 | 35  0.03129  6.85847e-02 | 36  0.03027  1.05475e-01
 37  0.03924  1.55149e-01 | 38  0.01640  1.06033e-01 | 39 -0.00783  8.60678e-02
 40 -0.01381  3.84984e-02 | 41 -0.01877  6.26564e-02 | 42 -0.00221  5.33575e-04
 43  0.03081  6.82745e-02 | 44  0.01586  6.78027e-03 | 45  0.00980 -1.14067e-02
 46  0.00321  4.73798e-02 | 47  0.00587 -7.44128e-03 | 48  0.02504 -6.90722e-02
 49 -0.00508 -1.73021e-02 | 50 -0.02521 -1.11785e-01 | 51 -0.01935 -5.60269e-02
 52 -0.00752 -3.10737e-02 | 53  0.00234 -7.79960e-02 | 54  0.00297 -1.78886e-01
 55 -0.01671 -3.87987e-02 | 56 -0.03256 -1.32044e-01 | 57 -0.02569 -7.38291e-02
 58 -0.00809 -9.89620e-02 | 59  0.00794 -9.87682e-02 | 60 -0.01284 -8.57192e-02
 61 -0.00888 -1.55485e-01 | 62 -0.01597 -9.79264e-02 | 63 -0.01014 -4.43250e-02
 64 -0.01403 -7.22744e-02 | 65 -0.01507 -4.29706e-02 | 66 -0.00198  1.08671e-02
 67 -0.00001  1.21261e-03 | 68  0.00000  0.00000e+00 | 69 -0.80290  3.56846e-01
 70  0.13315  2.91714e-01 | 71  0.12455  3.41910e-01 | 72  0.18030 -5.05868e-01
 73 -0.49744 -3.11644e-03 | 74  0.04559  1.01500e-01 | 75  0.12216 -8.10463e+02
 76  0.10305 -2.22773e+03 | 77  0.15882 -9.46015e-02 | 78 -0.34204 -4.16666e-02
 79 -0.19305  3.06202e-02 | 80  0.12759  3.09165e-01 | 81  0.07363  1.99589e-01
 82  0.12838 -2.30177e-01 | 83  0.00000 -6.71719e-31 | 84  0.02320  1.07917e-01
 85 -0.07822  1.33174e-01 | 86 -0.24449  3.55853e-05 | 87  0.10199 -9.96405e-02
 88  0.73163  3.02348e-02 | 89 -0.17151  6.47771e-02 | 90  0.08529  4.87770e-02
 91 -0.66406 -2.54894e-02 |
91 variables; iteration 100; function evaluation 154; phase 4
Function value 2.4406083e+02; maximum gradient component mag 8.2733e+03
Var    Value     Gradient |Var    Value     Gradient |Var    Value     Gradient
  1  0.01997  3.29353e+01 |  2 -0.01526  1.71765e+01 |  3 -0.02791  3.11949e-03
  4 -0.02435 -9.84518e-02 |  5 -0.01736  5.54148e-03 |  6 -0.01607  7.83134e-03
  7 -0.01535  2.88190e-02 |  8 -0.00606 -4.41145e-02 |  9 -0.00486  1.65851e-02
 10 -0.00352  1.28764e-01 | 11 -0.00788 -1.63193e-01 | 12 -0.01905  1.39440e-02
 13 -0.02435  5.81880e-02 | 14 -0.01931 -7.98941e-04 | 15 -0.01863  3.76585e-03
 16 -0.01586  1.95393e-01 | 17 -0.01019 -8.86938e-02 | 18 -0.01047 -2.14885e-02
 19  0.00118  3.99103e-02 | 20  0.01214  3.92253e-03 | 21 -0.01342 -6.48053e-02
 22 -0.02703  5.80713e-03 | 23 -0.02298  2.37222e-02 | 24 -0.01403 -6.44218e-03
 25  0.00166  3.78120e-02 | 26  0.00985  1.13271e-02 | 27 -0.00109  4.65101e-02
 28  0.01243 -3.09893e-03 | 29  0.02415 -3.56205e-02 | 30  0.01492 -1.82080e-02
 31  0.03685 -3.42203e-02 | 32  0.05665 -1.10646e-01 | 33  0.01365  3.37094e-02
 34  0.03277  1.83015e-02 | 35  0.03127  4.54043e-03 | 36  0.03032  3.76775e-02
 37  0.03921 -3.04536e-02 | 38  0.01634 -7.90038e-02 | 39 -0.00785 -1.50934e-02
 40 -0.01372  4.39947e-02 | 41 -0.01887 -7.43793e-02 | 42 -0.00218  6.81446e-03
 43  0.03084  7.44583e-02 | 44  0.01584 -2.15265e-02 | 45  0.00980 -2.98900e-02
 46  0.00322  4.54428e-02 | 47  0.00584 -2.56913e-02 | 48  0.02505 -5.95956e-02
 49 -0.00508  2.81088e-02 | 50 -0.02511  3.85853e-02 | 51 -0.01941 -7.88642e-02
 52 -0.00750 -3.93226e-04 | 53  0.00229 -4.24698e-02 | 54  0.00316  8.97099e-02
 55 -0.01686 -7.34929e-02 | 56 -0.03242  7.96942e-02 | 57 -0.02576 -5.88979e-02
 58 -0.00801  1.26344e-02 | 59  0.00788 -7.35433e-02 | 60 -0.01276  8.89163e-02
 61 -0.00884  2.82929e-03 | 62 -0.01599 -7.59385e-03 | 63 -0.01009  6.73539e-02
 64 -0.01410 -7.24402e-02 | 65 -0.01531 -1.80906e-01 | 66 -0.00219 -1.56392e-01
 67 -0.00015 -1.10124e-01 | 68  0.00000  0.00000e+00 | 69 -0.80298  2.09071e+01
 70  0.13307 -2.46018e+00 | 71  0.12457 -1.06659e+01 | 72  0.18030  3.78140e-01
 73 -0.42998 -2.51679e-03 | 74  0.04553 -1.43765e-01 | 75  0.12202  3.00365e+03
 76  0.10310  8.27326e+03 | 77  0.15881  6.93310e+00 | 78 -0.31695  1.61808e-01
 79 -0.19374  1.72030e+00 | 80  0.12754 -1.85967e-01 | 81  0.07365 -1.76640e-01
 82  0.12837 -4.07729e-02 | 83  0.00000 -7.19390e-31 | 84  0.02316 -1.45306e-01
 85 -0.07825 -2.45543e-01 | 86 -0.24526 -7.84360e-06 | 87  0.10199  2.45973e-01
 88  0.73168 -4.86378e-02 | 89 -0.17160 -8.65950e-02 | 90  0.08526  4.59252e-02
 91 -0.66412 -5.31198e-02 |
91 variables; iteration 120; function evaluation 179; phase 4
Function value 2.4405927e+02; maximum gradient component mag 2.4536e+03
Var    Value     Gradient |Var    Value     Gradient |Var    Value     Gradient
  1  0.01997  6.38774e+00 |  2 -0.01527  3.23390e+00 |  3 -0.02792 -2.98168e-03
  4 -0.02424  1.67343e-02 |  5 -0.01739 -2.73473e-03 |  6 -0.01609  3.09341e-03
  7 -0.01540 -2.05954e-03 |  8 -0.00601  8.29702e-03 |  9 -0.00489  5.25709e-03
 10 -0.00370 -4.60878e-03 | 11 -0.00770  1.12048e-02 | 12 -0.01910 -4.34147e-03
 13 -0.02440  8.70785e-03 | 14 -0.01929  8.39001e-03 | 15 -0.01860  6.53742e-03
 16 -0.01606 -1.90777e-03 | 17 -0.01006  1.02997e-02 | 18 -0.01046  2.47477e-03
 19  0.00113  1.43852e-03 | 20  0.01215  5.39298e-03 | 21 -0.01335  7.88089e-03
 22 -0.02705  2.28277e-03 | 23 -0.02301  2.95969e-04 | 24 -0.01400  1.86552e-03
 25  0.00164  1.74950e-03 | 26  0.00986 -8.17548e-03 | 27 -0.00114 -9.54060e-03
 28  0.01244 -8.98509e-03 | 29  0.02417 -1.99873e-02 | 30  0.01490 -1.53314e-02
 31  0.03681 -8.30390e-03 | 32  0.05675 -1.65144e-02 | 33  0.01359  1.74464e-03
 34  0.03276 -1.09858e-02 | 35  0.03129 -4.59689e-03 | 36  0.03027  4.90645e-04
 37  0.03921 -1.32504e-02 | 38  0.01640 -1.42275e-02 | 39 -0.00785 -7.98952e-03
 40 -0.01379 -9.90377e-03 | 41 -0.01881  7.68057e-04 | 42 -0.00217  9.29732e-04
 43  0.03078 -1.12360e-02 | 44  0.01587  1.46159e-03 | 45  0.00983  5.43827e-03
 46  0.00314 -1.28410e-02 | 47  0.00585 -5.02096e-03 | 48  0.02510  1.60587e-02
 49 -0.00513 -5.57728e-03 | 50 -0.02515  1.03460e-02 | 51 -0.01934  1.39926e-02
 52 -0.00754  5.47310e-03 | 53  0.00234  1.18276e-02 | 54  0.00306  5.44544e-03
 55 -0.01677  2.56103e-03 | 56 -0.03251 -1.03642e-03 | 57 -0.02570  8.61250e-03
 58 -0.00807 -2.05973e-03 | 59  0.00796  6.77156e-03 | 60 -0.01286  2.64275e-03
 61 -0.00881  1.30743e-02 | 62 -0.01596  1.16869e-02 | 63 -0.01018 -7.25427e-04
 64 -0.01401  1.23453e-02 | 65 -0.01509  4.95523e-03 | 66 -0.00197  1.92844e-02
 67 -0.00001 -1.25795e-04 | 68  0.00000  0.00000e+00 | 69 -0.80309  3.93245e+00
 70  0.13306  1.66518e-02 | 71  0.12457  8.23297e-02 | 72  0.18029  1.42464e-03
 73 -0.01684 -8.31242e-05 | 74  0.04554  2.33442e-03 | 75  0.12151  8.87076e+02
 76  0.10328  2.45363e+03 | 77  0.15861  1.27429e+00 | 78 -0.29911  5.42514e-02
 79 -0.19427  3.30407e-01 | 80  0.12756 -3.24564e-02 | 81  0.07363 -1.86692e-02
 82  0.12838  2.62205e-02 | 83  0.00000 -6.98748e-31 | 84  0.02318 -3.70251e-03
 85 -0.07824  1.30498e-02 | 86 -0.24382  6.22537e-05 | 87  0.10198 -1.39785e-02
 88  0.73166  3.25820e-04 | 89 -0.17156  4.48078e-03 | 90  0.08527 -5.61304e-03
 91 -0.66406  5.61356e-04 |
91 variables; iteration 140; function evaluation 205; phase 4
Function value 2.4405909e+02; maximum gradient component mag 1.3027e+03
Var    Value     Gradient |Var    Value     Gradient |Var    Value     Gradient
  1  0.01997  5.04617e+00 |  2 -0.01527  1.91120e+00 |  3 -0.02791  1.10432e-02
  4 -0.02426  6.47647e-03 |  5 -0.01738  1.37310e-02 |  6 -0.01609  1.74782e-02
  7 -0.01539  1.89453e-02 |  8 -0.00601  2.05557e-02 |  9 -0.00488  2.28733e-02
 10 -0.00368  2.90819e-02 | 11 -0.00770  2.37643e-02 | 12 -0.01908  2.82806e-02
 13 -0.02441  5.33207e-03 | 14 -0.01929  6.41356e-03 | 15 -0.01860  7.61342e-03
 16 -0.01605  7.43485e-03 | 17 -0.01007  7.03899e-03 | 18 -0.01047  8.13209e-03
 19  0.00113  1.57840e-02 | 20  0.01215  2.01151e-02 | 21 -0.01335  8.55065e-03
 22 -0.02706  4.70149e-03 | 23 -0.02301  1.10271e-02 | 24 -0.01400  1.21987e-02
 25  0.00164  1.98532e-02 | 26  0.00985  2.64162e-02 | 27 -0.00115  1.80594e-02
 28  0.01244  1.87264e-02 | 29  0.02418  1.92262e-02 | 30  0.01490  1.12815e-02
 31  0.03680  1.44718e-02 | 32  0.05676  1.85716e-02 | 33  0.01357  4.33793e-03
 34  0.03277  9.68252e-03 | 35  0.03128  6.91756e-03 | 36  0.03026  7.42347e-03
 37  0.03922  1.66288e-02 | 38  0.01641  1.28365e-02 | 39 -0.00784  5.49989e-03
 40 -0.01378  5.98961e-03 | 41 -0.01882 -2.55671e-03 | 42 -0.00218  1.16330e-03
 43  0.03080  8.42436e-03 | 44  0.01585 -3.05810e-03 | 45  0.00982 -3.01544e-03
 46  0.00316 -3.63270e-03 | 47  0.00585 -7.16286e-03 | 48  0.02508 -1.01842e-02
 49 -0.00511 -7.72113e-03 | 50 -0.02516 -1.64399e-02 | 51 -0.01934 -1.74877e-02
 52 -0.00754 -1.66220e-02 | 53  0.00233 -1.97009e-02 | 54  0.00307 -1.48027e-02
 55 -0.01677 -1.83806e-02 | 56 -0.03250 -1.55285e-02 | 57 -0.02570 -1.99998e-02
 58 -0.00806 -1.73374e-02 | 59  0.00795 -2.19117e-02 | 60 -0.01285 -1.88893e-02
 61 -0.00882 -2.20518e-02 | 62 -0.01596 -2.34666e-02 | 63 -0.01017 -2.09350e-02
 64 -0.01402 -2.16308e-02 | 65 -0.01510 -2.27358e-02 | 66 -0.00200 -7.12468e-03
 67 -0.00001  3.81472e-04 | 68  0.00000  0.00000e+00 | 69 -0.80313  2.31361e+00
 70  0.13306 -1.75645e+00 | 71  0.12452 -8.37582e+00 | 72  0.18029 -1.05998e-01
 73  0.04707  1.09727e-02 | 74  0.04553  5.20373e-02 | 75  0.12128  4.69976e+02
 76  0.10337  1.30269e+03 | 77  0.15851  7.21908e-01 | 78 -0.28986  3.13205e-02
 79 -0.19429  1.90364e-01 | 80  0.12756  1.55297e-02 | 81  0.07363  3.21159e-03
 82  0.12838 -2.04617e-02 | 83  0.00000 -6.96260e-31 | 84  0.02318  1.04982e-03
 85 -0.07825  7.05759e-03 | 86 -0.25971 -5.28622e-04 | 87  0.10198 -4.18034e-03
 88  0.73168  2.17630e-03 | 89 -0.17157  2.69227e-03 | 90  0.08527  7.36016e-03
 91 -0.66406 -5.44198e-04 |
91 variables; iteration 160; function evaluation 228; phase 4
Function value 2.4405884e+02; maximum gradient component mag 6.1175e+02
Var    Value     Gradient |Var    Value     Gradient |Var    Value     Gradient
  1  0.01998  4.74903e+00 |  2 -0.01527  1.67286e+00 |  3 -0.02791  8.66351e-03
  4 -0.02423  2.44512e-02 |  5 -0.01737  1.60852e-02 |  6 -0.01608  1.56030e-02
  7 -0.01538  1.79861e-02 |  8 -0.00599  2.96736e-02 |  9 -0.00487  2.78493e-02
 10 -0.00368  2.28083e-02 | 11 -0.00768  3.88801e-02 | 12 -0.01909  2.44490e-02
 13 -0.02440  1.07313e-02 | 14 -0.01928  1.21067e-02 | 15 -0.01859  1.03784e-02
 16 -0.01605  3.62328e-03 | 17 -0.01006  1.35592e-02 | 18 -0.01047  1.07124e-02
 19  0.00112  1.37270e-02 | 20  0.01216  2.37080e-02 | 21 -0.01335  1.58821e-02
 22 -0.02706  1.02341e-02 | 23 -0.02302  8.77588e-03 | 24 -0.01399  1.79856e-02
 25  0.00165  3.15620e-02 | 26  0.00983  2.75918e-02 | 27 -0.00116  1.75787e-02
 28  0.01244  1.69108e-02 | 29  0.02418  1.20511e-02 | 30  0.01489  6.27273e-03
 31  0.03678  1.08601e-02 | 32  0.05675  2.39495e-02 | 33  0.01357  7.25756e-03
 34  0.03276  8.16472e-03 | 35  0.03128  1.06840e-02 | 36  0.03026  1.24821e-02
 37  0.03922  1.49777e-02 | 38  0.01641  1.94169e-04 | 39 -0.00783  1.34124e-03
 40 -0.01379 -4.61293e-03 | 41 -0.01882  2.32033e-03 | 42 -0.00219  2.81056e-03
 43  0.03079  8.62021e-04 | 44  0.01585  1.88467e-03 | 45  0.00983 -1.61957e-03
 46  0.00314 -1.88993e-02 | 47  0.00585 -1.13601e-02 | 48  0.02509 -5.55124e-04
 49 -0.00512 -1.92260e-02 | 50 -0.02515 -9.96845e-03 | 51 -0.01933 -8.82073e-03
 52 -0.00754 -1.54729e-02 | 53  0.00234 -1.08814e-02 | 54  0.00307 -2.03533e-02
 55 -0.01676 -1.99513e-02 | 56 -0.03251 -2.50811e-02 | 57 -0.02570 -1.78951e-02
 58 -0.00807 -2.84679e-02 | 59  0.00796 -2.26072e-02 | 60 -0.01285 -2.48597e-02
 61 -0.00881 -1.81954e-02 | 62 -0.01595 -1.81827e-02 | 63 -0.01017 -2.53813e-02
 64 -0.01401 -1.55166e-02 | 65 -0.01508 -1.51785e-02 | 66 -0.00197  1.43107e-02
 67 -0.00001 -5.95131e-05 | 68  0.00000  0.00000e+00 | 69 -0.80320  2.01004e+00
 70  0.13300 -2.00688e+01 | 71  0.12449 -9.26061e+01 | 72  0.18028 -1.68564e-01
 73 -0.03777  2.47714e-02 | 74  0.04551  6.77725e-02 | 75  0.12091  2.19780e+02
 76  0.10350  6.11754e+02 | 77  0.15837  6.31582e-01 | 78 -0.27095  1.77628e-02
 79 -0.19420  1.72769e-01 | 80  0.12755 -1.19196e-02 | 81  0.07364 -1.42962e-02
 82  0.12838  4.58813e-03 | 83  0.00000 -6.98404e-31 | 84  0.02317  6.00575e-03
 85 -0.07825  3.28230e-02 | 86 -0.24397  5.65052e-05 | 87  0.10198 -2.52353e-02
 88  0.73169  6.71451e-03 | 89 -0.17158  9.84886e-03 | 90  0.08526  4.51295e-03
 91 -0.66407 -5.41700e-04 |
91 variables; iteration 180; function evaluation 250; phase 4
Function value 2.4405870e+02; maximum gradient component mag 1.2924e+03
Var    Value     Gradient |Var    Value     Gradient |Var    Value     Gradient
  1  0.01998  4.20329e+00 |  2 -0.01527  2.00749e+00 |  3 -0.02790  1.60871e-03
  4 -0.02423  5.35429e-03 |  5 -0.01736  4.51422e-03 |  6 -0.01607  1.78354e-03
  7 -0.01537  3.52526e-03 |  8 -0.00599  5.56064e-03 |  9 -0.00486  4.16384e-03
 10 -0.00366  3.43891e-03 | 11 -0.00767  1.02494e-02 | 12 -0.01908  4.33892e-03
 13 -0.02440  3.76928e-03 | 14 -0.01928  3.09049e-03 | 15 -0.01858  2.63503e-03
 16 -0.01604  3.07713e-04 | 17 -0.01006  4.53450e-03 | 18 -0.01047  3.94392e-03
 19  0.00112  3.14267e-03 | 20  0.01217  5.76887e-03 | 21 -0.01335  5.35381e-03
 22 -0.02707  2.29569e-03 | 23 -0.02303 -2.37794e-04 | 24 -0.01398  2.40792e-03
 25  0.00165  2.03216e-03 | 26  0.00982  3.06642e-04 | 27 -0.00117 -6.87783e-04
 28  0.01244 -1.94636e-03 | 29  0.02418 -2.65300e-03 | 30  0.01489 -6.37832e-04
 31  0.03677 -2.62337e-03 | 32  0.05675  5.96083e-03 | 33  0.01357 -3.17686e-03
 34  0.03276 -1.40452e-03 | 35  0.03128 -1.54628e-04 | 36  0.03025 -4.26975e-04
 37  0.03922  2.37849e-03 | 38  0.01642 -8.63258e-04 | 39 -0.00783  5.86538e-04
 40 -0.01379 -1.20577e-03 | 41 -0.01883  6.31741e-04 | 42 -0.00220 -1.39355e-03
 43  0.03080 -3.49275e-03 | 44  0.01585  1.76705e-03 | 45  0.00982 -1.57845e-03
 46  0.00315 -2.31101e-03 | 47  0.00585 -7.44478e-04 | 48  0.02509  2.37824e-03
 49 -0.00512 -4.42039e-03 | 50 -0.02514  4.83506e-04 | 51 -0.01933  2.46832e-03
 52 -0.00754 -3.45552e-04 | 53  0.00234  1.34512e-03 | 54  0.00307 -2.94414e-03
 55 -0.01676 -1.79732e-03 | 56 -0.03250 -5.06640e-03 | 57 -0.02570 -2.41724e-04
 58 -0.00806 -3.01170e-03 | 59  0.00797 -1.27128e-03 | 60 -0.01285 -4.70046e-03
 61 -0.00881 -8.16283e-04 | 62 -0.01595  2.05391e-04 | 63 -0.01017 -3.21902e-03
 64 -0.01402 -2.53572e-04 | 65 -0.01507  1.48973e-03 | 66 -0.00198  5.84453e-03
 67 -0.00001 -1.65936e-04 | 68  0.00000  0.00000e+00 | 69 -0.80326  2.44342e+00
 70  0.13297  1.32856e+00 | 71  0.12448  6.04921e+00 | 72  0.18027 -3.07258e-02
 73 -0.08994 -1.26106e-03 | 74  0.04553  4.50809e-03 | 75  0.12058  4.62461e+02
 76  0.10362  1.29244e+03 | 77  0.15825  7.75881e-01 | 78 -0.26860  3.95081e-02
 79 -0.19430  1.99653e-01 | 80  0.12754 -1.90328e-02 | 81  0.07365 -1.32888e-02
 82  0.12838  1.58286e-02 | 83  0.00000 -6.98533e-31 | 84  0.02317  4.92030e-04
 85 -0.07826  5.42184e-03 | 86 -0.23870  3.10883e-04 | 87  0.10198 -8.53811e-03
 88  0.73169  1.28327e-03 | 89 -0.17159  3.78065e-03 | 90  0.08525 -1.33539e-03
 91 -0.66408  1.46891e-03 |
91 variables; iteration 200; function evaluation 273; phase 4
Function value 2.4405859e+02; maximum gradient component mag 2.1852e+02
Var    Value     Gradient |Var    Value     Gradient |Var    Value     Gradient
  1  0.01998  1.45486e+00 |  2 -0.01527  5.35980e-01 |  3 -0.02789  3.34523e-03
  4 -0.02423  3.37319e-03 |  5 -0.01736  4.50308e-03 |  6 -0.01606  5.35301e-03
  7 -0.01536  5.59600e-03 |  8 -0.00598  7.53218e-03 |  9 -0.00485  7.54365e-03
 10 -0.00365  8.16927e-03 | 11 -0.00767  8.28140e-03 | 12 -0.01907  8.20349e-03
 13 -0.02440  2.35300e-03 | 14 -0.01928  3.08260e-03 | 15 -0.01858  3.03113e-03
 16 -0.01603  1.89039e-03 | 17 -0.01006  2.93821e-03 | 18 -0.01048  2.58146e-03
 19  0.00112  4.55321e-03 | 20  0.01218  6.71250e-03 | 21 -0.01335  4.04162e-03
 22 -0.02708  2.02602e-03 | 23 -0.02304  2.90403e-03 | 24 -0.01397  3.99431e-03
 25  0.00165  6.67602e-03 | 26  0.00981  8.16329e-03 | 27 -0.00119  4.92020e-03
 28  0.01244  5.19302e-03 | 29  0.02419  4.75950e-03 | 30  0.01487  2.31654e-03
 31  0.03677  4.00213e-03 | 32  0.05674  4.78418e-03 | 33  0.01357  1.87590e-03
 34  0.03276  2.86390e-03 | 35  0.03127  2.31800e-03 | 36  0.03025  2.28279e-03
 37  0.03921  3.95142e-03 | 38  0.01644  2.51962e-03 | 39 -0.00782  4.65789e-04
 40 -0.01379  2.47619e-04 | 41 -0.01884 -1.10573e-03 | 42 -0.00221 -3.24111e-04
 43  0.03081  1.30385e-03 | 44  0.01583 -1.21915e-03 | 45  0.00982 -1.03619e-03
 46  0.00315 -2.55904e-03 | 47  0.00585 -2.46368e-03 | 48  0.02509 -1.50859e-03
 49 -0.00511 -2.92337e-03 | 50 -0.02514 -3.86131e-03 | 51 -0.01933 -4.43182e-03
 52 -0.00753 -4.44553e-03 | 53  0.00235 -4.54640e-03 | 54  0.00308 -3.71228e-03
 55 -0.01675 -4.49205e-03 | 56 -0.03250 -5.04484e-03 | 57 -0.02570 -5.17223e-03
 58 -0.00805 -5.56733e-03 | 59  0.00797 -5.74293e-03 | 60 -0.01284 -6.12140e-03
 61 -0.00880 -5.67686e-03 | 62 -0.01595 -6.06147e-03 | 63 -0.01017 -6.69200e-03
 64 -0.01402 -6.04637e-03 | 65 -0.01507 -5.84635e-03 | 66 -0.00199 -4.59786e-04
 67 -0.00001  3.36510e-04 | 68  0.00000  0.00000e+00 | 69 -0.80332  6.47050e-01
 70  0.13293 -2.98141e+01 | 71  0.12449 -1.37070e+02 | 72  0.18026 -3.97929e-02
 73 -0.14903  7.88180e-03 | 74  0.04551  2.17929e-02 | 75  0.12024  7.79950e+01
 76  0.10374  2.18521e+02 | 77  0.15811  1.97242e-01 | 78 -0.23521  8.93067e-03
 79 -0.19427  5.35165e-02 | 80  0.12753  8.14211e-03 | 81  0.07366  4.68040e-03
 82  0.12838 -5.88582e-03 | 83  0.00000 -6.96646e-31 | 84  0.02317  2.65305e-03
 85 -0.07826  4.87545e-03 | 86 -0.24802 -1.17552e-04 | 87  0.10198 -3.86000e-03
 88  0.73170  8.56023e-04 | 89 -0.17160  1.02243e-03 | 90  0.08524  1.22813e-03
 91 -0.66409  1.25096e-04 |
91 variables; iteration 220; function evaluation 296; phase 4
Function value 2.4405857e+02; maximum gradient component mag 2.8779e+02
Var    Value     Gradient |Var    Value     Gradient |Var    Value     Gradient
  1  0.01998  1.77512e+00 |  2 -0.01527  8.46398e-01 |  3 -0.02789  5.22581e-04
  4 -0.02422  1.90796e-03 |  5 -0.01735  7.96509e-04 |  6 -0.01605  1.08917e-03
  7 -0.01535  9.86098e-04 |  8 -0.00597  2.31774e-03 |  9 -0.00485  1.59793e-03
 10 -0.00364  1.08894e-03 | 11 -0.00766  2.74343e-03 | 12 -0.01907  1.50363e-03
 13 -0.02439  7.92718e-04 | 14 -0.01927  9.61656e-04 | 15 -0.01857  1.20357e-03
 16 -0.01603 -1.33849e-04 | 17 -0.01006  1.47758e-03 | 18 -0.01049  5.74573e-04
 19  0.00112  8.23845e-04 | 20  0.01219  1.53071e-03 | 21 -0.01334  1.02148e-03
 22 -0.02708  3.94211e-05 | 23 -0.02304  4.15429e-04 | 24 -0.01397  1.08642e-03
 25  0.00165  1.91949e-03 | 26  0.00980  1.73662e-03 | 27 -0.00120  5.11757e-04
 28  0.01244  9.39386e-04 | 29  0.02419  1.40173e-04 | 30  0.01487  6.49949e-05
 31  0.03676  4.37715e-04 | 32  0.05673  1.42937e-03 | 33  0.01357  4.32826e-04
 34  0.03276  6.85859e-04 | 35  0.03127  7.74617e-04 | 36  0.03025  9.65389e-04
 37  0.03921  1.39084e-03 | 38  0.01644  5.77682e-04 | 39 -0.00782  2.61335e-04
 40 -0.01380  5.07314e-05 | 41 -0.01885 -2.06303e-05 | 42 -0.00222  2.83244e-04
 43  0.03081 -4.95838e-04 | 44  0.01583  2.93956e-04 | 45  0.00982  2.81208e-04
 46  0.00315 -1.72010e-03 | 47  0.00584 -1.03492e-03 | 48  0.02509  4.75897e-04
 49 -0.00511 -1.81492e-03 | 50 -0.02514 -8.19476e-04 | 51 -0.01933 -6.18132e-04
 52 -0.00753 -1.60229e-03 | 53  0.00235 -1.04956e-03 | 54  0.00308 -1.28459e-03
 55 -0.01675 -1.51154e-03 | 56 -0.03250 -1.98326e-03 | 57 -0.02569 -1.06255e-03
 58 -0.00805 -2.04337e-03 | 59  0.00797 -1.70603e-03 | 60 -0.01284 -1.82079e-03
 61 -0.00880 -6.27900e-04 | 62 -0.01595 -9.27343e-04 | 63 -0.01017 -2.19791e-03
 64 -0.01402 -5.29029e-04 | 65 -0.01507 -8.85277e-04 | 66 -0.00198  1.44345e-03
 67 -0.00001  2.11814e-04 | 68  0.00000  0.00000e+00 | 69 -0.80337  1.03104e+00
 70  0.13291 -1.74065e+01 | 71  0.12449 -7.99993e+01 | 72  0.18026  6.24223e-04
 73 -0.19007  2.06070e-03 | 74  0.04551  1.87270e-04 | 75  0.11996  1.02162e+02
 76  0.10384  2.87791e+02 | 77  0.15800  3.27760e-01 | 78 -0.22007  1.47014e-02
 79 -0.19426  8.47667e-02 | 80  0.12753  4.64734e-03 | 81  0.07366  3.14386e-03
 82  0.12838 -4.60599e-03 | 83  0.00000 -6.97022e-31 | 84  0.02316 -4.29243e-04
 85 -0.07827 -1.68581e-03 | 86 -0.24775 -1.06520e-04 | 87  0.10197  1.71462e-03
 88  0.73170 -2.88214e-04 | 89 -0.17161  2.34808e-05 | 90  0.08523  1.02146e-03
 91 -0.66409 -8.27593e-05 |
91 variables; iteration 240; function evaluation 317; phase 4
Function value 2.4405855e+02; maximum gradient component mag 4.0477e+01
Var    Value     Gradient |Var    Value     Gradient |Var    Value     Gradient
  1  0.01998  2.19426e-01 |  2 -0.01527  1.28353e-01 |  3 -0.02789 -5.71823e-04
  4 -0.02422  1.97600e-04 |  5 -0.01735 -5.15166e-04 |  6 -0.01606 -7.65507e-04
  7 -0.01536 -9.30367e-04 |  8 -0.00597 -4.61427e-04 |  9 -0.00485 -7.58494e-04
 10 -0.00364 -1.33792e-03 | 11 -0.00766 -6.00459e-04 | 12 -0.01907 -1.27888e-03
 13 -0.02439 -2.62867e-04 | 14 -0.01928 -4.49006e-04 | 15 -0.01857 -2.87032e-04
 16 -0.01603 -4.39065e-04 | 17 -0.01006 -1.74012e-04 | 18 -0.01048 -3.97035e-04
 19  0.00112 -8.67596e-04 | 20  0.01219 -9.54076e-04 | 21 -0.01334 -5.22659e-04
 22 -0.02708 -2.81106e-04 | 23 -0.02304 -5.62480e-04 | 24 -0.01397 -2.39932e-04
 25  0.00165 -1.80277e-04 | 26  0.00980 -5.12496e-04 | 27 -0.00119 -2.93653e-04
 28  0.01244 -1.43555e-04 | 29  0.02419 -2.36030e-04 | 30  0.01487  2.41009e-05
 31  0.03677 -1.01540e-04 | 32  0.05674  1.84466e-05 | 33  0.01357  4.21263e-04
 34  0.03276  1.66680e-04 | 35  0.03127  3.35252e-04 | 36  0.03025  3.80161e-04
 37  0.03921  1.90742e-04 | 38  0.01644 -2.65180e-04 | 39 -0.00782  2.02784e-04
 40 -0.01380 -1.25176e-04 | 41 -0.01885  4.32295e-04 | 42 -0.00222  8.93939e-05
 43  0.03081 -3.55276e-04 | 44  0.01583  4.31093e-04 | 45  0.00982  4.33932e-04
 46  0.00315 -4.42897e-04 | 47  0.00584 -1.41017e-05 | 48  0.02509  3.34749e-04
 49 -0.00511 -3.82995e-04 | 50 -0.02514  3.76201e-04 | 51 -0.01933  1.54565e-04
 52 -0.00753 -1.42427e-04 | 53  0.00235  2.93290e-04 | 54  0.00308 -1.23479e-04
 55 -0.01675  2.94566e-04 | 56 -0.03250  4.72489e-05 | 57 -0.02570  3.68362e-04
 58 -0.00805 -2.34960e-04 | 59  0.00797  1.48772e-04 | 60 -0.01284  2.92652e-04
 61 -0.00880  6.02082e-04 | 62 -0.01595  5.06621e-04 | 63 -0.01017  1.93223e-04
 64 -0.01402  6.40738e-04 | 65 -0.01507  8.96462e-04 | 66 -0.00198  8.62633e-04
 67 -0.00001 -7.40176e-06 | 68  0.00000  0.00000e+00 | 69 -0.80336  1.57094e-01
 70  0.13292 -3.60262e+00 | 71  0.12449 -1.65464e+01 | 72  0.18026  6.14050e-03
 73 -0.19315 -3.80206e-04 | 74  0.04551 -4.49517e-03 | 75  0.12005  1.44940e+01
 76  0.10380  4.04771e+01 | 77  0.15804  5.04343e-02 | 78 -0.19396  2.02546e-03
 79 -0.19427  1.29067e-02 | 80  0.12753  3.89054e-03 | 81  0.07366  3.03713e-03
 82  0.12838 -2.65585e-03 | 83  0.00000 -6.96968e-31 | 84  0.02316 -4.92465e-06
 85 -0.07827 -1.84180e-03 | 86 -0.24474  2.15094e-05 | 87  0.10198  1.87549e-03
 88  0.73170 -3.21894e-04 | 89 -0.17160 -4.15321e-04 | 90  0.08524  4.28873e-04
 91 -0.66409 -1.21077e-04 |
91 variables; iteration 260; function evaluation 340; phase 4
Function value 2.4405854e+02; maximum gradient component mag 5.2915e+01
Var    Value     Gradient |Var    Value     Gradient |Var    Value     Gradient
  1  0.01998  5.25498e-01 |  2 -0.01527  2.13199e-01 |  3 -0.02789  1.89035e-04
  4 -0.02422  1.90188e-03 |  5 -0.01735  7.37315e-04 |  6 -0.01606  3.33883e-04
  7 -0.01536  5.17810e-04 |  8 -0.00597  1.33581e-03 |  9 -0.00485  1.08075e-03
 10 -0.00364  1.48289e-04 | 11 -0.00766  2.14669e-03 | 12 -0.01907  5.34688e-04
 13 -0.02439 -3.03589e-04 | 14 -0.01927 -1.63596e-04 | 15 -0.01857 -6.27343e-05
 16 -0.01602 -4.48847e-04 | 17 -0.01006  3.60295e-04 | 18 -0.01049  6.03073e-05
 19  0.00112 -1.29855e-04 | 20  0.01219  3.78486e-04 | 21 -0.01334  2.87942e-04
 22 -0.02708  3.66822e-04 | 23 -0.02304  2.63415e-05 | 24 -0.01397  1.30857e-03
 25  0.00165  2.54991e-03 | 26  0.00980  2.44008e-03 | 27 -0.00120  1.75229e-03
 28  0.01244  2.00297e-03 | 29  0.02419  1.86451e-03 | 30  0.01487  1.28878e-03
 31  0.03677  2.05380e-03 | 32  0.05673  2.77359e-03 | 33  0.01357  1.30551e-03
 34  0.03276  1.23483e-03 | 35  0.03127  1.82418e-03 | 36  0.03025  2.01851e-03
 37  0.03921  2.38883e-03 | 38  0.01644  1.21451e-03 | 39 -0.00782  9.30789e-04
 40 -0.01380  2.30247e-04 | 41 -0.01885  1.22448e-03 | 42 -0.00222  5.80916e-04
 43  0.03081  5.82575e-04 | 44  0.01583  7.56939e-04 | 45  0.00982  1.74024e-04
 46  0.00315 -1.47451e-03 | 47  0.00584 -1.03536e-03 | 48  0.02509 -1.84374e-04
 49 -0.00511 -2.24635e-03 | 50 -0.02514 -1.20857e-03 | 51 -0.01933 -1.27323e-03
 52 -0.00753 -1.96819e-03 | 53  0.00235 -1.42303e-03 | 54  0.00308 -2.78996e-03
 55 -0.01675 -1.80635e-03 | 56 -0.03250 -2.48481e-03 | 57 -0.02569 -1.69604e-03
 58 -0.00805 -2.78394e-03 | 59  0.00797 -2.14763e-03 | 60 -0.01284 -2.38507e-03
 61 -0.00880 -1.82474e-03 | 62 -0.01595 -1.65033e-03 | 63 -0.01017 -2.21624e-03
 64 -0.01402 -1.22002e-03 | 65 -0.01507 -6.45100e-04 | 66 -0.00198  1.73860e-03
 67 -0.00001  8.08235e-05 | 68  0.00000  0.00000e+00 | 69 -0.80337  2.58737e-01
 70  0.13290 -8.56550e+00 | 71  0.12449 -3.93589e+01 | 72  0.18025 -3.79272e-03
 73 -0.20948  1.01740e-04 | 74  0.04551  3.11150e-03 | 75  0.11998  1.88498e+01
 76  0.10383  5.29149e+01 | 77  0.15801  8.16976e-02 | 78 -0.16958  4.34227e-03
 79 -0.19427  2.13893e-02 | 80  0.12753  6.84222e-03 | 81  0.07366  4.49227e-03
 82  0.12838 -6.60481e-03 | 83  0.00000 -6.96845e-31 | 84  0.02316  4.03180e-04
 85 -0.07827 -5.14758e-04 | 86 -0.24569 -1.97622e-05 | 87  0.10197  9.10328e-04
 88  0.73170 -8.55108e-05 | 89 -0.17161  4.53136e-04 | 90  0.08524  1.39429e-03
 91 -0.66409 -5.00943e-04 |
91 variables; iteration 280; function evaluation 364; phase 4
Function value 2.4405852e+02; maximum gradient component mag -2.3540e+02
Var    Value     Gradient |Var    Value     Gradient |Var    Value     Gradient
  1  0.01998  1.22420e+00 |  2 -0.01527  4.01894e-01 |  3 -0.02789  3.02207e-03
  4 -0.02422  3.60834e-03 |  5 -0.01735  4.46587e-03 |  6 -0.01606  5.00461e-03
  7 -0.01535  5.60768e-03 |  8 -0.00597  6.66895e-03 |  9 -0.00485  7.25571e-03
 10 -0.00364  8.04717e-03 | 11 -0.00766  8.26466e-03 | 12 -0.01907  7.79123e-03
 13 -0.02439  1.42480e-03 | 14 -0.01927  2.00989e-03 | 15 -0.01857  1.96501e-03
 16 -0.01602  1.85133e-03 | 17 -0.01006  2.05234e-03 | 18 -0.01049  2.17314e-03
 19  0.00112  3.96779e-03 | 20  0.01219  5.99740e-03 | 21 -0.01334  3.12177e-03
 22 -0.02708  1.94887e-03 | 23 -0.02304  2.78523e-03 | 24 -0.01397  4.47330e-03
 25  0.00165  7.60389e-03 | 26  0.00980  8.65233e-03 | 27 -0.00120  5.98366e-03
 28  0.01244  5.97296e-03 | 29  0.02419  6.03509e-03 | 30  0.01487  3.63667e-03
 31  0.03677  5.04231e-03 | 32  0.05673  7.07936e-03 | 33  0.01357  1.76664e-03
 34  0.03276  3.44912e-03 | 35  0.03127  3.41487e-03 | 36  0.03025  3.45384e-03
 37  0.03921  5.72185e-03 | 38  0.01644  3.49330e-03 | 39 -0.00782  1.62635e-03
 40 -0.01380  1.20154e-03 | 41 -0.01885  1.76586e-04 | 42 -0.00222  6.79450e-04
 43  0.03082  2.40268e-03 | 44  0.01583 -6.31251e-05 | 45  0.00982 -1.20837e-03
 46  0.00315 -2.16917e-03 | 47  0.00584 -2.74620e-03 | 48  0.02509 -2.42513e-03
 49 -0.00511 -3.69564e-03 | 50 -0.02514 -4.63499e-03 | 51 -0.01933 -4.77588e-03
 52 -0.00753 -5.01717e-03 | 53  0.00235 -5.37300e-03 | 54  0.00308 -5.61918e-03
 55 -0.01675 -6.03736e-03 | 56 -0.03250 -6.10724e-03 | 57 -0.02569 -6.36522e-03
 58 -0.00805 -6.58238e-03 | 59  0.00797 -7.02631e-03 | 60 -0.01284 -6.85837e-03
 61 -0.00880 -7.04254e-03 | 62 -0.01595 -7.04317e-03 | 63 -0.01017 -6.96859e-03
 64 -0.01402 -6.73320e-03 | 65 -0.01507 -6.57619e-03 | 66 -0.00198 -1.23216e-04
 67 -0.00001 -7.19687e-05 | 68  0.00000  0.00000e+00 | 69 -0.80337  4.83859e-01
 70  0.13291 -5.12068e+01 | 71  0.12449 -2.35400e+02 | 72  0.18026 -4.05249e-02
 73 -0.21102  5.80188e-03 | 74  0.04551  2.21119e-02 | 75  0.11997  2.54016e+01
 76  0.10383  7.15113e+01 | 77  0.15801  1.47400e-01 | 78 -0.14381  8.68650e-03
 79 -0.19427  3.98126e-02 | 80  0.12753  5.63019e-03 | 81  0.07366  2.11614e-03
 82  0.12838 -6.49730e-03 | 83  0.00000 -6.97088e-31 | 84  0.02316  1.53266e-03
 85 -0.07827  4.95158e-03 | 86 -0.24516  3.31197e-06 | 87  0.10197 -3.74039e-03
 88  0.73170  1.05356e-03 | 89 -0.17161  1.76025e-03 | 90  0.08524  1.96816e-03
 91 -0.66409 -4.18679e-04 |
91 variables; iteration 300; function evaluation 389; phase 4
Function value 2.4405846e+02; maximum gradient component mag 1.9262e+02
Var    Value     Gradient |Var    Value     Gradient |Var    Value     Gradient
  1  0.01998  3.38229e+00 |  2 -0.01527  1.61182e+00 |  3 -0.02789  1.50640e-03
  4 -0.02422  2.22262e-03 |  5 -0.01735  2.07653e-03 |  6 -0.01605  2.32542e-03
  7 -0.01535  2.57926e-03 |  8 -0.00597  3.28153e-03 |  9 -0.00485  3.28046e-03
 10 -0.00364  3.45072e-03 | 11 -0.00766  4.17456e-03 | 12 -0.01907  3.78376e-03
 13 -0.02439  1.31238e-03 | 14 -0.01927  2.00481e-03 | 15 -0.01857  1.60850e-03
 16 -0.01602  7.89565e-04 | 17 -0.01006  1.65312e-03 | 18 -0.01049  1.20411e-03
 19  0.00112  2.23635e-03 | 20  0.01219  3.45006e-03 | 21 -0.01334  2.10745e-03
 22 -0.02708  3.79480e-04 | 23 -0.02304  7.42728e-04 | 24 -0.01397  1.25764e-03
 25  0.00165  2.13892e-03 | 26  0.00980  1.76828e-03 | 27 -0.00120  3.33931e-04
 28  0.01244  7.15940e-04 | 29  0.02419  4.12014e-04 | 30  0.01487  3.64895e-04
 31  0.03676  5.64451e-04 | 32  0.05673  2.04384e-03 | 33  0.01357 -2.14712e-04
 34  0.03276  8.85231e-04 | 35  0.03127  6.33072e-04 | 36  0.03025  1.02265e-03
 37  0.03921  2.55204e-03 | 38  0.01644  1.98580e-03 | 39 -0.00782  8.75693e-04
 40 -0.01380  6.19092e-04 | 41 -0.01885 -4.86359e-04 | 42 -0.00222 -1.83715e-04
 43  0.03081 -8.00009e-04 | 44  0.01583  1.97181e-04 | 45  0.00982 -3.07887e-04
 46  0.00315 -8.94837e-04 | 47  0.00584 -1.02871e-03 | 48  0.02509 -6.64920e-05
 49 -0.00511 -1.52540e-03 | 50 -0.02514 -1.26178e-03 | 51 -0.01933 -1.12398e-03
 52 -0.00753 -1.54327e-03 | 53  0.00235 -1.42192e-03 | 54  0.00308 -1.57395e-03
 55 -0.01675 -2.13562e-03 | 56 -0.03250 -2.27605e-03 | 57 -0.02569 -1.85927e-03
 58 -0.00805 -2.21675e-03 | 59  0.00797 -2.21038e-03 | 60 -0.01284 -2.52848e-03
 61 -0.00880 -1.71730e-03 | 62 -0.01595 -1.90778e-03 | 63 -0.01017 -2.84919e-03
 64 -0.01402 -1.93481e-03 | 65 -0.01507 -2.43521e-03 | 66 -0.00198  3.72964e-04
 67 -0.00001  1.16047e-04 | 68  0.00000  0.00000e+00 | 69 -0.80337  1.96315e+00
 70  0.13290 -1.50128e+01 | 71  0.12449 -6.89911e+01 | 72  0.18025 -4.97835e-03
 73 -0.17544  2.24041e-03 | 74  0.04551  4.49921e-03 | 75  0.11998  6.81066e+01
 76  0.10382  1.92617e+02 | 77  0.15801  6.19374e-01 | 78 -0.10496  3.85136e-02
 79 -0.19426  1.60175e-01 | 80  0.12753  3.50528e-03 | 81  0.07366  2.44700e-03
 82  0.12838 -3.15378e-03 | 83  0.00000 -6.97084e-31 | 84  0.02316  7.28938e-04
 85 -0.07827  1.09455e-03 | 86 -0.24498  1.09602e-05 | 87  0.10197 -1.35157e-03
 88  0.73170  1.46487e-04 | 89 -0.17161  6.56867e-04 | 90  0.08523  4.36926e-04
 91 -0.66409  5.96462e-05 |
91 variables; iteration 320; function evaluation 410; phase 4
Function value 2.4405843e+02; maximum gradient component mag -1.5722e+02
Var    Value     Gradient |Var    Value     Gradient |Var    Value     Gradient
  1  0.01998 -5.68901e-01 |  2 -0.01527 -5.68194e-01 |  3 -0.02788  4.41065e-03
  4 -0.02421  4.03207e-03 |  5 -0.01734  5.99529e-03 |  6 -0.01605  7.39003e-03
  7 -0.01534  8.07658e-03 |  8 -0.00596  9.28675e-03 |  9 -0.00484  9.96203e-03
 10 -0.00362  1.17770e-02 | 11 -0.00765  1.12208e-02 | 12 -0.01907  1.12670e-02
 13 -0.02439  2.18894e-03 | 14 -0.01927  2.70604e-03 | 15 -0.01857  3.15865e-03
 16 -0.01602  2.72705e-03 | 17 -0.01005  3.05217e-03 | 18 -0.01049  3.09296e-03
 19  0.00112  5.90955e-03 | 20  0.01220  8.56343e-03 | 21 -0.01334  4.35093e-03
 22 -0.02709  2.96177e-03 | 23 -0.02305  4.78745e-03 | 24 -0.01396  6.43263e-03
 25  0.00166  1.04137e-02 | 26  0.00979  1.28404e-02 | 27 -0.00121  8.83843e-03
 28  0.01243  8.67236e-03 | 29  0.02419  8.58079e-03 | 30  0.01486  4.75722e-03
 31  0.03676  6.82991e-03 | 32  0.05673  9.22112e-03 | 33  0.01357  1.98596e-03
 34  0.03276  4.34422e-03 | 35  0.03127  4.16144e-03 | 36  0.03024  3.55404e-03
 37  0.03921  6.13103e-03 | 38  0.01645  3.62360e-03 | 39 -0.00781  1.05076e-03
 40 -0.01380  1.23500e-03 | 41 -0.01886 -5.02727e-04 | 42 -0.00223  1.06801e-03
 43  0.03082  3.91547e-03 | 44  0.01582 -9.03528e-04 | 45  0.00982 -2.15000e-03
 46  0.00316 -2.72922e-03 | 47  0.00584 -3.61898e-03 | 48  0.02508 -3.63569e-03
 49 -0.00510 -4.36167e-03 | 50 -0.02514 -6.64280e-03 | 51 -0.01933 -6.23243e-03
 52 -0.00753 -6.51850e-03 | 53  0.00235 -7.53709e-03 | 54  0.00309 -6.87549e-03
 55 -0.01675 -8.16772e-03 | 56 -0.03249 -7.94174e-03 | 57 -0.02569 -8.64037e-03
 58 -0.00805 -8.20075e-03 | 59  0.00797 -9.50901e-03 | 60 -0.01283 -9.01727e-03
 61 -0.00880 -9.70331e-03 | 62 -0.01594 -9.66500e-03 | 63 -0.01017 -9.19120e-03
 64 -0.01402 -8.98551e-03 | 65 -0.01506 -9.15751e-03 | 66 -0.00198 -1.04698e-03
 67 -0.00001 -1.29988e-05 | 68  0.00000  0.00000e+00 | 69 -0.80344 -7.01942e-01
 70  0.13287 -3.41704e+01 | 71  0.12450 -1.57222e+02 | 72  0.18025 -6.38065e-02
 73 -0.15348  8.59079e-03 | 74  0.04550  3.45622e-02 | 75  0.11960 -1.92491e+01
 76  0.10395 -5.46224e+01 | 77  0.15786 -2.29816e-01 | 78 -0.08168 -1.46044e-02
 79 -0.19426 -5.65445e-02 | 80  0.12752  2.74146e-03 | 81  0.07367 -1.21197e-03
 82  0.12838 -5.24468e-03 | 83  0.00000 -6.97669e-31 | 84  0.02316  1.93970e-03
 85 -0.07827  8.47739e-03 | 86 -0.24658 -5.75502e-05 | 87  0.10197 -6.44162e-03
 88  0.73171  1.79654e-03 | 89 -0.17162  2.62645e-03 | 90  0.08523  2.26152e-03
 91 -0.66410 -3.52487e-04 |
91 variables; iteration 340; function evaluation 432; phase 4
Function value 2.4405839e+02; maximum gradient component mag 5.6285e+01
Var    Value     Gradient |Var    Value     Gradient |Var    Value     Gradient
  1  0.01998  1.90732e+00 |  2 -0.01526  6.66454e-01 |  3 -0.02788  1.76866e-03
  4 -0.02421  1.03136e-02 |  5 -0.01734  5.11640e-03 |  6 -0.01605  3.74965e-03
  7 -0.01535  4.48608e-03 |  8 -0.00596  9.06633e-03 |  9 -0.00484  7.75742e-03
 10 -0.00363  3.92703e-03 | 11 -0.00765  1.25152e-02 | 12 -0.01907  5.43453e-03
 13 -0.02439  2.29185e-04 | 14 -0.01927  1.21853e-03 | 15 -0.01857  9.22196e-04
 16 -0.01602 -1.43882e-03 | 17 -0.01005  3.00721e-03 | 18 -0.01049  1.64914e-03
 19  0.00111  1.44570e-03 | 20  0.01219  4.79855e-03 | 21 -0.01334  3.65345e-03
 22 -0.02709  2.52122e-03 | 23 -0.02305  1.29566e-03 | 24 -0.01396  7.10953e-03
 25  0.00166  1.36247e-02 | 26  0.00979  1.25470e-02 | 27 -0.00121  8.81971e-03
 28  0.01243  9.64151e-03 | 29  0.02419  8.28881e-03 | 30  0.01486  6.12912e-03
 31  0.03676  8.08057e-03 | 32  0.05673  1.39151e-02 | 33  0.01357  4.65790e-03
 34  0.03276  5.98765e-03 | 35  0.03127  8.04805e-03 | 36  0.03024  8.73221e-03
 37  0.03921  1.11609e-02 | 38  0.01644  3.74530e-03 | 39 -0.00782  3.36707e-03
 40 -0.01380  6.82730e-04 | 41 -0.01885  4.56360e-03 | 42 -0.00223  2.96274e-03
 43  0.03081  1.73306e-03 | 44  0.01583  3.57732e-03 | 45  0.00982  5.99327e-05
 46  0.00315 -8.07340e-03 | 47  0.00584 -5.79198e-03 | 48  0.02509 -6.18270e-04
 49 -0.00511 -1.06656e-02 | 50 -0.02514 -5.43211e-03 | 51 -0.01933 -5.88562e-03
 52 -0.00753 -9.34176e-03 | 53  0.00235 -6.46673e-03 | 54  0.00309 -1.19716e-02
 55 -0.01675 -9.06160e-03 | 56 -0.03250 -1.19111e-02 | 57 -0.02569 -8.11541e-03
 58 -0.00805 -1.33869e-02 | 59  0.00797 -1.03469e-02 | 60 -0.01284 -1.18458e-02
 61 -0.00880 -8.65744e-03 | 62 -0.01594 -8.50195e-03 | 63 -0.01017 -1.19340e-02
 64 -0.01401 -7.10690e-03 | 65 -0.01506 -5.59689e-03 | 66 -0.00197  7.98429e-03
 67 -0.00001  1.97421e-05 | 68  0.00000  0.00000e+00 | 69 -0.80341  8.03745e-01
 70  0.13286 -1.11935e+01 | 71  0.12451 -5.14776e+01 | 72  0.18024 -3.62728e-02
 73 -0.10720  4.99154e-03 | 74  0.04551  2.50879e-02 | 75  0.11976  1.97619e+01
 76  0.10389  5.62852e+01 | 77  0.15792  2.50995e-01 | 78 -0.08047  1.44609e-02
 79 -0.19424  6.82079e-02 | 80  0.12752  2.77709e-02 | 81  0.07367  1.92470e-02
 82  0.12838 -2.40302e-02 | 83  0.00000 -6.95293e-31 | 84  0.02316  2.90959e-03
 85 -0.07827  1.50716e-03 | 86 -0.24222  1.36760e-04 | 87  0.10197 -2.01612e-04
 88  0.73171  3.87071e-04 | 89 -0.17161  2.61194e-03 | 90  0.08523  4.71079e-03
 91 -0.66410 -1.41580e-03 |
91 variables; iteration 360; function evaluation 454; phase 4
Function value 2.4405838e+02; maximum gradient component mag -2.2712e+01
Var    Value     Gradient |Var    Value     Gradient |Var    Value     Gradient
  1  0.01998  3.65527e-01 |  2 -0.01527  3.44017e-02 |  3 -0.02788  1.70923e-03
  4 -0.02422  3.58490e-03 |  5 -0.01734  2.99934e-03 |  6 -0.01605  3.00060e-03
  7 -0.01535  3.36287e-03 |  8 -0.00596  4.73033e-03 |  9 -0.00484  4.68582e-03
 10 -0.00363  4.33001e-03 | 11 -0.00765  5.99400e-03 | 12 -0.01907  4.55231e-03
 13 -0.02439  6.86349e-04 | 14 -0.01927  1.11813e-03 | 15 -0.01857  1.02628e-03
 16 -0.01602  5.02885e-04 | 17 -0.01005  1.43318e-03 | 18 -0.01049  1.26638e-03
 19  0.00112  2.05121e-03 | 20  0.01220  3.60582e-03 | 21 -0.01334  2.14869e-03
 22 -0.02709  1.47064e-03 | 23 -0.02305  1.57164e-03 | 24 -0.01396  3.43160e-03
 25  0.00166  6.15557e-03 | 26  0.00979  6.54408e-03 | 27 -0.00121  4.59951e-03
 28  0.01243  4.72818e-03 | 29  0.02419  4.41321e-03 | 30  0.01486  2.91922e-03
 31  0.03676  3.82630e-03 | 32  0.05673  5.98763e-03 | 33  0.01357  1.68324e-03
 34  0.03276  2.75878e-03 | 35  0.03127  3.11528e-03 | 36  0.03024  3.14191e-03
 37  0.03921  4.52437e-03 | 38  0.01645  1.91584e-03 | 39 -0.00782  1.16413e-03
 40 -0.01380  5.24041e-04 | 41 -0.01885  8.82388e-04 | 42 -0.00223  9.04142e-04
 43  0.03082  1.39203e-03 | 44  0.01582  5.75959e-04 | 45  0.00982 -6.45627e-04
 46  0.00315 -2.64021e-03 | 47  0.00584 -2.39858e-03 | 48  0.02509 -1.22303e-03
 49 -0.00511 -3.71621e-03 | 50 -0.02514 -3.08998e-03 | 51 -0.01933 -3.30792e-03
 52 -0.00753 -4.07095e-03 | 53  0.00235 -3.63453e-03 | 54  0.00309 -4.69134e-03
 55 -0.01675 -4.38996e-03 | 56 -0.03250 -4.91361e-03 | 57 -0.02569 -4.33316e-03
 58 -0.00805 -5.48099e-03 | 59  0.00797 -5.09053e-03 | 60 -0.01284 -5.29182e-03
 61 -0.00880 -4.81228e-03 | 62 -0.01594 -4.79172e-03 | 63 -0.01017 -5.37836e-03
 64 -0.01402 -4.37484e-03 | 65 -0.01506 -4.02799e-03 | 66 -0.00198  1.47006e-03
 67 -0.00001 -9.60829e-05 | 68  0.00000  0.00000e+00 | 69 -0.80341  3.70921e-02
 70  0.13287 -4.92991e+00 | 71  0.12451 -2.27122e+01 | 72  0.18025 -2.59012e-02
 73 -0.07425  3.38639e-03 | 74  0.04551  1.56952e-02 | 75  0.11973  1.02165e+00
 76  0.10390  2.95883e+00 | 77  0.15791  8.02809e-03 | 78 -0.08408  3.33236e-04
 79 -0.19426  3.83527e-03 | 80  0.12752  9.00736e-03 | 81  0.07367  5.62953e-03
 82  0.12838 -7.90747e-03 | 83  0.00000 -6.96839e-31 | 84  0.02316  1.71965e-03
 85 -0.07827  2.86506e-03 | 86 -0.24463  2.67292e-05 | 87  0.10197 -1.98463e-03
 88  0.73171  6.14074e-04 | 89 -0.17161  1.30611e-03 | 90  0.08523  1.67977e-03
 91 -0.66410 -4.26675e-04 |
91 variables; iteration 380; function evaluation 475; phase 4
Function value 2.4405837e+02; maximum gradient component mag 3.1264e+00
Var    Value     Gradient |Var    Value     Gradient |Var    Value     Gradient
  1  0.01998  4.83026e-02 |  2 -0.01527  1.22130e-02 |  3 -0.02788  1.79307e-04
  4 -0.02422  2.19021e-04 |  5 -0.01734  2.61317e-04 |  6 -0.01605  2.90329e-04
  7 -0.01535  3.20765e-04 |  8 -0.00597  3.85210e-04 |  9 -0.00484  4.24491e-04
 10 -0.00363  4.58561e-04 | 11 -0.00765  4.85578e-04 | 12 -0.01907  4.53463e-04
 13 -0.02439  8.84340e-05 | 14 -0.01927  1.24842e-04 | 15 -0.01857  1.10059e-04
 16 -0.01602  1.04074e-04 | 17 -0.01006  1.24175e-04 | 18 -0.01049  1.37978e-04
 19  0.00112  2.29517e-04 | 20  0.01220  3.42933e-04 | 21 -0.01334  1.91045e-04
 22 -0.02709  1.22464e-04 | 23 -0.02305  1.57848e-04 | 24 -0.01396  2.67098e-04
 25  0.00166  4.41714e-04 | 26  0.00979  5.10230e-04 | 27 -0.00121  3.57395e-04
 28  0.01243  3.52957e-04 | 29  0.02419  3.57832e-04 | 30  0.01486  2.15728e-04
 31  0.03676  2.94652e-04 | 32  0.05673  4.04792e-04 | 33  0.01357  1.07950e-04
 34  0.03276  1.96598e-04 | 35  0.03127  1.87774e-04 | 36  0.03024  1.96636e-04
 37  0.03921  3.15297e-04 | 38  0.01645  1.92555e-04 | 39 -0.00782  8.58870e-05
 40 -0.01380  5.25816e-05 | 41 -0.01885  1.99920e-05 | 42 -0.00223  3.62062e-05
 43  0.03082  1.36469e-04 | 44  0.01582 -3.24922e-06 | 45  0.00982 -7.36850e-05
 46  0.00315 -1.26592e-04 | 47  0.00584 -1.57405e-04 | 48  0.02509 -1.43727e-04
 49 -0.00510 -2.23800e-04 | 50 -0.02514 -2.65693e-04 | 51 -0.01933 -2.85762e-04
 52 -0.00753 -2.91530e-04 | 53  0.00235 -3.11007e-04 | 54  0.00309 -3.40757e-04
 55 -0.01675 -3.45042e-04 | 56 -0.03249 -3.55116e-04 | 57 -0.02569 -3.67253e-04
 58 -0.00805 -3.94542e-04 | 59  0.00797 -4.00587e-04 | 60 -0.01284 -4.06664e-04
 61 -0.00880 -4.11900e-04 | 62 -0.01594 -4.05357e-04 | 63 -0.01017 -3.98933e-04
 64 -0.01402 -3.89530e-04 | 65 -0.01506 -3.56923e-04 | 66 -0.00198  4.52671e-06
 67 -0.00001 -2.13634e-06 | 68  0.00000  0.00000e+00 | 69 -0.80341  1.45268e-02
 70  0.13288 -4.72965e-01 | 71  0.12451 -2.17849e+00 | 72  0.18025 -2.36498e-03
 73 -0.05645  1.78917e-04 | 74  0.04551  1.24246e-03 | 75  0.11974  1.08827e+00
 76  0.10390  3.12643e+00 | 77  0.15792  4.23800e-03 | 78 -0.09217  2.68328e-04
 79 -0.19426  1.19917e-03 | 80  0.12752  2.79362e-04 | 81  0.07367  7.42544e-05
 82  0.12838 -3.69335e-04 | 83  0.00000 -6.97486e-31 | 84  0.02316  1.01625e-04
 85 -0.07827  3.17417e-04 | 86 -0.24521  1.00320e-06 | 87  0.10197 -2.36175e-04
 88  0.73171  6.61638e-05 | 89 -0.17161  1.06464e-04 | 90  0.08523  1.20751e-04
 91 -0.66410 -2.52169e-05 |
91 variables; iteration 400; function evaluation 496; phase 4
Function value 2.4405837e+02; maximum gradient component mag 6.3558e+01
Var    Value     Gradient |Var    Value     Gradient |Var    Value     Gradient
  1  0.01998  1.39585e+00 |  2 -0.01527  6.33289e-01 |  3 -0.02788  5.30248e-04
  4 -0.02422  2.25829e-03 |  5 -0.01735  1.25978e-03 |  6 -0.01605  1.19881e-03
  7 -0.01535  1.15807e-03 |  8 -0.00597  2.53408e-03 |  9 -0.00484  2.18994e-03
 10 -0.00363  1.57614e-03 | 11 -0.00765  3.26829e-03 | 12 -0.01907  1.58619e-03
 13 -0.02439  5.60890e-04 | 14 -0.01927  4.45982e-04 | 15 -0.01857  7.80526e-04
 16 -0.01602  1.95782e-04 | 17 -0.01006  9.64417e-04 | 18 -0.01049  5.44602e-04
 19  0.00112  6.74968e-04 | 20  0.01219  1.56336e-03 | 21 -0.01334  8.44083e-04
 22 -0.02709  5.20858e-04 | 23 -0.02305  3.40826e-04 | 24 -0.01396  1.71509e-03
 25  0.00166  3.07178e-03 | 26  0.00979  2.82216e-03 | 27 -0.00120  1.97606e-03
 28  0.01244  2.20870e-03 | 29  0.02419  2.04884e-03 | 30  0.01486  1.40612e-03
 31  0.03676  1.92289e-03 | 32  0.05673  3.21547e-03 | 33  0.01357  1.37028e-03
 34  0.03276  1.51973e-03 | 35  0.03127  2.02454e-03 | 36  0.03024  2.02933e-03
 37  0.03921  2.81473e-03 | 38  0.01644  1.04102e-03 | 39 -0.00782  1.15977e-03
 40 -0.01380  1.87132e-04 | 41 -0.01885  6.28536e-04 | 42 -0.00222  1.52819e-04
 43  0.03082  1.50177e-04 | 44  0.01582  5.35548e-04 | 45  0.00982  2.11811e-04
 46  0.00315 -1.84368e-03 | 47  0.00584 -1.25107e-03 | 48  0.02509 -3.26248e-04
 49 -0.00511 -2.42091e-03 | 50 -0.02514 -1.41287e-03 | 51 -0.01933 -1.59654e-03
 52 -0.00753 -2.43104e-03 | 53  0.00235 -1.79404e-03 | 54  0.00309 -2.64931e-03
 55 -0.01675 -2.20645e-03 | 56 -0.03250 -2.82246e-03 | 57 -0.02569 -2.20881e-03
 58 -0.00805 -3.43404e-03 | 59  0.00797 -2.90686e-03 | 60 -0.01284 -2.71840e-03
 61 -0.00880 -2.15221e-03 | 62 -0.01594 -2.23829e-03 | 63 -0.01017 -2.88155e-03
 64 -0.01402 -1.76920e-03 | 65 -0.01507 -1.25581e-03 | 66 -0.00198  1.73038e-03
 67 -0.00001 -5.59757e-05 | 68  0.00000  0.00000e+00 | 69 -0.80340  7.70438e-01
 70  0.13290 -8.23331e-01 | 71  0.12451 -3.83090e+00 | 72  0.18025 -9.77473e-03
 73 -0.05517  5.46766e-04 | 74  0.04551  2.32083e-03 | 75  0.11981  2.23872e+01
 76  0.10387  6.35577e+01 | 77  0.15794  2.41845e-01 | 78 -0.08505  1.55497e-02
 79 -0.19426  6.31367e-02 | 80  0.12752  5.35027e-03 | 81  0.07366  3.02907e-03
 82  0.12838 -5.15168e-03 | 83  0.00000 -6.97087e-31 | 84  0.02316  5.83689e-04
 85 -0.07827 -8.71692e-08 | 86 -0.24421  4.54392e-05 | 87  0.10197  7.53656e-04
 88  0.73171  1.43267e-04 | 89 -0.17161  3.27427e-04 | 90  0.08523  1.51402e-03
 91 -0.66410 -3.78826e-04 |
91 variables; iteration 420; function evaluation 518; phase 4
Function value 2.4405835e+02; maximum gradient component mag 3.4149e+01
Var    Value     Gradient |Var    Value     Gradient |Var    Value     Gradient
  1  0.01998  1.06991e+00 |  2 -0.01527  3.85457e-01 |  3 -0.02788  2.27887e-03
  4 -0.02422  2.60594e-03 |  5 -0.01734  3.27144e-03 |  6 -0.01605  3.68077e-03
  7 -0.01535  4.09774e-03 |  8 -0.00597  4.85867e-03 |  9 -0.00484  5.33092e-03
 10 -0.00363  5.90203e-03 | 11 -0.00765  6.07642e-03 | 12 -0.01907  5.79001e-03
 13 -0.02439  1.14304e-03 | 14 -0.01927  1.61570e-03 | 15 -0.01857  1.52573e-03
 16 -0.01602  1.40431e-03 | 17 -0.01006  1.61001e-03 | 18 -0.01049  1.67742e-03
 19  0.00112  2.96766e-03 | 20  0.01219  4.44035e-03 | 21 -0.01334  2.38776e-03
 22 -0.02709  1.40967e-03 | 23 -0.02305  2.01067e-03 | 24 -0.01396  3.20190e-03
 25  0.00166  5.32882e-03 | 26  0.00979  6.16583e-03 | 27 -0.00121  4.15725e-03
 28  0.01243  4.16272e-03 | 29  0.02419  4.20218e-03 | 30  0.01486  2.52029e-03
 31  0.03676  3.52433e-03 | 32  0.05673  4.90776e-03 | 33  0.01357  1.20716e-03
 34  0.03276  2.42244e-03 | 35  0.03127  2.27009e-03 | 36  0.03024  2.37052e-03
 37  0.03921  4.01200e-03 | 38  0.01644  2.62925e-03 | 39 -0.00782  1.10601e-03
 40 -0.01380  8.15437e-04 | 41 -0.01885  7.81063e-05 | 42 -0.00223  4.15833e-04
 43  0.03082  1.61379e-03 | 44  0.01582 -7.88097e-05 | 45  0.00982 -9.06031e-04
 46  0.00315 -1.44968e-03 | 47  0.00584 -1.91835e-03 | 48  0.02509 -1.74348e-03
 49 -0.00511 -2.63673e-03 | 50 -0.02514 -3.31991e-03 | 51 -0.01933 -3.45735e-03
 52 -0.00753 -3.54006e-03 | 53  0.00235 -3.84677e-03 | 54  0.00309 -4.06909e-03
 55 -0.01675 -4.32345e-03 | 56 -0.03249 -4.37585e-03 | 57 -0.02569 -4.56302e-03
 58 -0.00805 -4.72349e-03 | 59  0.00797 -5.01240e-03 | 60 -0.01284 -4.96664e-03
 61 -0.00880 -5.02873e-03 | 62 -0.01594 -4.99317e-03 | 63 -0.01017 -4.96231e-03
 64 -0.01402 -4.80391e-03 | 65 -0.01507 -4.61866e-03 | 66 -0.00198 -1.51049e-04
 67 -0.00001  1.19692e-05 | 68  0.00000  0.00000e+00 | 69 -0.80341  4.65683e-01
 70  0.13288 -2.09746e+00 | 71  0.12452 -9.70783e+00 | 72  0.18025 -2.81000e-02
 73 -0.01926  3.35382e-03 | 74  0.04551  1.52031e-02 | 75  0.11977  1.20048e+01
 76  0.10388  3.41488e+01 | 77  0.15793  1.43027e-01 | 78 -0.06143  1.07413e-02
 79 -0.19426  3.81136e-02 | 80  0.12752  3.65826e-03 | 81  0.07366  1.12660e-03
 82  0.12838 -4.67560e-03 | 83  0.00000 -6.97333e-31 | 84  0.02316  1.11045e-03
 85 -0.07827  3.67422e-03 | 86 -0.24532 -3.73808e-06 | 87  0.10197 -2.78333e-03
 88  0.73171  7.62557e-04 | 89 -0.17161  1.29250e-03 | 90  0.08523  1.46076e-03
 91 -0.66410 -2.84437e-04 |
91 variables; iteration 440; function evaluation 542; phase 4
Function value 2.4405835e+02; maximum gradient component mag 1.9040e+01
Var    Value     Gradient |Var    Value     Gradient |Var    Value     Gradient
  1  0.01998  6.57955e-01 |  2 -0.01527  2.53982e-01 |  3 -0.02788  1.08178e-03
  4 -0.02422  1.47391e-03 |  5 -0.01734  1.62984e-03 |  6 -0.01605  1.80231e-03
  7 -0.01535  1.96375e-03 |  8 -0.00597  2.53813e-03 |  9 -0.00484  2.70259e-03
 10 -0.00363  2.84745e-03 | 11 -0.00765  3.15498e-03 | 12 -0.01907  2.79172e-03
 13 -0.02439  6.07220e-04 | 14 -0.01927  7.98340e-04 | 15 -0.01857  7.98898e-04
 16 -0.01602  6.68763e-04 | 17 -0.01006  8.70242e-04 | 18 -0.01049  8.36924e-04
 19  0.00112  1.40328e-03 | 20  0.01219  2.18144e-03 | 21 -0.01334  1.18879e-03
 22 -0.02709  6.99269e-04 | 23 -0.02305  9.34570e-04 | 24 -0.01396  1.67757e-03
 25  0.00166  2.82093e-03 | 26  0.00979  3.17447e-03 | 27 -0.00121  2.16450e-03
 28  0.01243  2.19768e-03 | 29  0.02419  2.19311e-03 | 30  0.01486  1.34255e-03
 31  0.03676  1.84376e-03 | 32  0.05673  2.62238e-03 | 33  0.01357  7.73240e-04
 34  0.03276  1.33142e-03 | 35  0.03127  1.30597e-03 | 36  0.03024  1.35834e-03
 37  0.03921  2.17855e-03 | 38  0.01644  1.29540e-03 | 39 -0.00782  6.47791e-04
 40 -0.01380  3.65132e-04 | 41 -0.01885  1.22921e-04 | 42 -0.00223  1.98949e-04
 43  0.03082  7.41153e-04 | 44  0.01582  4.54713e-05 | 45  0.00982 -3.58167e-04
 46  0.00315 -9.24527e-04 | 47  0.00584 -1.03670e-03 | 48  0.02509 -8.44569e-04
 49 -0.00511 -1.53542e-03 | 50 -0.02514 -1.67472e-03 | 51 -0.01933 -1.81347e-03
 52 -0.00753 -1.94934e-03 | 53  0.00235 -1.98653e-03 | 54  0.00309 -2.19647e-03
 55 -0.01675 -2.22842e-03 | 56 -0.03250 -2.35166e-03 | 57 -0.02569 -2.36163e-03
 58 -0.00805 -2.64005e-03 | 59  0.00797 -2.66794e-03 | 60 -0.01284 -2.61150e-03
 61 -0.00880 -2.54121e-03 | 62 -0.01594 -2.54958e-03 | 63 -0.01017 -2.62969e-03
 64 -0.01402 -2.40369e-03 | 65 -0.01507 -2.20512e-03 | 66 -0.00198  1.78919e-04
 67 -0.00001  2.93851e-06 | 68  0.00000  0.00000e+00 | 69 -0.80340  3.07494e-01
 70  0.13288 -5.52210e-01 | 71  0.12453 -2.57771e+00 | 72  0.18025 -1.41185e-02
 73  0.00677  1.41226e-03 | 74  0.04551  6.84895e-03 | 75  0.11978  6.68261e+00
 76  0.10387  1.90405e+01 | 77  0.15793  9.51046e-02 | 78 -0.04189  7.35483e-03
 79 -0.19426  2.51739e-02 | 80  0.12752  2.25350e-03 | 81  0.07366  7.74233e-04
 82  0.12838 -2.78048e-03 | 83  0.00000 -6.97374e-31 | 84  0.02316  5.61998e-04
 85 -0.07827  1.58469e-03 | 86 -0.24510  5.86801e-06 | 87  0.10197 -1.05158e-03
 88  0.73171  3.57297e-04 | 89 -0.17161  5.81049e-04 | 90  0.08523  9.08338e-04
 91 -0.66410 -1.82204e-04 |
91 variables; iteration 460; function evaluation 566; phase 4
Function value 2.4405835e+02; maximum gradient component mag 2.7286e+00
Var    Value     Gradient |Var    Value     Gradient |Var    Value     Gradient
  1  0.01998  8.91758e-02 |  2 -0.01527  3.76615e-02 |  3 -0.02788  9.65800e-05
  4 -0.02422  1.48518e-04 |  5 -0.01734  1.52307e-04 |  6 -0.01605  1.71084e-04
  7 -0.01535  1.75904e-04 |  8 -0.00597  2.53920e-04 |  9 -0.00484  2.63043e-04
 10 -0.00363  2.71978e-04 | 11 -0.00765  3.10955e-04 | 12 -0.01907  2.55635e-04
 13 -0.02439  7.16781e-05 | 14 -0.01927  7.30068e-05 | 15 -0.01857  8.81689e-05
 16 -0.01602  7.32677e-05 | 17 -0.01006  8.93316e-05 | 18 -0.01049  8.12221e-05
 19  0.00112  1.30290e-04 | 20  0.01219  2.08143e-04 | 21 -0.01334  1.06376e-04
 22 -0.02709  6.47244e-05 | 23 -0.02305  8.09622e-05 | 24 -0.01396  1.65358e-04
 25  0.00166  2.75544e-04 | 26  0.00979  3.01005e-04 | 27 -0.00121  2.12098e-04
 28  0.01243  2.17731e-04 | 29  0.02419  2.20642e-04 | 30  0.01486  1.36013e-04
 31  0.03676  1.83051e-04 | 32  0.05673  2.63043e-04 | 33  0.01357  9.62959e-05
 34  0.03276  1.37682e-04 | 35  0.03127  1.43211e-04 | 36  0.03024  1.43104e-04
 37  0.03921  2.24329e-04 | 38  0.01644  1.18708e-04 | 39 -0.00782  8.06036e-05
 40 -0.01380  3.03860e-05 | 41 -0.01885  1.03647e-05 | 42 -0.00223  4.25336e-06
 43  0.03082  5.86303e-05 | 44  0.01582  5.64529e-06 | 45  0.00982 -1.94656e-05
 46  0.00315 -1.02589e-04 | 47  0.00584 -1.00132e-04 | 48  0.02509 -8.27839e-05
 49 -0.00511 -1.60799e-04 | 50 -0.02514 -1.60616e-04 | 51 -0.01933 -1.82833e-04
 52 -0.00753 -2.04838e-04 | 53  0.00235 -1.98250e-04 | 54  0.00309 -2.16986e-04
 55 -0.01675 -2.16464e-04 | 56 -0.03250 -2.33302e-04 | 57 -0.02569 -2.35743e-04
 58 -0.00805 -2.80070e-04 | 59  0.00797 -2.76703e-04 | 60 -0.01284 -2.51411e-04
 61 -0.00880 -2.45190e-04 | 62 -0.01594 -2.51240e-04 | 63 -0.01017 -2.58912e-04
 64 -0.01402 -2.28312e-04 | 65 -0.01507 -1.94072e-04 | 66 -0.00198  3.78848e-05
 67 -0.00001 -4.63366e-06 | 68  0.00000  0.00000e+00 | 69 -0.80341  4.57197e-02
 70  0.13288  1.12915e-02 | 71  0.12454  4.65312e-02 | 72  0.18025 -1.39954e-03
 73  0.02262  7.94416e-05 | 74  0.04551  4.77214e-04 | 75  0.11978  9.56977e-01
 76  0.10387  2.72856e+00 | 77  0.15793  1.42269e-02 | 78 -0.02818  1.10924e-03
 79 -0.19426  3.73336e-03 | 80  0.12752  2.21642e-04 | 81  0.07366  5.63539e-05
 82  0.12838 -2.80777e-04 | 83  0.00000 -6.97466e-31 | 84  0.02316  5.47014e-05
 85 -0.07827  1.22458e-04 | 86 -0.24519  1.90969e-06 | 87  0.10197 -5.22810e-05
 88  0.73171  3.38745e-05 | 89 -0.17161  4.21307e-05 | 90  0.08523  1.10926e-04
 91 -0.66410 -2.24698e-05 |
91 variables; iteration 480; function evaluation 588; phase 4
Function value 2.4405835e+02; maximum gradient component mag 3.7208e+00
Var    Value     Gradient |Var    Value     Gradient |Var    Value     Gradient
  1  0.01998  8.58655e-02 |  2 -0.01527  4.94215e-02 |  3 -0.02788 -2.68459e-05
  4 -0.02422 -2.07315e-04 |  5 -0.01734 -1.12087e-04 |  6 -0.01605 -1.14705e-04
  7 -0.01535 -7.88136e-05 |  8 -0.00597 -2.80068e-04 |  9 -0.00484 -2.40936e-04
 10 -0.00363 -1.53794e-04 | 11 -0.00765 -2.99756e-04 | 12 -0.01907 -1.26507e-04
 13 -0.02439 -4.71194e-05 | 14 -0.01927 -3.30787e-06 | 15 -0.01857 -6.01358e-05
 16 -0.01602 -2.50936e-05 | 17 -0.01006 -9.53098e-05 | 18 -0.01049 -5.20899e-05
 19  0.00112 -1.82219e-05 | 20  0.01219 -9.71209e-05 | 21 -0.01334 -6.14264e-05
 22 -0.02709 -7.83205e-05 | 23 -0.02305 -6.75542e-05 | 24 -0.01396 -2.41884e-04
 25  0.00166 -4.25569e-04 | 26  0.00979 -4.69342e-04 | 27 -0.00121 -3.85029e-04
 28  0.01243 -3.93434e-04 | 29  0.02419 -3.68195e-04 | 30  0.01486 -2.40258e-04
 31  0.03676 -2.80415e-04 | 32  0.05673 -3.82765e-04 | 33  0.01357 -2.32828e-04
 34  0.03276 -2.42012e-04 | 35  0.03127 -2.74703e-04 | 36  0.03024 -2.48093e-04
 37  0.03921 -2.58800e-04 | 38  0.01644 -2.77426e-06 | 39 -0.00782 -6.76934e-05
 40 -0.01380  2.50435e-05 | 41 -0.01885 -9.38539e-05 | 42 -0.00223 -6.45847e-05
 43  0.03082 -1.10425e-04 | 44  0.01582 -6.73370e-05 | 45  0.00982 -2.37847e-05
 46  0.00315  2.47826e-04 | 47  0.00584  1.64247e-04 | 48  0.02509  1.02448e-04
 49 -0.00510  3.01306e-04 | 50 -0.02514  1.80714e-04 | 51 -0.01933  2.60373e-04
 52 -0.00753  3.32859e-04 | 53  0.00235  2.60436e-04 | 54  0.00309  3.25774e-04
 55 -0.01675  2.59002e-04 | 56 -0.03249  3.27237e-04 | 57 -0.02569  2.92503e-04
 58 -0.00805  4.58791e-04 | 59  0.00797  3.87587e-04 | 60 -0.01284  3.26980e-04
 61 -0.00880  2.75961e-04 | 62 -0.01594  2.98575e-04 | 63 -0.01017  3.40892e-04
 64 -0.01402  2.35257e-04 | 65 -0.01507  1.22875e-04 | 66 -0.00198 -1.85099e-04
 67 -0.00001  1.02590e-05 | 68  0.00000  0.00000e+00 | 69 -0.80341  6.05719e-02
 70  0.13288  5.47926e-02 | 71  0.12454  2.64353e-01 | 72  0.18025  2.04161e-03
 73  0.02735 -7.09639e-05 | 74  0.04551 -2.91775e-04 | 75  0.11978  1.30584e+00
 76  0.10386  3.72080e+00 | 77  0.15793  1.92954e-02 | 78 -0.02306  1.68034e-03
 79 -0.19426  4.87195e-03 | 80  0.12752 -3.99640e-04 | 81  0.07366 -9.86472e-05
 82  0.12838  5.07123e-04 | 83  0.00000 -6.97491e-31 | 84  0.02316 -4.39375e-05
 85 -0.07827  9.45640e-06 | 86 -0.24542 -7.92668e-06 | 87  0.10197 -1.61265e-04
 88  0.73171 -2.76206e-05 | 89 -0.17161  6.31732e-06 | 90  0.08523 -2.30342e-04
 91 -0.66410  4.91248e-05 |
91 variables; iteration 500; function evaluation 612; phase 4
Function value 2.4405835e+02; maximum gradient component mag -2.7138e+00
Var    Value     Gradient |Var    Value     Gradient |Var    Value     Gradient
  1  0.01998  2.39615e-01 |  2 -0.01527  3.18969e-02 |  3 -0.02788  1.20480e-03
  4 -0.02422  1.65790e-03 |  5 -0.01734  1.85255e-03 |  6 -0.01605  2.04131e-03
  7 -0.01535  2.23044e-03 |  8 -0.00597  2.87462e-03 |  9 -0.00484  3.07491e-03
 10 -0.00363  3.21793e-03 | 11 -0.00765  3.53454e-03 | 12 -0.01907  3.14444e-03
 13 -0.02439  5.85552e-04 | 14 -0.01927  7.96669e-04 | 15 -0.01857  7.93645e-04
 16 -0.01602  7.08670e-04 | 17 -0.01006  9.25010e-04 | 18 -0.01049  9.23822e-04
 19  0.00112  1.52056e-03 | 20  0.01219  2.38161e-03 | 21 -0.01334  1.31507e-03
 22 -0.02709  8.71957e-04 | 23 -0.02305  1.15482e-03 | 24 -0.01396  2.02635e-03
 25  0.00166  3.43541e-03 | 26  0.00979  3.95405e-03 | 27 -0.00121  2.79132e-03
 28  0.01243  2.78719e-03 | 29  0.02419  2.75315e-03 | 30  0.01486  1.68978e-03
 31  0.03676  2.26323e-03 | 32  0.05673  3.14389e-03 | 33  0.01357  9.50641e-04
 34  0.03276  1.60647e-03 | 35  0.03127  1.57955e-03 | 36  0.03024  1.59664e-03
 37  0.03921  2.43645e-03 | 38  0.01644  1.32603e-03 | 39 -0.00782  6.21323e-04
 40 -0.01380  3.80134e-04 | 41 -0.01885  2.39401e-04 | 42 -0.00223  3.89363e-04
 43  0.03082  1.07955e-03 | 44  0.01582  7.99861e-05 | 45  0.00982 -4.67182e-04
 46  0.00315 -1.12818e-03 | 47  0.00584 -1.25397e-03 | 48  0.02509 -1.05127e-03
 49 -0.00511 -1.81609e-03 | 50 -0.02514 -1.98634e-03 | 51 -0.01933 -2.17290e-03
 52 -0.00753 -2.30730e-03 | 53  0.00235 -2.36059e-03 | 54  0.00309 -2.61923e-03
 55 -0.01675 -2.62484e-03 | 56 -0.03250 -2.74998e-03 | 57 -0.02569 -2.77634e-03
 58 -0.00805 -3.09457e-03 | 59  0.00797 -3.12767e-03 | 60 -0.01284 -3.06991e-03
 61 -0.00880 -3.03322e-03 | 62 -0.01594 -3.02824e-03 | 63 -0.01017 -3.06735e-03
 64 -0.01402 -2.85514e-03 | 65 -0.01507 -2.61173e-03 | 66 -0.00198  1.92717e-04
 67 -0.00001 -9.68007e-06 | 68  0.00000  0.00000e+00 | 69 -0.80340  3.61298e-02
 70  0.13289 -5.79493e-01 | 71  0.12453 -2.71383e+00 | 72  0.18025 -1.77797e-02
 73  0.01541  1.76248e-03 | 74  0.04551  8.95919e-03 | 75  0.11978  5.77207e-01
 76  0.10386  1.64826e+00 | 77  0.15793  9.16748e-03 | 78 -0.00929  8.67834e-04
 79 -0.19426  3.16753e-03 | 80  0.12752  2.51884e-03 | 81  0.07366  8.22049e-04
 82  0.12838 -3.15368e-03 | 83  0.00000 -6.97367e-31 | 84  0.02316  6.34516e-04
 85 -0.07827  1.98253e-03 | 86 -0.24507  7.03014e-06 | 87  0.10197 -1.32953e-03
 88  0.73171  4.41678e-04 | 89 -0.17161  7.00921e-04 | 90  0.08523  1.04467e-03
 91 -0.66410 -2.17653e-04 |
91 variables; iteration 520; function evaluation 632; phase 4
Function value 2.4405834e+02; maximum gradient component mag 6.3729e-01
Var    Value     Gradient |Var    Value     Gradient |Var    Value     Gradient
  1  0.01998  1.10280e-02 |  2 -0.01527  1.02947e-02 |  3 -0.02788 -6.93243e-05
  4 -0.02422 -7.47323e-05 |  5 -0.01734 -9.99098e-05 |  6 -0.01605 -1.12034e-04
  7 -0.01535 -1.27434e-04 |  8 -0.00597 -1.44623e-04 |  9 -0.00484 -1.60626e-04
 10 -0.00363 -1.78647e-04 | 11 -0.00765 -1.78134e-04 | 12 -0.01907 -1.76935e-04
 13 -0.02439 -2.40918e-05 | 14 -0.01927 -4.15726e-05 | 15 -0.01857 -3.64192e-05
 16 -0.01602 -3.72031e-05 | 17 -0.01006 -4.29336e-05 | 18 -0.01049 -4.79391e-05
 19  0.00112 -8.56492e-05 | 20  0.01219 -1.27748e-04 | 21 -0.01334 -7.06007e-05
 22 -0.02709 -4.82681e-05 | 23 -0.02305 -7.05390e-05 | 24 -0.01396 -1.05726e-04
 25  0.00166 -1.78503e-04 | 26  0.00979 -2.15263e-04 | 27 -0.00121 -1.50639e-04
 28  0.01243 -1.47722e-04 | 29  0.02419 -1.46673e-04 | 30  0.01486 -8.79389e-05
 31  0.03676 -1.19228e-04 | 32  0.05673 -1.59897e-04 | 33  0.01357 -3.73080e-05
 34  0.03276 -7.96143e-05 | 35  0.03127 -7.36408e-05 | 36  0.03024 -7.30553e-05
 37  0.03921 -1.15808e-04 | 38  0.01644 -7.02867e-05 | 39 -0.00782 -2.14428e-05
 40 -0.01380 -2.38723e-05 | 41 -0.01885 -8.46902e-06 | 42 -0.00223 -2.77382e-05
 43  0.03082 -6.95643e-05 | 44  0.01582  1.18313e-06 | 45  0.00982  3.55874e-05
 46  0.00315  4.66457e-05 | 47  0.00584  6.39432e-05 | 48  0.02509  6.09518e-05
 49 -0.00511  8.27293e-05 | 50 -0.02514  1.08510e-04 | 51 -0.01933  1.11919e-04
 52 -0.00753  1.11771e-04 | 53  0.00235  1.24950e-04 | 54  0.00309  1.30960e-04
 55 -0.01675  1.38430e-04 | 56 -0.03250  1.37531e-04 | 57 -0.02569  1.44826e-04
 58 -0.00805  1.45103e-04 | 59  0.00797  1.56577e-04 | 60 -0.01284  1.58525e-04
 61 -0.00880  1.63657e-04 | 62 -0.01594  1.60578e-04 | 63 -0.01017  1.55603e-04
 64 -0.01402  1.55146e-04 | 65 -0.01507  1.51949e-04 | 66 -0.00198  1.10263e-05
 67 -0.00001 -3.94432e-07 | 68  0.00000  0.00000e+00 | 69 -0.80341  1.27049e-02
 70  0.13288  5.64502e-02 | 71  0.12453  2.61543e-01 | 72  0.18025  9.66149e-04
 73 -0.00045 -1.25939e-04 | 74  0.04551 -5.84793e-04 | 75  0.11978  2.22877e-01
 76  0.10386  6.37292e-01 | 77  0.15793  4.13184e-03 | 78 -0.00744  3.22937e-04
 79 -0.19426  1.02368e-03 | 80  0.12752 -1.09771e-04 | 81  0.07366 -3.35394e-05
 82  0.12838  1.44380e-04 | 83  0.00000 -6.97478e-31 | 84  0.02316 -3.33376e-05
 85 -0.07827 -1.26083e-04 | 86 -0.24523  1.75810e-07 | 87  0.10197  9.90253e-05
 88  0.73171 -2.52984e-05 | 89 -0.17161 -4.37418e-05 | 90  0.08523 -4.19040e-05
 91 -0.66410  8.74103e-06 |
91 variables; iteration 540; function evaluation 653; phase 4
Function value 2.4405834e+02; maximum gradient component mag -5.6722e-01
Var    Value     Gradient |Var    Value     Gradient |Var    Value     Gradient
  1  0.01998 -2.98583e-02 |  2 -0.01527 -1.08408e-02 |  3 -0.02788 -5.53830e-05
  4 -0.02422 -9.20123e-05 |  5 -0.01734 -9.11348e-05 |  6 -0.01605 -9.64420e-05
  7 -0.01535 -9.57091e-05 |  8 -0.00597 -1.59330e-04 |  9 -0.00484 -1.66860e-04
 10 -0.00363 -1.53073e-04 | 11 -0.00765 -1.82237e-04 | 12 -0.01907 -1.46155e-04
 13 -0.02439 -4.31187e-05 | 14 -0.01927 -4.95707e-05 | 15 -0.01857 -4.87310e-05
 16 -0.01602 -4.25997e-05 | 17 -0.01006 -6.09582e-05 | 18 -0.01049 -5.62304e-05
 19  0.00112 -6.68813e-05 | 20  0.01219 -1.10191e-04 | 21 -0.01334 -6.79175e-05
 22 -0.02709 -4.16631e-05 | 23 -0.02305 -4.54196e-05 | 24 -0.01396 -1.09681e-04
 25  0.00166 -1.85600e-04 | 26  0.00979 -2.12873e-04 | 27 -0.00121 -1.55263e-04
 28  0.01243 -1.53258e-04 | 29  0.02419 -1.53204e-04 | 30  0.01486 -9.68498e-05
 31  0.03676 -1.11644e-04 | 32  0.05673 -1.63058e-04 | 33  0.01357 -7.73946e-05
 34  0.03276 -1.04464e-04 | 35  0.03127 -8.99131e-05 | 36  0.03024 -9.47045e-05
 37  0.03921 -1.37364e-04 | 38  0.01644 -6.06339e-05 | 39 -0.00782 -3.90543e-05
 40 -0.01380 -3.87842e-06 | 41 -0.01885 -1.59145e-05 | 42 -0.00223 -9.92089e-06
 43  0.03082 -4.82487e-05 | 44  0.01582 -7.11415e-06 | 45  0.00982  8.90794e-06
 46  0.00315  7.91245e-05 | 47  0.00584  6.72371e-05 | 48  0.02509  5.98391e-05
 49 -0.00511  1.12834e-04 | 50 -0.02514  9.90650e-05 | 51 -0.01933  1.39193e-04
 52 -0.00753  1.39800e-04 | 53  0.00235  1.30363e-04 | 54  0.00309  1.49858e-04
 55 -0.01675  1.29927e-04 | 56 -0.03250  1.51416e-04 | 57 -0.02569  1.51777e-04
 58 -0.00805  1.98191e-04 | 59  0.00797  1.76436e-04 | 60 -0.01284  1.70317e-04
 61 -0.00880  1.52528e-04 | 62 -0.01594  1.57971e-04 | 63 -0.01017  1.66937e-04
 64 -0.01402  1.50726e-04 | 65 -0.01507  1.07771e-04 | 66 -0.00198 -2.64761e-05
 67 -0.00001 -3.81181e-06 | 68  0.00000  0.00000e+00 | 69 -0.80340 -1.30841e-02
 70  0.13288  2.22956e-02 | 71  0.12453  1.06857e-01 | 72  0.18025  9.23483e-04
 73 -0.00031 -5.18380e-05 | 74  0.04551 -2.52403e-04 | 75  0.11978 -1.97571e-01
 76  0.10385 -5.67216e-01 | 77  0.15793 -4.03775e-03 | 78 -0.00208 -3.49006e-04
 79 -0.19426 -1.07107e-03 | 80  0.12752 -8.49303e-05 | 81  0.07366  2.24968e-05
 82  0.12838  1.74803e-04 | 83  0.00000 -6.97472e-31 | 84  0.02316 -1.24910e-05
 85 -0.07827 -3.81287e-05 | 86 -0.24526 -1.12136e-06 | 87  0.10197 -1.50591e-05
 88  0.73171 -1.60403e-05 | 89 -0.17161 -6.89667e-06 | 90  0.08523 -8.71212e-05
 91 -0.66410  1.43294e-05 |
  ic > imax  in fminim is answer attained ?
Var    Value     Gradient |Var    Value     Gradient |Var    Value     Gradient
  1  0.01998 -5.80129e-06 |  2 -0.01527 -5.33211e-06 |  3 -0.02788  4.99147e-08
  4 -0.02422  1.21466e-08 |  5 -0.01734  5.36222e-08 |  6 -0.01605  6.15481e-08
  7 -0.01535  8.78913e-08 |  8 -0.00597  4.29778e-08 |  9 -0.00484  6.44630e-08
 10 -0.00363  1.01808e-07 | 11 -0.00765  7.11476e-08 | 12 -0.01907  1.13705e-07
 13 -0.02439 -7.91046e-10 | 14 -0.01927  2.86368e-08 | 15 -0.01857  8.33510e-09
 16 -0.01602  1.37414e-08 | 17 -0.01006  7.15683e-09 | 18 -0.01049  2.17533e-08
 19  0.00112  6.45213e-08 | 20  0.01219  7.94548e-08 | 21 -0.01334  4.35407e-08
 22 -0.02709  2.22505e-08 | 23 -0.02305  4.52515e-08 | 24 -0.01396  2.47183e-08
 25  0.00166  3.94344e-08 | 26  0.00979  5.93304e-08 | 27 -0.00121  2.45212e-08
 28  0.01243  2.13305e-08 | 29  0.02419  2.21577e-08 | 30  0.01486  7.81950e-09
 31  0.03676  2.93803e-08 | 32  0.05673  3.52472e-08 | 33  0.01357 -3.80074e-08
 34  0.03276 -3.48215e-09 | 35  0.03127 -1.22395e-08 | 36  0.03024 -5.32945e-09
 37  0.03921  2.15636e-08 | 38  0.01644  5.53348e-08 | 39 -0.00782 -8.63367e-09
 40 -0.01380  2.76531e-08 | 41 -0.01885 -1.17829e-08 | 42 -0.00223  1.63475e-08
 43  0.03082  3.26945e-08 | 44  0.01582 -1.49437e-08 | 45  0.00982 -4.07119e-08
 46  0.00315  2.63328e-08 | 47  0.00584 -1.24171e-08 | 48  0.02509 -1.79914e-08
 49 -0.00511  1.02750e-08 | 50 -0.02514 -4.30129e-08 | 51 -0.01933 -1.35583e-08
 52 -0.00753  1.75139e-10 | 53  0.00235 -3.02821e-08 | 54  0.00309 -2.40239e-08
 55 -0.01675 -4.90268e-08 | 56 -0.03250 -2.94635e-08 | 57 -0.02569 -3.84227e-08
 58 -0.00805  9.40123e-09 | 59  0.00797 -2.20014e-08 | 60 -0.01284 -4.58937e-08
 61 -0.00880 -6.32855e-08 | 62 -0.01594 -5.20781e-08 | 63 -0.01017 -3.99442e-08
 64 -0.01402 -6.20920e-08 | 65 -0.01507 -9.81333e-08 | 66 -0.00198 -5.37166e-08
 67 -0.00001  3.87298e-09 | 68  0.00000  0.00000e+00 | 69 -0.80341 -6.55701e-06
 70  0.13288 -5.16924e-05 | 71  0.12453 -2.35336e-04 | 72  0.18025 -2.74693e-07
 73 -0.00012  1.08886e-07 | 74  0.04551  5.03126e-07 | 75  0.11978 -7.61781e-05
 76  0.10385 -2.19827e-04 | 77  0.15793 -2.12478e-06 | 78  0.00010 -1.33446e-07
 79 -0.19426 -5.33748e-07 | 80  0.12752  2.01308e-08 | 81  0.07366  4.09682e-08
 82  0.12838  5.77091e-09 | 83  0.00000 -6.97474e-31 | 84  0.02316  2.60615e-08
 85 -0.07827  1.35358e-07 | 86 -0.24523 -3.41707e-09 | 87  0.10197 -1.59898e-07
 88  0.73171  1.65180e-08 | 89 -0.17161  5.14131e-08 | 90  0.08523 -3.73378e-08
 91 -0.66410  6.89728e-09 |
Function minimizer not making progress ... is minimum attained?
Minimprove criterion = 0.0000e+00

 - final statistics:
91 variables; iteration 556; function evaluation 700
Function value 2.4406e+02; maximum gradient component mag -2.3534e-04
Exit code = 1;  converg criter 1.0000e-04
Var    Value     Gradient |Var    Value     Gradient |Var    Value     Gradient
  1  0.01998 -5.80129e-06 |  2 -0.01527 -5.33211e-06 |  3 -0.02788  4.99147e-08
  4 -0.02422  1.21466e-08 |  5 -0.01734  5.36222e-08 |  6 -0.01605  6.15481e-08
  7 -0.01535  8.78913e-08 |  8 -0.00597  4.29778e-08 |  9 -0.00484  6.44630e-08
 10 -0.00363  1.01808e-07 | 11 -0.00765  7.11476e-08 | 12 -0.01907  1.13705e-07
 13 -0.02439 -7.91046e-10 | 14 -0.01927  2.86368e-08 | 15 -0.01857  8.33510e-09
 16 -0.01602  1.37414e-08 | 17 -0.01006  7.15683e-09 | 18 -0.01049  2.17533e-08
 19  0.00112  6.45213e-08 | 20  0.01219  7.94548e-08 | 21 -0.01334  4.35407e-08
 22 -0.02709  2.22505e-08 | 23 -0.02305  4.52515e-08 | 24 -0.01396  2.47183e-08
 25  0.00166  3.94344e-08 | 26  0.00979  5.93304e-08 | 27 -0.00121  2.45212e-08
 28  0.01243  2.13305e-08 | 29  0.02419  2.21577e-08 | 30  0.01486  7.81950e-09
 31  0.03676  2.93803e-08 | 32  0.05673  3.52472e-08 | 33  0.01357 -3.80074e-08
 34  0.03276 -3.48215e-09 | 35  0.03127 -1.22395e-08 | 36  0.03024 -5.32945e-09
 37  0.03921  2.15636e-08 | 38  0.01644  5.53348e-08 | 39 -0.00782 -8.63367e-09
 40 -0.01380  2.76531e-08 | 41 -0.01885 -1.17829e-08 | 42 -0.00223  1.63475e-08
 43  0.03082  3.26945e-08 | 44  0.01582 -1.49437e-08 | 45  0.00982 -4.07119e-08
 46  0.00315  2.63328e-08 | 47  0.00584 -1.24171e-08 | 48  0.02509 -1.79914e-08
 49 -0.00511  1.02750e-08 | 50 -0.02514 -4.30129e-08 | 51 -0.01933 -1.35583e-08
 52 -0.00753  1.75139e-10 | 53  0.00235 -3.02821e-08 | 54  0.00309 -2.40239e-08
 55 -0.01675 -4.90268e-08 | 56 -0.03250 -2.94635e-08 | 57 -0.02569 -3.84227e-08
 58 -0.00805  9.40123e-09 | 59  0.00797 -2.20014e-08 | 60 -0.01284 -4.58937e-08
 61 -0.00880 -6.32855e-08 | 62 -0.01594 -5.20781e-08 | 63 -0.01017 -3.99442e-08
 64 -0.01402 -6.20920e-08 | 65 -0.01507 -9.81333e-08 | 66 -0.00198 -5.37166e-08
 67 -0.00001  3.87298e-09 | 68  0.00000  0.00000e+00 | 69 -0.80341 -6.55701e-06
 70  0.13288 -5.16924e-05 | 71  0.12453 -2.35336e-04 | 72  0.18025 -2.74693e-07
 73 -0.00012  1.08886e-07 | 74  0.04551  5.03126e-07 | 75  0.11978 -7.61781e-05
 76  0.10385 -2.19827e-04 | 77  0.15793 -2.12478e-06 | 78  0.00010 -1.33446e-07
 79 -0.19426 -5.33748e-07 | 80  0.12752  2.01308e-08 | 81  0.07366  4.09682e-08
 82  0.12838  5.77091e-09 | 83  0.00000 -6.97474e-31 | 84  0.02316  2.60615e-08
 85 -0.07827  1.35358e-07 | 86 -0.24523 -3.41707e-09 | 87  0.10197 -1.59898e-07
 88  0.73171  1.65180e-08 | 89 -0.17161  5.14131e-08 | 90  0.08523 -3.73378e-08
 91 -0.66410  6.89728e-09 |
size of file gradfil1.tmp = 0
size of file gradfil2.tmp = 0
size of file varssave.tmp = 0
size of file cmpdiff.tmp = 0
