
Initial statistics: 6 variables; iteration 0; function evaluation 0; phase 1
Function value 3.0124368e+06; maximum gradient component mag -1.9298e+08
Var    Value     Gradient |Var    Value     Gradient |Var    Value     Gradient
  1  0.06208 -1.92984e+08 |  2 -0.01119 -6.24845e+05 |  3  0.00000 -1.23998e+02
  4  0.00000  1.56445e+00 |  5  0.00000  0.00000e+00 |  6 -0.75232  1.39894e+04

Intermediate statistics: 6 variables; iteration 20; function evaluation 51; phase 1
Function value 3.5688020e+02; maximum gradient component mag 2.5354e+02
Var    Value     Gradient |Var    Value     Gradient |Var    Value     Gradient
  1  0.09850  2.53536e+02 |  2 -0.02565  3.02708e+00 |  3 -0.00235 -4.42780e-02
  4 -0.00024 -5.82212e-02 |  5  0.00000  0.00000e+00 |  6 -0.80474  3.15018e+00
6 variables; iteration 40; function evaluation 73; phase 1
Function value 3.5566348e+02; maximum gradient component mag -2.5431e+02
Var    Value     Gradient |Var    Value     Gradient |Var    Value     Gradient
  1  0.08997 -2.54315e+02 |  2 -0.03224 -1.47656e+02 |  3  0.00045  2.53055e+00
  4  0.00429  3.37738e+00 |  5  0.00000  0.00000e+00 |  6 -0.78530 -1.54819e+02

 - final statistics:
6 variables; iteration 45; function evaluation 78
Function value 3.5558e+02; maximum gradient component mag -5.1902e+00
Exit code = 1;  converg criter 1.0000e+01
Var    Value     Gradient |Var    Value     Gradient |Var    Value     Gradient
  1  0.08952 -5.19019e+00 |  2 -0.02335 -3.06167e+00 |  3 -0.00260  4.32494e-02
  4 -0.00009  5.91240e-02 |  5  0.00000  0.00000e+00 |  6 -0.79200 -3.12591e+00

Initial statistics: 60 variables; iteration 0; function evaluation 0; phase 2
Function value 3.5557765e+02; maximum gradient component mag -3.2827e+02
Var    Value     Gradient |Var    Value     Gradient |Var    Value     Gradient
  1  0.08952 -5.19019e+00 |  2 -0.02335 -3.06167e+00 |  3  0.00000  5.82390e+01
  4  0.00000  6.19398e+01 |  5  0.00000  6.35319e+01 |  6  0.00000  5.96803e+01
  7  0.00000  5.32546e+01 |  8  0.00000  4.21605e+01 |  9  0.00000  4.35334e+01
 10  0.00000  5.41235e+01 | 11  0.00000  9.34559e+01 | 12  0.00000  1.14419e+02
 13  0.00000  1.04051e+02 | 14  0.00000  8.98106e+01 | 15  0.00000  5.38039e+01
 16  0.00000 -1.66326e+01 | 17  0.00000 -6.54227e+01 | 18  0.00000 -1.15143e+02
 19  0.00000 -1.65539e+02 | 20  0.00000 -1.97411e+02 | 21  0.00000 -2.59840e+02
 22  0.00000 -3.28270e+02 | 23  0.00000 -3.14503e+02 | 24  0.00000 -2.74526e+02
 25  0.00000 -2.67676e+02 | 26  0.00000 -2.58087e+02 | 27  0.00000 -2.74032e+02
 28  0.00000 -2.15545e+02 | 29  0.00000 -1.13209e+02 | 30  0.00000 -1.10382e+01
 31  0.00000  6.08607e+01 | 32  0.00000  6.92184e+01 | 33  0.00000  2.93040e+01
 34  0.00000 -4.54778e+00 | 35  0.00000 -9.30427e+00 | 36  0.00000  2.16396e+00
 37  0.00000  1.91702e+01 | 38  0.00000  2.14953e+01 | 39  0.00000  5.38098e+01
 40  0.00000  1.30832e+02 | 41  0.00000  1.59357e+02 | 42  0.00000  1.48338e+02
 43  0.00000  1.12706e+02 | 44  0.00000  1.04218e+02 | 45  0.00000  1.07912e+02
 46  0.00000  1.68162e+02 | 47  0.00000  1.71293e+02 | 48  0.00000  1.42807e+02
 49  0.00000  9.66064e+01 | 50  0.00000  9.17223e+01 | 51  0.00000  1.02395e+02
 52  0.00000  9.51437e+01 | 53  0.00000  6.80030e+01 | 54  0.00000  3.10850e+01
 55  0.00000  1.21219e+01 | 56 -0.00260  4.32494e-02 | 57 -0.00009  5.91240e-02
 58  0.00000  0.00000e+00 | 59 -0.79200 -3.12591e+00 | 60  0.09811  1.48582e+02

Intermediate statistics: 60 variables; iteration 20; function evaluation 39; phase 2
Function value 2.7405610e+02; maximum gradient component mag -1.7034e+03
Var    Value     Gradient |Var    Value     Gradient |Var    Value     Gradient
  1  0.05888 -1.70339e+03 |  2  0.02721 -1.33765e+03 |  3 -0.03088 -8.53152e+00
  4 -0.01896 -1.59293e+00 |  5 -0.01488  6.88284e+00 |  6 -0.00744  2.26047e+01
  7  0.00689  4.48697e+01 |  8  0.02645  7.20315e+01 |  9  0.03030  8.83403e+01
 10  0.03191  8.48679e+01 | 11  0.00913  6.25174e+01 | 12 -0.00141  4.76871e+01
 13  0.00200  3.80755e+01 | 14 -0.00927  2.35408e+01 | 15 -0.01669  1.52926e+01
 16  0.02756  3.20743e+01 | 17  0.01844 -1.06700e+00 | 18 -0.00374 -3.77823e+01
 19  0.06130 -5.91120e+01 | 20 -0.04736 -8.42161e+01 | 21 -0.01839 -6.53981e+01
 22  0.10208 -1.65035e+01 | 23  0.05070 -2.81526e+01 | 24 -0.05307 -7.86896e+01
 25  0.05448 -6.65272e+01 | 26 -0.03604 -5.89380e+01 | 27  0.07865 -9.33245e+00
 28  0.03784 -7.65351e+00 | 29 -0.00544 -2.66533e+01 | 30 -0.01000 -2.60209e+01
 31 -0.01722 -1.69553e+01 | 32 -0.01342 -6.32279e+00 | 33 -0.00429  4.08453e+00
 34  0.01047  2.04477e+01 | 35  0.01513  2.91609e+01 | 36  0.01471  2.83973e+01
 37  0.00517  2.42648e+01 | 38  0.01461  3.30398e+01 | 39  0.00449  3.16332e+01
 40 -0.03425  1.40703e+01 | 41 -0.03814  1.12272e+01 | 42 -0.03245  1.31350e+01
 43 -0.00839  2.69358e+01 | 44 -0.00643  3.78874e+01 | 45  0.00535  4.85095e+01
 46 -0.02323  3.53472e+01 | 47 -0.01534  3.59283e+01 | 48 -0.01640  2.62602e+01
 49  0.00169  2.21231e+01 | 50 -0.01128  6.98215e+00 | 51 -0.01962 -2.79779e+00
 52 -0.01847 -9.91044e+00 | 53 -0.02152 -2.07329e+01 | 54 -0.01837 -2.50830e+01
 55 -0.02959 -2.44784e+01 | 56 -0.01114 -2.37646e+00 | 57 -0.00048 -9.80886e-02
 58  0.00000  0.00000e+00 | 59 -0.78544 -1.57829e+03 | 60  0.10100  9.73610e+01
60 variables; iteration 40; function evaluation 66; phase 2
Function value 2.6070491e+02; maximum gradient component mag -6.2853e+02
Var    Value     Gradient |Var    Value     Gradient |Var    Value     Gradient
  1  0.05868 -6.28526e+02 |  2  0.02449 -4.17173e+02 |  3 -0.01402  1.46832e+01
  4 -0.00281  2.76395e+01 |  5 -0.00285  3.08356e+01 |  6 -0.00150  2.98543e+01
  7 -0.00426  1.80831e+01 |  8  0.00420  1.50540e+01 |  9  0.01529  2.73722e+01
 10  0.01345  2.42116e+01 | 11 -0.00394  2.90533e+01 | 12 -0.01069  2.82229e+01
 13 -0.00438  2.45642e+01 | 14 -0.01301  1.69593e+01 | 15 -0.02102  9.14707e+00
 16  0.02575  2.29481e+01 | 17  0.01428 -3.92969e-02 | 18  0.01474 -6.94836e+00
 19  0.03908 -1.69544e+01 | 20  0.01392 -2.14013e+01 | 21 -0.00420 -3.14556e+01
 22  0.09668 -3.02778e+01 | 23  0.00683 -3.73527e+01 | 24  0.02290 -2.35949e+01
 25  0.04489 -1.99339e+01 | 26 -0.02733 -4.23470e+01 | 27  0.07086 -2.74538e+01
 28  0.01277 -2.77180e+01 | 29  0.01543 -7.68218e-01 | 30 -0.00198  5.20519e+00
 31 -0.01313  7.06297e+00 | 32 -0.02031  1.35196e+00 | 33  0.00337  1.96033e+01
 34  0.00262  1.80919e+00 | 35  0.00418 -9.17027e+00 | 36  0.00891 -9.16341e+00
 37  0.00579 -3.72473e+00 | 38  0.00178 -9.28880e+00 | 39  0.00069  9.12310e+00
 40 -0.01677  3.38564e+01 | 41 -0.03864  4.09354e+00 | 42 -0.03860 -9.34035e+00
 43 -0.01122  8.95098e-01 | 44 -0.00614  1.23816e+01 | 45 -0.00626 -2.94382e+00
 46 -0.03394 -4.37160e+00 | 47 -0.02495 -1.71406e+00 | 48 -0.01771  9.46531e+00
 49  0.00005  1.22402e+01 | 50 -0.01213  2.83072e+00 | 51 -0.02094 -7.73137e+00
 52 -0.01647 -8.31035e+00 | 53 -0.01573 -5.21692e+00 | 54 -0.01046  1.71184e-01
 55 -0.02086 -2.70143e+00 | 56 -0.00769  8.43791e-01 | 57 -0.00054 -1.60134e-01
 58  0.00000  0.00000e+00 | 59 -0.78104 -5.14303e+02 | 60  0.09802  3.03504e+01
60 variables; iteration 60; function evaluation 99; phase 2
Function value 2.5755135e+02; maximum gradient component mag -9.0206e+02
Var    Value     Gradient |Var    Value     Gradient |Var    Value     Gradient
  1  0.05869 -9.02060e+02 |  2  0.00682 -1.18734e+02 |  3 -0.01037  1.43923e+01
  4 -0.00631  1.24125e+01 |  5 -0.01445  5.45359e+00 |  6 -0.00840  1.09886e+01
  7 -0.00431  1.09763e+01 |  8  0.00637  7.67433e+00 |  9  0.00367  2.01025e+00
 10  0.01563  8.02572e-01 | 11 -0.00931  3.42771e+00 | 12 -0.01493  6.69448e+00
 13 -0.00902  5.06171e+00 | 14 -0.01485  5.91486e+00 | 15 -0.01633  4.15710e+00
 16  0.01288 -1.07270e+01 | 17  0.02347 -9.30434e+00 | 18  0.01009 -7.47742e+00
 19  0.04485 -4.45053e+00 | 20  0.01494 -7.09704e+00 | 21  0.00459 -1.46528e+01
 22  0.09646 -2.77485e+01 | 23  0.00956 -2.81772e+01 | 24  0.02811 -1.31335e+01
 25  0.03318 -1.13930e+01 | 26  0.00452 -1.11318e+01 | 27  0.06118 -2.14648e+01
 28  0.02463 -2.44001e+01 | 29  0.00553 -1.74879e+01 | 30 -0.00684 -1.53345e+01
 31 -0.01891 -1.15775e+01 | 32 -0.01264 -5.86726e+00 | 33 -0.00954 -9.01592e+00
 34  0.00508 -4.04610e+00 | 35  0.00765 -2.36157e+00 | 36  0.01157 -1.43416e+00
 37  0.00220 -4.33037e-01 | 38  0.01215  1.34806e+00 | 39  0.00037  1.34684e+00
 40 -0.03461  6.21762e+00 | 41 -0.03221  1.77193e+01 | 42 -0.03070  1.31364e+01
 43 -0.01017  9.04355e+00 | 44 -0.01342  6.13531e+00 | 45 -0.00324  2.86259e+00
 46 -0.02947  8.71910e+00 | 47 -0.02043  9.29026e+00 | 48 -0.02390  4.68786e+00
 49 -0.00413  6.56859e+00 | 50 -0.01314  1.03833e+01 | 51 -0.01644  1.27942e+01
 52 -0.01138  1.48432e+01 | 53 -0.01164  1.44827e+01 | 54 -0.01169  1.29782e+01
 55 -0.01547  1.63014e+01 | 56 -0.01081 -1.58945e+00 | 57 -0.00133 -7.53805e-01
 58  0.00000  0.00000e+00 | 59 -0.76390 -1.42155e+02 | 60  0.09605 -1.52716e+01
Maximum number of function evaluations exceeded

 - final statistics:
60 variables; iteration 61; function evaluation 100
Function value 2.5755e+02; maximum gradient component mag -9.0206e+02
Exit code = 3;  converg criter 1.0000e+01
Var    Value     Gradient |Var    Value     Gradient |Var    Value     Gradient
  1  0.05869 -9.02060e+02 |  2  0.00682 -1.18734e+02 |  3 -0.01037  1.43923e+01
  4 -0.00631  1.24125e+01 |  5 -0.01445  5.45359e+00 |  6 -0.00840  1.09886e+01
  7 -0.00431  1.09763e+01 |  8  0.00637  7.67433e+00 |  9  0.00367  2.01025e+00
 10  0.01563  8.02572e-01 | 11 -0.00931  3.42771e+00 | 12 -0.01493  6.69448e+00
 13 -0.00902  5.06171e+00 | 14 -0.01485  5.91486e+00 | 15 -0.01633  4.15710e+00
 16  0.01288 -1.07270e+01 | 17  0.02347 -9.30434e+00 | 18  0.01009 -7.47742e+00
 19  0.04485 -4.45053e+00 | 20  0.01494 -7.09704e+00 | 21  0.00459 -1.46528e+01
 22  0.09646 -2.77485e+01 | 23  0.00956 -2.81772e+01 | 24  0.02811 -1.31335e+01
 25  0.03318 -1.13930e+01 | 26  0.00452 -1.11318e+01 | 27  0.06118 -2.14648e+01
 28  0.02463 -2.44001e+01 | 29  0.00553 -1.74879e+01 | 30 -0.00684 -1.53345e+01
 31 -0.01891 -1.15775e+01 | 32 -0.01264 -5.86726e+00 | 33 -0.00954 -9.01592e+00
 34  0.00508 -4.04610e+00 | 35  0.00765 -2.36157e+00 | 36  0.01157 -1.43416e+00
 37  0.00220 -4.33037e-01 | 38  0.01215  1.34806e+00 | 39  0.00037  1.34684e+00
 40 -0.03461  6.21762e+00 | 41 -0.03221  1.77193e+01 | 42 -0.03070  1.31364e+01
 43 -0.01017  9.04355e+00 | 44 -0.01342  6.13531e+00 | 45 -0.00324  2.86259e+00
 46 -0.02947  8.71910e+00 | 47 -0.02043  9.29026e+00 | 48 -0.02390  4.68786e+00
 49 -0.00413  6.56859e+00 | 50 -0.01314  1.03833e+01 | 51 -0.01644  1.27942e+01
 52 -0.01138  1.48432e+01 | 53 -0.01164  1.44827e+01 | 54 -0.01169  1.29782e+01
 55 -0.01547  1.63014e+01 | 56 -0.01081 -1.58945e+00 | 57 -0.00133 -7.53805e-01
 58  0.00000  0.00000e+00 | 59 -0.76390 -1.42155e+02 | 60  0.09605 -1.52716e+01

Initial statistics: 81 variables; iteration 0; function evaluation 0; phase 3
Function value 2.5755135e+02; maximum gradient component mag -9.0206e+02
Var    Value     Gradient |Var    Value     Gradient |Var    Value     Gradient
  1  0.05869 -9.02060e+02 |  2  0.00682 -1.18734e+02 |  3 -0.01037  1.43979e+01
  4 -0.00631  1.24181e+01 |  5 -0.01445  5.45920e+00 |  6 -0.00840  1.09942e+01
  7 -0.00431  1.09819e+01 |  8  0.00637  7.67994e+00 |  9  0.00367  2.01586e+00
 10  0.01563  8.08178e-01 | 11 -0.00931  3.43332e+00 | 12 -0.01493  6.70008e+00
 13 -0.00902  5.06731e+00 | 14 -0.01485  5.92046e+00 | 15 -0.01633  4.16271e+00
 16  0.01288 -1.07214e+01 | 17  0.02347 -9.29873e+00 | 18  0.01009 -7.47181e+00
 19  0.04485 -4.44494e+00 | 20  0.01494 -7.09144e+00 | 21  0.00459 -1.46472e+01
 22  0.09646 -2.77430e+01 | 23  0.00956 -2.81716e+01 | 24  0.02811 -1.31279e+01
 25  0.03318 -1.13874e+01 | 26  0.00452 -1.11262e+01 | 27  0.06119 -2.14592e+01
 28  0.02463 -2.43945e+01 | 29  0.00553 -1.74823e+01 | 30 -0.00684 -1.53289e+01
 31 -0.01891 -1.15719e+01 | 32 -0.01264 -5.86165e+00 | 33 -0.00954 -9.01032e+00
 34  0.00508 -4.04049e+00 | 35  0.00765 -2.35597e+00 | 36  0.01157 -1.42856e+00
 37  0.00221 -4.27430e-01 | 38  0.01215  1.35367e+00 | 39  0.00037  1.35245e+00
 40 -0.03461  6.22322e+00 | 41 -0.03221  1.77249e+01 | 42 -0.03070  1.31420e+01
 43 -0.01017  9.04916e+00 | 44 -0.01342  6.14092e+00 | 45 -0.00324  2.86820e+00
 46 -0.02947  8.72470e+00 | 47 -0.02043  9.29586e+00 | 48 -0.02390  4.69346e+00
 49 -0.00413  6.57420e+00 | 50 -0.01314  1.03889e+01 | 51 -0.01644  1.27998e+01
 52 -0.01138  1.48488e+01 | 53 -0.01164  1.44883e+01 | 54 -0.01169  1.29838e+01
 55 -0.01547  1.63070e+01 | 56 -0.01081 -1.58945e+00 | 57 -0.00133 -7.53805e-01
 58  0.00000  0.00000e+00 | 59 -0.76390 -1.42155e+02 | 60  0.20200  2.20744e+02
 61  0.10477  6.31980e+02 | 62  0.18514  7.28246e+01 | 63 -0.00007 -4.01373e-01
 64  0.05980 -4.40838e+00 | 65  0.17893 -2.95575e+02 | 66  0.07109 -3.61647e+02
 67  0.16329 -5.09295e+01 | 68  0.00000 -1.49834e-04 | 69 -0.17583 -1.71933e+01
 70  0.14913 -7.07151e+01 | 71  0.07222 -1.63146e+01 | 72  0.12692  1.04547e+02
 73  0.00000 -5.22489e-29 | 74  0.03197 -2.17870e+01 | 75 -0.06120 -2.59647e+01
 76 -0.23449 -8.84705e-04 | 77  0.10019  2.26797e+01 | 78  0.71326 -4.00695e+00
 79 -0.14853 -9.77543e+00 | 80  0.09605 -1.52716e+01 | 81 -0.65458  5.80739e+00

Intermediate statistics: 81 variables; iteration 20; function evaluation 25; phase 3
Function value 2.5654163e+02; maximum gradient component mag 4.2441e+02
Var    Value     Gradient |Var    Value     Gradient |Var    Value     Gradient
  1  0.05920  4.24410e+02 |  2 -0.00879 -1.76601e+01 |  3 -0.01421  9.90078e-01
  4 -0.00868  1.87596e+00 |  5 -0.01235 -1.30348e+00 |  6 -0.01056 -5.97561e-01
  7 -0.00599 -1.51867e+00 |  8  0.00535 -2.46225e+00 |  9  0.00490 -2.30807e+00
 10  0.01492  4.50241e+00 | 11 -0.00952  5.92330e+00 | 12 -0.01569  7.18454e+00
 13 -0.00819  8.63939e+00 | 14 -0.01554  9.17315e+00 | 15 -0.01842  9.56711e+00
 16  0.01579  1.57150e+01 | 17  0.02113  1.95026e+01 | 18  0.01512  1.16963e+01
 19  0.04150  1.45672e+01 | 20  0.01652  8.05095e-01 | 21  0.01870 -4.99263e+00
 22  0.08431  2.63831e+00 | 23  0.03464 -9.68787e+00 | 24  0.01986 -7.95295e+00
 25  0.03064 -7.65701e+00 | 26  0.01163 -1.03888e+01 | 27  0.05542 -1.01283e+01
 28  0.02967 -1.38730e+01 | 29  0.00321 -1.24466e+01 | 30 -0.00769 -1.02482e+01
 31 -0.01881 -8.75827e+00 | 32 -0.01524 -6.42761e+00 | 33 -0.00883 -9.55901e+00
 34  0.00358 -6.62984e+00 | 35  0.00757 -4.53632e+00 | 36  0.01123 -3.79830e+00
 37  0.00258 -5.24515e+00 | 38  0.01057 -3.89233e+00 | 39  0.00005 -3.58221e+00
 40 -0.03450 -2.64377e+00 | 41 -0.03505  4.42215e+00 | 42 -0.03172  1.56406e+00
 43 -0.01092 -9.60121e-01 | 44 -0.01434 -4.55348e+00 | 45 -0.00274 -4.42125e+00
 46 -0.02953 -2.43694e+00 | 47 -0.02035 -9.04371e-01 | 48 -0.02225 -4.42097e+00
 49 -0.00407 -4.60695e+00 | 50 -0.01367 -4.40574e+00 | 51 -0.01703 -2.29670e+00
 52 -0.01225 -7.10491e-02 | 53 -0.01228 -1.00025e+00 | 54 -0.01126 -4.32332e+00
 55 -0.01851 -6.99089e+00 | 56 -0.00907 -2.79793e-01 | 57 -0.00055 -1.55112e-01
 58  0.00000  0.00000e+00 | 59 -0.74845 -2.03108e+01 | 60  0.20272  8.99098e+01
 61  0.10449  2.79949e+02 | 62  0.18552  7.10529e+01 | 63 -0.00005 -2.00580e-01
 64  0.05994  2.00687e+00 | 65  0.17985  3.84937e+02 | 66  0.06992  3.81400e+02
 67  0.16287 -5.68370e+00 | 68 -0.00229 -6.61532e-01 | 69 -0.17401 -2.77250e+00
 70  0.15225 -2.43126e+01 | 71  0.06924 -5.59855e+00 | 72  0.12728  3.73436e+01
 73 -0.00000 -2.05701e-29 | 74  0.03292 -7.40972e+00 | 75 -0.06067 -1.66622e+01
 76 -0.23449 -5.66820e-04 | 77  0.10034  1.49269e+01 | 78  0.71112 -2.23609e+00
 79 -0.14664 -4.43407e+00 | 80  0.09815  1.63764e+01 | 81 -0.65500 -4.30883e+00
81 variables; iteration 40; function evaluation 46; phase 3
Function value 2.5635349e+02; maximum gradient component mag 4.5350e+02
Var    Value     Gradient |Var    Value     Gradient |Var    Value     Gradient
  1  0.05907  3.53840e+02 |  2 -0.00764 -5.43621e+00 |  3 -0.01588  1.53657e+00
  4 -0.01029  9.84650e-01 |  5 -0.01303 -1.14228e+00 |  6 -0.01166  1.91522e-01
  7 -0.00631  9.65327e-01 |  8  0.00423 -5.43163e-01 |  9  0.00441 -1.58050e+00
 10  0.01381  2.17763e+00 | 11 -0.01012  4.14572e+00 | 12 -0.01705  4.81079e+00
 13 -0.00907  6.13850e+00 | 14 -0.01574  7.09080e+00 | 15 -0.01977  6.01717e+00
 16  0.01564  1.04090e+01 | 17  0.02112  1.42005e+01 | 18  0.01600  9.25533e+00
 19  0.04047  1.09053e+01 | 20  0.01877  2.77931e+00 | 21  0.02057 -2.99684e+00
 22  0.08394  1.23611e+00 | 23  0.03657 -7.28734e+00 | 24  0.02019 -5.47215e+00
 25  0.02963 -5.98278e+00 | 26  0.01235 -6.99853e+00 | 27  0.05545 -6.79304e+00
 28  0.02844 -1.13292e+01 | 29  0.00471 -7.98821e+00 | 30 -0.00834 -7.82762e+00
 31 -0.01902 -6.77649e+00 | 32 -0.01600 -5.35734e+00 | 33 -0.00785 -7.06070e+00
 34  0.00248 -6.35149e+00 | 35  0.00783 -3.20894e+00 | 36  0.01216 -1.60561e+00
 37  0.00431 -1.65063e+00 | 38  0.01084 -1.24944e+00 | 39  0.00042 -1.15822e+00
 40 -0.03400 -8.78188e-01 | 41 -0.03665  2.59786e+00 | 42 -0.03144  2.15010e+00
 43 -0.01072  1.31576e-01 | 44 -0.01424 -2.47086e+00 | 45 -0.00137 -1.69536e+00
 46 -0.02840 -9.66276e-01 | 47 -0.01863  8.37911e-01 | 48 -0.02057 -1.53750e+00
 49 -0.00382 -3.79850e+00 | 50 -0.01473 -6.01784e+00 | 51 -0.01751 -3.92684e+00
 52 -0.01128  4.27545e-01 | 53 -0.01151  7.59229e-01 | 54 -0.01043 -1.76379e+00
 55 -0.01951 -5.70049e+00 | 56 -0.00798  2.68778e-01 | 57 -0.00027  3.36678e-02
 58  0.00000  0.00000e+00 | 59 -0.74830 -1.04819e+01 | 60  0.20416  1.68941e+02
 61  0.10392  4.53496e+02 | 62  0.18497  3.11857e+01 | 63 -0.01462 -2.91704e-01
 64  0.06149  1.60619e+00 | 65  0.18046  1.65395e+02 | 66  0.06934  1.53808e+02
 67  0.16194 -2.65095e+01 | 68  0.01454 -3.24031e-01 | 69 -0.17586 -2.02210e+00
 70  0.15506 -2.17018e+01 | 71  0.06685 -3.51061e+00 | 72  0.12824  4.23839e+01
 73 -0.00000 -1.30133e-29 | 74  0.03380 -3.59009e+00 | 75 -0.05839 -6.47818e+00
 76 -0.23446 -3.97266e-04 | 77  0.10108  5.01492e+00 | 78  0.70120 -1.26494e+00
 79 -0.14184 -1.70225e-01 | 80  0.09957  1.20193e+01 | 81 -0.65232 -1.32970e+00
81 variables; iteration 60; function evaluation 75; phase 3
Function value 2.5623319e+02; maximum gradient component mag 1.9880e+02
Var    Value     Gradient |Var    Value     Gradient |Var    Value     Gradient
  1  0.05897  1.98801e+02 |  2 -0.00834  1.34833e+01 |  3 -0.01888 -1.93676e+00
  4 -0.01122 -1.26777e+00 |  5 -0.01241 -1.52526e+00 |  6 -0.01232 -1.08473e+00
  7 -0.00771 -9.88780e-01 |  8  0.00377 -1.46202e+00 |  9  0.00593 -6.05817e-01
 10  0.01360 -1.83205e-01 | 11 -0.01096  9.89565e-01 | 12 -0.01658  3.06558e+00
 13 -0.00810  4.12982e+00 | 14 -0.01724  2.60547e+00 | 15 -0.02066  2.23510e+00
 16  0.01692  5.29054e+00 | 17  0.02002  6.14342e+00 | 18  0.01521  2.64245e+00
 19  0.04060  4.01178e+00 | 20  0.01606 -1.31450e+00 | 21  0.02436 -3.96994e-01
 22  0.08225  2.22533e+00 | 23  0.04097  9.56528e-02 | 24  0.01983 -1.54519e-02
 25  0.03012 -7.13290e-01 | 26  0.01277 -1.78207e+00 | 27  0.05433  4.07518e-01
 28  0.03168 -3.42342e-01 | 29  0.00378 -8.85660e-01 | 30 -0.00777 -1.07512e+00
 31 -0.01866 -9.57370e-01 | 32 -0.01556  6.09304e-01 | 33 -0.00806 -1.19673e+00
 34  0.00272 -1.03662e+00 | 35  0.00766 -5.62503e-01 | 36  0.01233 -3.13238e-01
 37  0.00389 -6.19457e-01 | 38  0.01130  7.52894e-01 | 39  0.00104  8.49812e-01
 40 -0.03343  1.17118e-01 | 41 -0.03845 -4.94718e-01 | 42 -0.03050  2.65997e+00
 43 -0.01020  1.34500e+00 | 44 -0.01478 -1.52629e+00 | 45 -0.00084 -1.12220e+00
 46 -0.02823 -1.04084e+00 | 47 -0.01936 -8.90208e-01 | 48 -0.01993 -1.93460e-01
 49 -0.00330 -6.09195e-01 | 50 -0.01409 -2.38206e+00 | 51 -0.01740 -2.65517e+00
 52 -0.01202 -6.57540e-01 | 53 -0.01102  1.21801e+00 | 54 -0.01084 -4.56899e-01
 55 -0.02017 -2.57133e+00 | 56 -0.00885 -4.73689e-01 | 57  0.00024  4.23527e-01
 58  0.00000  0.00000e+00 | 59 -0.74773  8.96424e+00 | 60  0.20874 -2.85809e+01
 61  0.10216 -6.34855e+01 | 62  0.18571  5.46036e+00 | 63 -0.00060 -9.49019e-04
 64  0.06272  1.77878e+00 | 65  0.18084 -1.60818e+02 | 66  0.06898 -1.53663e+02
 67  0.16227 -1.06084e+00 | 68  0.03566  4.03580e-01 | 69 -0.17428  1.24672e+00
 70  0.15516 -1.20266e+01 | 71  0.06690 -1.27418e+00 | 72  0.12779  2.50163e+01
 73 -0.00000 -5.35738e-30 | 74  0.03429 -1.59665e+00 | 75 -0.05957  3.64585e-01
 76 -0.23436  1.35774e-04 | 77  0.10032  4.36181e-01 | 78  0.71717  9.43446e-01
 79 -0.14655 -1.21902e+00 | 80  0.09942  4.80674e+00 | 81 -0.65252  3.00376e-01
Maximum number of function evaluations exceeded

 - final statistics:
81 variables; iteration 76; function evaluation 100
Function value 2.5619e+02; maximum gradient component mag -3.4107e+01
Exit code = 3;  converg criter 1.0000e+00
Var    Value     Gradient |Var    Value     Gradient |Var    Value     Gradient
  1  0.05897  4.35434e+00 |  2 -0.01041 -9.84151e+00 |  3 -0.01862 -7.27902e-01
  4 -0.01138 -5.85937e-01 |  5 -0.01171 -1.91473e-01 |  6 -0.01221 -2.67655e-01
  7 -0.00800 -3.29585e-01 |  8  0.00427  5.58154e-02 |  9  0.00579  2.71067e-01
 10  0.01401 -3.68053e-01 | 11 -0.01070 -2.33342e-01 | 12 -0.01737 -1.22358e-02
 13 -0.00860  3.58993e-01 | 14 -0.01776 -3.95343e-01 | 15 -0.02090 -3.54094e-01
 16  0.01674 -4.22379e-02 | 17  0.01913  4.54277e-01 | 18  0.01639  2.12614e-01
 19  0.03897 -1.58679e-01 | 20  0.01786 -2.73099e-01 | 21  0.02435  4.68701e-02
 22  0.08215  6.80127e-01 | 23  0.04155  3.41540e-01 | 24  0.01919  3.16186e-01
 25  0.03042  4.89071e-01 | 26  0.01354  3.56323e-01 | 27  0.05375  9.66877e-01
 28  0.03203  1.40151e+00 | 29  0.00404  1.14478e+00 | 30 -0.00733  7.77667e-01
 31 -0.01855  2.10505e-01 | 32 -0.01600  1.10105e+00 | 33 -0.00783  5.47316e-01
 34  0.00292  7.64329e-01 | 35  0.00761  2.08194e-01 | 36  0.01197 -3.40682e-01
 37  0.00443  1.78875e-02 | 38  0.01069  2.02811e-01 | 39  0.00133  8.46193e-01
 40 -0.03417 -5.07478e-01 | 41 -0.03768  2.51581e-02 | 42 -0.03159  4.80914e-01
 43 -0.01030  5.47934e-01 | 44 -0.01398  2.57932e-01 | 45 -0.00101 -4.74156e-01
 46 -0.02842 -3.15662e-01 | 47 -0.01861  2.44068e-01 | 48 -0.01997 -2.44180e-02
 49 -0.00371 -3.06603e-01 | 50 -0.01377 -2.22082e-01 | 51 -0.01685 -4.51000e-01
 52 -0.01231 -4.41287e-01 | 53 -0.01218 -1.50388e-01 | 54 -0.01104 -8.85895e-02
 55 -0.02014 -1.83027e-01 | 56 -0.00876 -2.96993e-01 | 57 -0.00047 -1.17385e-01
 58  0.00000  0.00000e+00 | 59 -0.74572 -1.02109e+01 | 60  0.20981 -1.47009e+01
 61  0.10176 -3.41072e+01 | 62  0.18590  7.19248e-02 | 63  0.05217 -2.39741e-02
 64  0.06169  5.58136e-01 | 65  0.18126 -2.56332e+00 | 66  0.06858 -6.21625e+00
 67  0.16264 -6.55371e+00 | 68  0.05288  1.98878e-02 | 69 -0.17491 -1.22295e+00
 70  0.15510 -9.78324e-01 | 71  0.06689 -8.21388e-02 | 72  0.12731  1.72161e+00
 73 -0.00000 -1.30419e-30 | 74  0.03440 -2.85937e-01 | 75 -0.05834  2.99979e-01
 76 -0.23416 -3.88784e-05 | 77  0.10093 -2.62699e-01 | 78  0.70693  1.62508e-01
 79 -0.14316 -2.96019e-02 | 80  0.09848 -5.10541e-02 | 81 -0.65432 -2.15224e-02

Initial statistics: 91 variables; iteration 0; function evaluation 0; phase 4
Function value 2.5619088e+02; maximum gradient component mag -3.4107e+01
Var    Value     Gradient |Var    Value     Gradient |Var    Value     Gradient
  1  0.05897  4.35434e+00 |  2 -0.01041 -9.84151e+00 |  3  0.00000  2.10407e+01
  4  0.00000  2.44304e+01 |  5  0.00000  1.88419e+01 |  6  0.00000  1.29798e+01
  7  0.00000  1.57891e+01 |  8  0.00000  1.22108e+01 |  9  0.00000  5.82974e-02
 10  0.00000  2.15398e+00 | 11  0.00000 -1.41870e+00 | 12  0.00000  7.58421e+00
 13 -0.01863 -8.39068e-01 | 14 -0.01138 -6.97133e-01 | 15 -0.01171 -3.02668e-01
 16 -0.01222 -3.78848e-01 | 17 -0.00800 -4.40790e-01 | 18  0.00427 -5.53957e-02
 19  0.00578  1.59858e-01 | 20  0.01401 -4.79240e-01 | 21 -0.01070 -3.44540e-01
 22 -0.01737 -1.23408e-01 | 23 -0.00860  2.47790e-01 | 24 -0.01776 -5.06513e-01
 25 -0.02090 -4.65248e-01 | 26  0.01674 -1.53413e-01 | 27  0.01913  3.43113e-01
 28  0.01639  1.01437e-01 | 29  0.03897 -2.69685e-01 | 30  0.01786 -3.84269e-01
 31  0.02435 -6.42622e-02 | 32  0.08214  5.69838e-01 | 33  0.04155  2.30563e-01
 34  0.01918  2.05023e-01 | 35  0.03042  3.77984e-01 | 36  0.01354  2.45135e-01
 37  0.05375  8.56060e-01 | 38  0.03203  1.29043e+00 | 39  0.00404  1.03357e+00
 40 -0.00733  6.66460e-01 | 41 -0.01856  9.93390e-02 | 42 -0.01600  9.89871e-01
 43 -0.00783  4.36111e-01 | 44  0.00292  6.53116e-01 | 45  0.00761  9.69885e-02
 46  0.01196 -4.51876e-01 | 47  0.00443 -9.33234e-02 | 48  0.01069  9.16130e-02
 49  0.00132  7.34980e-01 | 50 -0.03418 -6.18531e-01 | 51 -0.03769 -8.58607e-02
 52 -0.03160  3.69837e-01 | 53 -0.01030  4.36735e-01 | 54 -0.01398  1.46745e-01
 55 -0.00101 -5.85370e-01 | 56 -0.02842 -4.26765e-01 | 57 -0.01861  1.32902e-01
 58 -0.01998 -1.35577e-01 | 59 -0.00371 -4.17815e-01 | 60 -0.01378 -3.33269e-01
 61 -0.01686 -5.62174e-01 | 62 -0.01231 -5.52479e-01 | 63 -0.01219 -2.61581e-01
 64 -0.01105 -1.99786e-01 | 65 -0.02014 -2.94185e-01 | 66 -0.00876 -2.96993e-01
 67 -0.00047 -1.17385e-01 | 68  0.00000  0.00000e+00 | 69 -0.74572 -1.02109e+01
 70  0.20981 -1.47009e+01 | 71  0.10176 -3.41072e+01 | 72  0.18590  7.19248e-02
 73  0.05217 -2.39741e-02 | 74  0.06169  5.58136e-01 | 75  0.18126 -2.56332e+00
 76  0.06858 -6.21625e+00 | 77  0.16264 -6.55371e+00 | 78  0.05288  1.98878e-02
 79 -0.17491 -1.22295e+00 | 80  0.15510 -9.78324e-01 | 81  0.06689 -8.21388e-02
 82  0.12731  1.72161e+00 | 83  0.00000 -1.30419e-30 | 84  0.03440 -2.85937e-01
 85 -0.05834  2.99979e-01 | 86 -0.23416 -3.88784e-05 | 87  0.10093 -2.62699e-01
 88  0.70693  1.62508e-01 | 89 -0.14316 -2.96019e-02 | 90  0.09848 -5.10541e-02
 91 -0.65432 -2.15224e-02 |

Intermediate statistics: 91 variables; iteration 20; function evaluation 31; phase 4
Function value 2.5542637e+02; maximum gradient component mag -2.1632e+02
Var    Value     Gradient |Var    Value     Gradient |Var    Value     Gradient
  1  0.05929 -1.07771e+02 |  2 -0.01172 -1.27789e+01 |  3 -0.01454  8.92022e+00
  4 -0.01537  1.11598e+01 |  5 -0.01191  9.39142e+00 |  6 -0.00753  7.73403e+00
  7 -0.00919  8.94123e+00 |  8 -0.00648  7.83700e+00 |  9  0.00546  5.08060e+00
 10  0.00306  5.98416e+00 | 11  0.00661  6.04866e+00 | 12 -0.00121  9.26948e+00
 13 -0.01444  7.54135e+00 | 14 -0.00934  6.80365e+00 | 15 -0.01167  5.50736e+00
 16 -0.01272  4.66640e+00 | 17 -0.00758  5.44243e+00 | 18  0.00509  6.74846e+00
 19  0.00595  7.12462e+00 | 20  0.01471  7.09239e+00 | 21 -0.01014  5.07721e+00
 22 -0.01691  4.40274e+00 | 23 -0.00877  4.28287e+00 | 24 -0.01781  3.14189e+00
 25 -0.02131  2.07675e+00 | 26  0.01658  2.49340e+00 | 27  0.01907  2.39835e+00
 28  0.01601  1.56541e+00 | 29  0.03850  7.22872e-01 | 30  0.01811  1.08561e+00
 31  0.02488  1.66385e+00 | 32  0.08215  3.12503e-02 | 33  0.04137 -1.24270e+00
 34  0.01845 -2.80502e+00 | 35  0.02935 -4.80646e+00 | 36  0.01312 -3.93422e+00
 37  0.05275 -8.72306e+00 | 38  0.03111 -7.62574e+00 | 39  0.00332 -6.55429e+00
 40 -0.00812 -7.36391e+00 | 41 -0.01888 -7.76437e+00 | 42 -0.01697 -8.62935e+00
 43 -0.00840 -9.07725e+00 | 44  0.00196 -7.40794e+00 | 45  0.00733 -4.13338e+00
 46  0.01285 -2.17390e+00 | 47  0.00484 -2.23351e+00 | 48  0.01054 -5.18913e+00
 49 -0.00007 -7.01870e+00 | 50 -0.03459 -4.81831e+00 | 51 -0.03844 -3.64599e+00
 52 -0.03224 -3.22039e+00 | 53 -0.01107 -4.59252e+00 | 54 -0.01491 -4.23493e+00
 55 -0.00112 -3.12267e+00 | 56 -0.02739  6.53263e-01 | 57 -0.01743  1.78166e+00
 58 -0.01959  6.93010e-01 | 59 -0.00423 -1.30008e+00 | 60 -0.01436 -9.38792e-01
 61 -0.01668  6.08384e-01 | 62 -0.01161  2.06342e+00 | 63 -0.01158  2.82189e+00
 64 -0.01054  2.81497e+00 | 65 -0.01946  2.33723e+00 | 66 -0.00832  1.27984e-01
 67 -0.00035 -2.21489e-02 | 68  0.00000  0.00000e+00 | 69 -0.74659 -1.29657e+01
 70  0.21507  1.92651e+01 | 71  0.09960  2.65666e+01 | 72  0.18697 -1.65453e+01
 73  0.05204  2.74264e-04 | 74  0.06240  2.96066e+00 | 75  0.18055 -2.16321e+02
 76  0.06925 -2.09887e+02 | 77  0.16292  1.88294e+01 | 78  0.05515  4.36916e-01
 79 -0.17169  5.92110e-01 | 80  0.15927 -7.15721e+00 | 81  0.05979 -4.82819e-01
 82  0.12924  2.39370e+01 | 83 -0.00000 -4.67105e-30 | 84  0.03616  6.13044e+00
 85 -0.05801 -7.00383e+00 | 86 -0.23416 -1.08910e-04 | 87  0.10153  1.19359e+01
 88  0.70585  1.05962e-01 | 89 -0.14200  2.70757e-01 | 90  0.09975  7.39387e+00
 91 -0.65292 -1.41801e+00 |
91 variables; iteration 40; function evaluation 53; phase 4
Function value 2.5523307e+02; maximum gradient component mag -5.2260e+02
Var    Value     Gradient |Var    Value     Gradient |Var    Value     Gradient
  1  0.05953 -5.22602e+02 |  2 -0.01134 -3.64949e+01 |  3 -0.01939  1.15250e+00
  4 -0.02296 -2.57654e-01 |  5 -0.01521  1.15850e+00 |  6 -0.00890  4.29255e-01
  7 -0.01317 -9.28884e-01 |  8 -0.01070 -2.83362e+00 |  9  0.00538 -3.97856e+00
 10  0.00176 -3.98812e+00 | 11  0.00808 -3.53349e+00 | 12 -0.00330 -3.25026e+00
 13 -0.01434  5.30873e+00 | 14 -0.00953  4.55916e+00 | 15 -0.01107  5.76779e+00
 16 -0.01161  6.84166e+00 | 17 -0.00700  6.21089e+00 | 18  0.00469  3.99147e+00
 19  0.00521  2.33489e+00 | 20  0.01456  6.20075e-01 | 21 -0.00959  2.71420e+00
 22 -0.01648  2.97598e+00 | 23 -0.00995  5.16386e-02 | 24 -0.01836  1.45619e-01
 25 -0.02103  8.58207e-01 | 26  0.01655 -3.51385e+00 | 27  0.01880 -3.93936e+00
 28  0.01577 -5.88240e-01 | 29  0.03938  6.75328e-01 | 30  0.01946  4.60691e+00
 31  0.02209  3.17191e+00 | 32  0.08558 -5.97416e-01 | 33  0.03652 -1.80176e+00
 34  0.02165  1.99289e+00 | 35  0.02812 -1.92918e+00 | 36  0.01256  5.18336e-01
 37  0.05316 -5.84501e+00 | 38  0.02950 -5.62432e+00 | 39  0.00361 -3.12729e+00
 40 -0.00859 -4.44582e+00 | 41 -0.01884 -3.97320e+00 | 42 -0.01712 -3.78586e+00
 43 -0.00767 -1.60304e+00 | 44  0.00248 -8.73142e-02 | 45  0.00707 -3.06812e-02
 46  0.01268 -2.73845e-02 | 47  0.00508  9.43877e-01 | 48  0.01026 -1.86483e+00
 49 -0.00066 -2.92671e+00 | 50 -0.03386  1.07746e+00 | 51 -0.03854  4.23072e-01
 52 -0.03276 -1.92186e-01 | 53 -0.01084  4.68179e-01 | 54 -0.01450  3.45779e+00
 55 -0.00022  4.51811e+00 | 56 -0.02661  6.58088e+00 | 57 -0.01728  5.68710e+00
 58 -0.01959  5.42574e+00 | 59 -0.00402  5.92268e+00 | 60 -0.01373  7.82200e+00
 61 -0.01602  7.90212e+00 | 62 -0.01207  6.45898e+00 | 63 -0.01201  7.33636e+00
 64 -0.00956  1.02632e+01 | 65 -0.01899  1.03765e+01 | 66 -0.00835  1.19967e-03
 67 -0.00027  3.30737e-02 | 68  0.00000  0.00000e+00 | 69 -0.74626 -3.29264e+01
 70  0.21543  1.59321e-01 | 71  0.09951  1.75924e+00 | 72  0.18688  1.65530e+00
 73  0.05217  2.58063e-04 | 74  0.06096 -2.47791e+00 | 75  0.18064  2.43878e+02
 76  0.06917  2.28710e+02 | 77  0.16181 -1.56933e+01 | 78  0.04320 -5.33449e-01
 79 -0.17189 -3.33264e+00 | 80  0.15818 -1.06330e+01 | 81  0.06182 -1.50117e+00
 82  0.12830  2.01844e+01 | 83  0.00000 -9.83896e-30 | 84  0.03630  1.56822e+00
 85 -0.05676 -3.48586e+00 | 86 -0.23410 -2.55866e-04 | 87  0.10180  4.78903e+00
 88  0.69863 -9.40164e-01 | 89 -0.14073 -1.54668e+00 | 90  0.09975  2.65248e+00
 91 -0.65348 -1.09746e+00 |
91 variables; iteration 60; function evaluation 82; phase 4
Function value 2.5515034e+02; maximum gradient component mag -4.4048e+02
Var    Value     Gradient |Var    Value     Gradient |Var    Value     Gradient
  1  0.05969 -4.40480e+02 |  2 -0.01099 -3.43297e+01 |  3 -0.02284 -2.26841e+00
  4 -0.02511 -2.69464e+00 |  5 -0.01867 -2.70889e+00 |  6 -0.01145 -2.73344e+00
  7 -0.01539 -3.54683e+00 |  8 -0.01160 -4.11038e+00 |  9  0.00585 -4.54547e+00
 10  0.00139 -5.35878e+00 | 11  0.00843 -4.87203e+00 | 12 -0.00435 -5.51988e+00
 13 -0.01398  9.04826e-01 | 14 -0.00914  3.46268e-01 | 15 -0.01181  4.60860e-01
 16 -0.01275  9.78008e-01 | 17 -0.00751  8.83981e-01 | 18  0.00486 -1.74622e-01
 19  0.00558 -8.03740e-01 | 20  0.01472 -2.41996e+00 | 21 -0.00982 -7.13556e-01
 22 -0.01659  6.65870e-02 | 23 -0.00910 -1.02535e+00 | 24 -0.01792 -1.09309e+00
 25 -0.02114 -1.25427e+00 | 26  0.01636 -5.42833e+00 | 27  0.01914 -5.18074e+00
 28  0.01565 -3.22913e+00 | 29  0.03908 -2.80829e+00 | 30  0.01768 -7.23855e-02
 31  0.02506  1.07277e+00 | 32  0.08218 -3.26077e+00 | 33  0.04165 -4.21734e-01
 34  0.01839  1.32135e-02 | 35  0.02911 -1.11115e+00 | 36  0.01302  7.11635e-01
 37  0.05243 -3.04432e+00 | 38  0.03105 -2.40703e+00 | 39  0.00227 -2.68493e+00
 40 -0.00844 -3.16953e+00 | 41 -0.01893 -2.96354e+00 | 42 -0.01702 -3.03640e+00
 43 -0.00843 -2.86363e+00 | 44  0.00156 -2.27218e+00 | 45  0.00723 -1.16992e+00
 46  0.01271 -1.10809e+00 | 47  0.00489 -1.77609e-01 | 48  0.01052 -1.26041e+00
 49  0.00019 -1.13010e+00 | 50 -0.03381  7.69119e-01 | 51 -0.03825  2.45176e-01
 52 -0.03214  1.66332e-01 | 53 -0.01084  3.08514e-01 | 54 -0.01463  1.63088e+00
 55 -0.00065  1.16873e+00 | 56 -0.02735  2.24695e+00 | 57 -0.01775  1.96424e+00
 58 -0.01936  3.16884e+00 | 59 -0.00368  3.93543e+00 | 60 -0.01427  3.90817e+00
 61 -0.01673  3.28637e+00 | 62 -0.01146  3.42029e+00 | 63 -0.01145  4.24263e+00
 64 -0.01069  5.02374e+00 | 65 -0.01958  5.83337e+00 | 66 -0.00832 -4.95826e-02
 67 -0.00028  2.61497e-02 | 68  0.00000  0.00000e+00 | 69 -0.74631 -3.08894e+01
 70  0.21521 -5.80892e+00 | 71  0.09958 -7.30737e+00 | 72  0.18670  4.32346e+00
 73  0.06470  3.07394e-04 | 74  0.06162 -2.34470e+00 | 75  0.18052  3.74921e+02
 76  0.06929  3.58944e+02 | 77  0.16137 -2.07448e+01 | 78  0.03544 -7.94465e-01
 79 -0.17425 -4.37511e+00 | 80  0.15817 -3.49360e+00 | 81  0.06031 -5.29460e-01
 82  0.12779  3.25012e+00 | 83  0.00000 -6.86712e-30 | 84  0.03597 -1.53382e+00
 85 -0.05691 -1.04287e+00 | 86 -0.23397 -5.71441e-05 | 87  0.10167  3.69363e+00
 88  0.70354 -1.19837e-01 | 89 -0.14199 -1.32547e+00 | 90  0.09984 -3.68447e-01
 91 -0.65332 -2.34973e-01 |
91 variables; iteration 80; function evaluation 114; phase 4
Function value 2.5512695e+02; maximum gradient component mag -1.4815e+02
Var    Value     Gradient |Var    Value     Gradient |Var    Value     Gradient
  1  0.05989 -3.29625e+01 |  2 -0.01139  1.27323e+01 |  3 -0.02310 -3.20541e-01
  4 -0.02552 -4.68237e-01 |  5 -0.01985 -6.54530e-01 |  6 -0.01327 -7.61087e-01
  7 -0.01641 -7.64873e-01 |  8 -0.01215 -5.35064e-01 |  9  0.00416 -1.00255e+00
 10  0.00172 -5.31906e-01 | 11  0.00661 -9.61375e-01 | 12 -0.00475 -9.54849e-01
 13 -0.01418  6.87531e-01 | 14 -0.00962  2.71721e-01 | 15 -0.01207  3.87827e-01
 16 -0.01332  2.31792e-01 | 17 -0.00782  4.17187e-01 | 18  0.00466  3.09672e-01
 19  0.00539  1.73094e-01 | 20  0.01440 -3.93139e-01 | 21 -0.01021 -1.19239e-01
 22 -0.01728 -1.93209e-01 | 23 -0.00920  8.69791e-03 | 24 -0.01793  2.19319e-01
 25 -0.02152  8.40097e-02 | 26  0.01668 -4.45977e-01 | 27  0.01927 -2.11911e-01
 28  0.01613  3.38411e-01 | 29  0.03890  2.39974e-01 | 30  0.01852  4.85174e-01
 31  0.02524  5.51205e-01 | 32  0.08227 -4.23583e-01 | 33  0.04150  3.82196e-01
 34  0.01828  4.43200e-01 | 35  0.02918  3.22421e-01 | 36  0.01268  3.78857e-01
 37  0.05207 -2.94239e-01 | 38  0.03012 -2.63570e-01 | 39  0.00284  1.62611e-01
 40 -0.00857 -5.93435e-02 | 41 -0.01902 -6.25965e-02 | 42 -0.01744 -2.66942e-01
 43 -0.00866 -2.60297e-01 | 44  0.00148 -2.94461e-01 | 45  0.00704 -1.85691e-01
 46  0.01340  2.19498e-01 | 47  0.00532  3.89779e-01 | 48  0.01109  4.05207e-01
 49  0.00013  2.56595e-01 | 50 -0.03408  4.37587e-01 | 51 -0.03802  7.07524e-01
 52 -0.03193  7.31440e-01 | 53 -0.01079  4.69970e-01 | 54 -0.01485  3.16289e-01
 55 -0.00047  3.23051e-01 | 56 -0.02642  8.86932e-01 | 57 -0.01647  9.55114e-01
 58 -0.01917  7.61286e-01 | 59 -0.00412  4.59355e-01 | 60 -0.01440  5.08478e-01
 61 -0.01635  6.68144e-01 | 62 -0.01101  8.54445e-01 | 63 -0.01123  9.94807e-01
 64 -0.01040  1.14164e+00 | 65 -0.01943  1.28464e+00 | 66 -0.00819 -4.26199e-02
 67 -0.00035 -2.83488e-02 | 68  0.00000  0.00000e+00 | 69 -0.74605  1.22146e+01
 70  0.21732 -1.04703e+00 | 71  0.09860 -7.19330e-01 | 72  0.18698  8.46063e-02
 73  0.09248  2.09709e-04 | 74  0.06240 -4.42037e-01 | 75  0.18069 -1.48146e+02
 76  0.06910 -1.35070e+02 | 77  0.16120  8.80127e+00 | 78  0.02642  2.75746e-01
 79 -0.17318  1.32632e+00 | 80  0.15949 -1.38108e+00 | 81  0.05820 -3.53345e-01
 82  0.12811  9.03200e-01 | 83  0.00000 -5.70430e-30 | 84  0.03621 -8.08580e-01
 85 -0.05725 -8.98574e-01 | 86 -0.23353 -9.64789e-05 | 87  0.10124  7.17030e-01
 88  0.70362  7.47601e-05 | 89 -0.14077  7.84293e-02 | 90  0.10048  2.18576e-01
 91 -0.65271 -2.50910e-01 |
91 variables; iteration 100; function evaluation 149; phase 4
Function value 2.5512471e+02; maximum gradient component mag -1.2446e+02
Var    Value     Gradient |Var    Value     Gradient |Var    Value     Gradient
  1  0.05995  4.14023e+01 |  2 -0.01163  1.15359e+01 |  3 -0.02324  1.07250e-01
  4 -0.02572  2.30108e-02 |  5 -0.01983  2.22366e-01 |  6 -0.01324  2.68646e-01
  7 -0.01652  1.31913e-01 |  8 -0.01268  6.10759e-02 |  9  0.00391  4.19208e-02
 10  0.00082 -7.09701e-03 | 11  0.00628  1.60460e-01 | 12 -0.00479  2.31921e-01
 13 -0.01474 -1.50489e-02 | 14 -0.00967  9.71440e-02 | 15 -0.01248 -5.04264e-02
 16 -0.01329  8.55306e-02 | 17 -0.00791  3.25055e-02 | 18  0.00436 -2.87080e-01
 19  0.00521 -1.09188e-01 | 20  0.01444  1.73661e-01 | 21 -0.01031  2.94795e-01
 22 -0.01705  4.06602e-01 | 23 -0.00923  3.35510e-01 | 24 -0.01809  2.10888e-01
 25 -0.02160  2.52295e-01 | 26  0.01681  6.89795e-01 | 27  0.01928  7.07657e-01
 28  0.01601  6.48129e-01 | 29  0.03900  6.30795e-01 | 30  0.01866  3.00052e-01
 31  0.02509  2.89624e-01 | 32  0.08281  8.11915e-01 | 33  0.04111  2.95633e-01
 34  0.01837  2.16283e-01 | 35  0.02909  2.10037e-01 | 36  0.01264  1.35819e-01
 37  0.05189  3.63890e-01 | 38  0.03020  2.68698e-01 | 39  0.00245 -3.23074e-02
 40 -0.00859  6.35097e-02 | 41 -0.01912  1.18309e-01 | 42 -0.01738  3.71930e-01
 43 -0.00879  3.82632e-01 | 44  0.00146  3.46773e-01 | 45  0.00726  1.92749e-01
 46  0.01345  1.06663e-01 | 47  0.00564  2.44893e-01 | 48  0.01103  2.20110e-01
 49  0.00010  2.81054e-01 | 50 -0.03398  2.85019e-01 | 51 -0.03814  1.95490e-01
 52 -0.03194  3.59933e-01 | 53 -0.01081  4.48554e-01 | 54 -0.01472  4.85378e-01
 55 -0.00029  3.39464e-01 | 56 -0.02622  1.54194e-01 | 57 -0.01626  1.56678e-01
 58 -0.01891  3.34762e-01 | 59 -0.00404  2.65970e-01 | 60 -0.01428  1.85227e-01
 61 -0.01629  3.58042e-02 | 62 -0.01080  1.63775e-01 | 63 -0.01108  1.30410e-01
 64 -0.01030  1.26139e-01 | 65 -0.01949 -1.97876e-02 | 66 -0.00826 -1.07046e-01
 67 -0.00031 -2.22719e-03 | 68  0.00000  0.00000e+00 | 69 -0.74590  1.08632e+01
 70  0.21882 -9.38592e-01 | 71  0.09786 -1.86465e+00 | 72  0.18728  4.09684e-02
 73  0.10035 -2.50754e-03 | 74  0.06265 -3.70700e-02 | 75  0.18082 -1.24458e+02
 76  0.06896 -1.11320e+02 | 77  0.16122  9.56113e+00 | 78  0.02271  2.17808e-01
 79 -0.17276  1.31613e+00 | 80  0.15990 -2.33156e+00 | 81  0.05886 -7.71501e-01
 82  0.12825  2.65657e+00 | 83  0.00000 -7.53213e-30 | 84  0.03636 -2.92205e-01
 85 -0.05686 -9.71181e-01 | 86 -0.23263 -6.59411e-05 | 87  0.10145  1.45751e+00
 88  0.70262 -9.67328e-02 | 89 -0.14061 -1.98432e-01 | 90  0.10076  6.91481e-01
 91 -0.65246 -3.20908e-01 |
91 variables; iteration 120; function evaluation 177; phase 4
Function value 2.5511321e+02; maximum gradient component mag 1.0463e+02
Var    Value     Gradient |Var    Value     Gradient |Var    Value     Gradient
  1  0.05995 -1.84587e+01 |  2 -0.01153 -7.45085e+00 |  3 -0.02337 -3.37541e-02
  4 -0.02568  1.67817e-02 |  5 -0.02003 -4.65646e-02 |  6 -0.01348 -6.56899e-02
  7 -0.01659 -1.80186e-02 |  8 -0.01269 -2.24836e-02 |  9  0.00409  5.18065e-02
 10  0.00096 -5.57871e-02 | 11  0.00627 -5.38085e-02 | 12 -0.00500 -1.37872e-01
 13 -0.01466 -2.25768e-01 | 14 -0.00974 -2.29379e-01 | 15 -0.01233 -1.69151e-01
 16 -0.01332 -1.41017e-01 | 17 -0.00799 -1.08451e-01 | 18  0.00466  3.86354e-03
 19  0.00535 -2.38876e-02 | 20  0.01446 -1.39703e-01 | 21 -0.01030 -2.84704e-01
 22 -0.01717 -3.63579e-01 | 23 -0.00916 -3.31420e-01 | 24 -0.01807 -3.56508e-01
 25 -0.02160 -3.98210e-01 | 26  0.01671 -5.74722e-01 | 27  0.01931 -7.13300e-01
 28  0.01594 -6.61807e-01 | 29  0.03888 -5.86583e-01 | 30  0.01862 -4.05878e-01
 31  0.02514 -3.67574e-01 | 32  0.08258 -4.99139e-01 | 33  0.04123 -3.38941e-01
 34  0.01829 -2.49398e-01 | 35  0.02912 -2.00280e-01 | 36  0.01264 -2.41608e-01
 37  0.05190 -2.63250e-01 | 38  0.03012 -1.74588e-01 | 39  0.00256 -7.99671e-02
 40 -0.00858 -1.46224e-02 | 41 -0.01904 -5.43571e-02 | 42 -0.01743 -1.91312e-01
 43 -0.00879 -2.48898e-01 | 44  0.00141 -1.65440e-01 | 45  0.00733 -5.15927e-02
 46  0.01348 -9.80777e-02 | 47  0.00549 -2.07821e-01 | 48  0.01106 -2.62105e-01
 49  0.00010 -2.92851e-01 | 50 -0.03404 -2.63485e-01 | 51 -0.03810 -2.95695e-01
 52 -0.03199 -3.71041e-01 | 53 -0.01083 -4.47422e-01 | 54 -0.01487 -3.93419e-01
 55 -0.00036 -3.40010e-01 | 56 -0.02627 -2.64351e-01 | 57 -0.01627 -3.23560e-01
 58 -0.01905 -3.59111e-01 | 59 -0.00403 -3.03239e-01 | 60 -0.01431 -2.13572e-01
 61 -0.01622 -2.26885e-01 | 62 -0.01087 -2.52714e-01 | 63 -0.01109 -2.86228e-01
 64 -0.01037 -3.03362e-01 | 65 -0.01954 -2.12282e-01 | 66 -0.00813  1.85512e-02
 67 -0.00031 -1.54150e-03 | 68  0.00000  0.00000e+00 | 69 -0.74546 -7.04819e+00
 70  0.21926  4.35635e-01 | 71  0.09757  3.94803e-01 | 72  0.18740  1.35294e-01
 73  0.10964 -7.55916e-03 | 74  0.06266 -2.57378e-02 | 75  0.18274  1.04635e+02
 76  0.06687  9.54465e+01 | 77  0.16179 -6.15940e+00 | 78 -0.01985 -1.03843e-01
 79 -0.17329 -8.27662e-01 | 80  0.15922  2.75050e+00 | 81  0.06256  2.26552e+00
 82  0.12801  8.92732e-01 | 83  0.00000  7.96997e-30 | 84  0.03620  3.57995e-01
 85 -0.05688  1.24773e+00 | 86 -0.23092  5.17736e-05 | 87  0.10134 -1.60642e+00
 88  0.70277  9.10650e-02 | 89 -0.14058  1.31896e-01 | 90  0.10071 -5.17989e-01
 91 -0.65229  2.56997e-01 |
91 variables; iteration 140; function evaluation 200; phase 4
Function value 2.5510606e+02; maximum gradient component mag -1.3723e+02
Var    Value     Gradient |Var    Value     Gradient |Var    Value     Gradient
  1  0.05995  7.06699e+00 |  2 -0.01144 -4.18197e-02 |  3 -0.02336  7.82580e-02
  4 -0.02573  9.69540e-02 |  5 -0.02002  1.18461e-01 |  6 -0.01345  1.36856e-01
  7 -0.01661  1.34780e-01 |  8 -0.01271  1.33832e-01 |  9  0.00398  1.70903e-01
 10  0.00094  1.38859e-01 | 11  0.00623  2.05311e-01 | 12 -0.00494  1.80418e-01
 13 -0.01468  3.88846e-02 | 14 -0.00973  4.75232e-02 | 15 -0.01237  5.42009e-02
 16 -0.01336  4.07767e-02 | 17 -0.00802  2.87106e-02 | 18  0.00461  7.65003e-02
 19  0.00534  7.46874e-02 | 20  0.01437  1.14893e-01 | 21 -0.01033  7.23408e-02
 22 -0.01715  3.38947e-02 | 23 -0.00911  2.47996e-02 | 24 -0.01810 -1.35812e-02
 25 -0.02162 -1.58073e-02 | 26  0.01673  3.66057e-02 | 27  0.01941  2.28581e-02
 28  0.01600 -2.38709e-02 | 29  0.03887 -1.19849e-02 | 30  0.01866 -5.01470e-02
 31  0.02517 -5.29939e-02 | 32  0.08263  4.47646e-02 | 33  0.04122 -2.00864e-02
 34  0.01828 -3.62361e-02 | 35  0.02909 -2.55683e-02 | 36  0.01265 -5.96721e-02
 37  0.05193 -5.71226e-03 | 38  0.03010 -5.51598e-03 | 39  0.00249 -2.51418e-02
 40 -0.00863 -1.23753e-03 | 41 -0.01904 -7.90568e-03 | 42 -0.01739 -2.32344e-02
 43 -0.00878 -3.07736e-02 | 44  0.00140 -3.93632e-02 | 45  0.00737 -3.38548e-02
 46  0.01344 -4.66857e-02 | 47  0.00552 -7.44800e-02 | 48  0.01108 -6.82926e-02
 49  0.00010 -7.22161e-02 | 50 -0.03404 -8.01568e-02 | 51 -0.03810 -8.92776e-02
 52 -0.03197 -9.98761e-02 | 53 -0.01081 -1.00848e-01 | 54 -0.01484 -1.10037e-01
 55 -0.00032 -1.01561e-01 | 56 -0.02624 -1.06418e-01 | 57 -0.01622 -1.14747e-01
 58 -0.01900 -1.20976e-01 | 59 -0.00402 -1.09836e-01 | 60 -0.01433 -1.15129e-01
 61 -0.01621 -1.21446e-01 | 62 -0.01086 -1.17543e-01 | 63 -0.01107 -1.18198e-01
 64 -0.01032 -1.35753e-01 | 65 -0.01954 -1.39492e-01 | 66 -0.00815  5.00584e-03
 67 -0.00031  2.98090e-03 | 68  0.00000  0.00000e+00 | 69 -0.74483 -1.16677e-01
 70  0.21892  1.24391e+00 | 71  0.09784  2.47439e+00 | 72  0.18730 -1.53413e-01
 73  0.08779  9.43364e-04 | 74  0.06262  8.64430e-02 | 75  0.18487 -1.37234e+02
 76  0.06439 -1.14654e+02 | 77  0.16249 -2.77341e-01 | 78 -0.14887  2.62276e-02
 79 -0.17310  1.93543e-02 | 80  0.15922 -1.39868e-01 | 81  0.06236 -1.45387e-01
 82  0.12797  1.24036e-01 | 83  0.00000 -1.44907e-30 | 84  0.03622  8.24468e-02
 85 -0.05689  1.13222e-01 | 86 -0.23090  2.75734e-05 | 87  0.10138 -1.22585e-01
 88  0.70276  7.21286e-03 | 89 -0.14057  6.11283e-03 | 90  0.10075 -1.73315e-02
 91 -0.65235  1.82587e-02 |
91 variables; iteration 160; function evaluation 226; phase 4
Function value 2.5510426e+02; maximum gradient component mag 1.5498e+03
Var    Value     Gradient |Var    Value     Gradient |Var    Value     Gradient
  1  0.05996 -8.94222e+00 |  2 -0.01141 -4.65129e+00 |  3 -0.02337  7.92896e-03
  4 -0.02576 -2.21469e-03 |  5 -0.02003  1.33745e-02 |  6 -0.01347  1.33678e-02
  7 -0.01664  4.35431e-03 |  8 -0.01273 -2.64193e-03 |  9  0.00394 -1.41398e-02
 10  0.00092 -1.55757e-02 | 11  0.00620  1.28735e-02 | 12 -0.00495  9.38899e-03
 13 -0.01469  1.86916e-02 | 14 -0.00973  1.58898e-02 | 15 -0.01240  1.16458e-02
 16 -0.01338  1.57560e-02 | 17 -0.00803  6.26169e-03 | 18  0.00458  2.47837e-03
 19  0.00534 -4.23530e-04 | 20  0.01435  1.21996e-02 | 21 -0.01035  2.91361e-02
 22 -0.01716  2.44171e-02 | 23 -0.00909  1.56099e-02 | 24 -0.01811  1.12997e-03
 25 -0.02164  3.45614e-03 | 26  0.01674  2.37335e-02 | 27  0.01944  3.34497e-02
 28  0.01602  4.20978e-02 | 29  0.03887  3.72029e-02 | 30  0.01867  2.38165e-02
 31  0.02519  2.89071e-02 | 32  0.08264  6.65291e-02 | 33  0.04122  3.16185e-02
 34  0.01826  2.02060e-02 | 35  0.02909  1.89942e-02 | 36  0.01264  1.12025e-02
 37  0.05193  1.98225e-02 | 38  0.03009  1.24378e-02 | 39  0.00247 -8.76947e-03
 40 -0.00865 -4.33254e-03 | 41 -0.01904  2.66384e-03 | 42 -0.01738  8.68475e-03
 43 -0.00879  1.23928e-02 | 44  0.00139 -1.75745e-03 | 45  0.00739 -2.33404e-04
 46  0.01344  1.97191e-04 | 47  0.00554  1.22905e-02 | 48  0.01109  1.13787e-02
 49  0.00010  8.32364e-03 | 50 -0.03404  1.84069e-02 | 51 -0.03809  1.70218e-02
 52 -0.03196  2.64719e-02 | 53 -0.01080  2.58964e-02 | 54 -0.01484  2.08817e-02
 55 -0.00031  1.62860e-02 | 56 -0.02621  2.35535e-02 | 57 -0.01619  2.46943e-02
 58 -0.01898  3.15223e-02 | 59 -0.00402  2.07246e-02 | 60 -0.01433  8.24924e-03
 61 -0.01621  5.71991e-04 | 62 -0.01084  2.01456e-02 | 63 -0.01105  3.41949e-02
 64 -0.01030  2.65314e-02 | 65 -0.01954  1.79683e-02 | 66 -0.00816 -2.80418e-03
 67 -0.00031  4.03752e-05 | 68  0.00000  0.00000e+00 | 69 -0.74461 -4.37382e+00
 70  0.21907 -4.63207e-01 | 71  0.09776 -1.08667e+00 | 72  0.18733 -6.88067e-02
 73  0.04968  2.45480e-04 | 74  0.06267 -3.89469e-02 | 75  0.18561  1.54984e+03
 76  0.06350  1.28302e+03 | 77  0.16272 -3.05361e+00 | 78 -0.21987 -1.33430e-01
 79 -0.17307 -5.76275e-01 | 80  0.15912 -1.23423e-01 | 81  0.06252  1.01530e-02
 82  0.12793  2.19790e-01 | 83  0.00000 -8.54296e-31 | 84  0.03622 -3.08731e-02
 85 -0.05689 -6.90789e-02 | 86 -0.23334 -7.54290e-05 | 87  0.10138  1.23034e-01
 88  0.70275 -3.33708e-03 | 89 -0.14055 -1.19532e-02 | 90  0.10077  6.69934e-02
 91 -0.65235 -2.98067e-02 |
91 variables; iteration 180; function evaluation 249; phase 4
Function value 2.5510338e+02; maximum gradient component mag 2.4658e+03
Var    Value     Gradient |Var    Value     Gradient |Var    Value     Gradient
  1  0.05996 -5.98190e+00 |  2 -0.01142 -3.56851e+00 |  3 -0.02341 -1.85310e-02
  4 -0.02579 -2.18603e-02 |  5 -0.02009 -3.72374e-02 |  6 -0.01353 -4.08308e-02
  7 -0.01668 -2.40431e-02 |  8 -0.01274  1.71569e-03 |  9  0.00391 -1.85466e-02
 10  0.00098  3.68556e-02 | 11  0.00612 -5.27288e-02 | 12 -0.00495 -2.99625e-03
 13 -0.01470 -2.91863e-02 | 14 -0.00973 -2.27617e-02 | 15 -0.01240 -3.23213e-02
 16 -0.01341 -4.24547e-02 | 17 -0.00802 -8.21656e-03 | 18  0.00457 -2.03371e-02
 19  0.00536 -7.75292e-03 | 20  0.01434 -2.55452e-02 | 21 -0.01039 -5.62418e-02
 22 -0.01717 -4.39698e-02 | 23 -0.00909 -1.75086e-02 | 24 -0.01811  1.20145e-02
 25 -0.02165  8.80207e-03 | 26  0.01674  2.21036e-02 | 27  0.01947  3.46310e-02
 28  0.01602  2.47650e-02 | 29  0.03886  2.11409e-02 | 30  0.01868  8.40972e-04
 31  0.02521 -2.46848e-03 | 32  0.08261 -2.42149e-02 | 33  0.04124  5.53200e-03
 34  0.01825  1.09419e-02 | 35  0.02908  1.63375e-02 | 36  0.01264  7.96351e-03
 37  0.05193  2.65316e-02 | 38  0.03006  1.91051e-02 | 39  0.00249  5.17569e-02
 40 -0.00866  3.74650e-02 | 41 -0.01904  3.65325e-02 | 42 -0.01738  3.77016e-02
 43 -0.00880  2.57169e-02 | 44  0.00139  2.48494e-02 | 45  0.00739  9.43207e-03
 46  0.01345  2.67132e-02 | 47  0.00554  2.18596e-02 | 48  0.01110  3.88231e-02
 49  0.00010  3.36236e-02 | 50 -0.03405  8.74130e-03 | 51 -0.03808  3.31270e-02
 52 -0.03195  3.29703e-02 | 53 -0.01080  1.18127e-02 | 54 -0.01485 -7.76278e-03
 55 -0.00030  4.98922e-03 | 56 -0.02621 -1.79109e-03 | 57 -0.01616  1.41539e-02
 58 -0.01897 -4.64699e-03 | 59 -0.00404 -3.76568e-02 | 60 -0.01434 -2.92074e-02
 61 -0.01618  2.41815e-03 | 62 -0.01083 -8.54719e-03 | 63 -0.01106 -2.24737e-02
 64 -0.01029 -1.65544e-02 | 65 -0.01955 -2.10683e-02 | 66 -0.00816 -4.31995e-03
 67 -0.00032 -4.94044e-03 | 68  0.00000  0.00000e+00 | 69 -0.74445 -3.32120e+00
 70  0.21902 -2.30067e-01 | 71  0.09778 -4.21162e-01 | 72  0.18731 -6.79558e-03
 73  0.00784  3.87034e-05 | 74  0.06273  2.36884e-02 | 75  0.18603  2.46577e+03
 76  0.06299  2.00985e+03 | 77  0.16284 -2.41324e+00 | 78 -0.27174 -1.15534e-01
 79 -0.17307 -4.69213e-01 | 80  0.15917  2.50636e-01 | 81  0.06246  9.53843e-02
 82  0.12793 -3.14879e-01 | 83  0.00000 -5.25218e-31 | 84  0.03622 -2.76196e-04
 85 -0.05691 -9.47201e-03 | 86 -0.22885  1.11157e-04 | 87  0.10137 -6.37128e-02
 88  0.70275  2.59770e-03 | 89 -0.14051  3.14644e-02 | 90  0.10078 -2.37857e-02
 91 -0.65233  9.12525e-03 |
91 variables; iteration 200; function evaluation 270; phase 4
Function value 2.5510293e+02; maximum gradient component mag 8.3599e+02
Var    Value     Gradient |Var    Value     Gradient |Var    Value     Gradient
  1  0.05996 -5.88375e+00 |  2 -0.01139 -5.43710e-01 |  3 -0.02339 -4.17982e-02
  4 -0.02576 -4.09735e-02 |  5 -0.02005 -6.01765e-02 |  6 -0.01349 -6.91688e-02
  7 -0.01665 -6.59612e-02 |  8 -0.01273 -6.99159e-02 |  9  0.00396 -6.93443e-02
 10  0.00095 -7.76267e-02 | 11  0.00618 -1.02548e-01 | 12 -0.00496 -1.09023e-01
 13 -0.01470 -2.86265e-02 | 14 -0.00973 -3.47781e-02 | 15 -0.01240 -2.96709e-02
 16 -0.01339 -2.02625e-02 | 17 -0.00803 -1.73755e-02 | 18  0.00458 -3.11252e-02
 19  0.00536 -3.41969e-02 | 20  0.01434 -6.40383e-02 | 21 -0.01037 -4.72819e-02
 22 -0.01716 -2.77417e-02 | 23 -0.00907 -2.06027e-02 | 24 -0.01811 -2.81423e-03
 25 -0.02164 -7.08344e-03 | 26  0.01674 -6.34545e-02 | 27  0.01946 -7.18448e-02
 28  0.01602 -4.39872e-02 | 29  0.03886 -3.99492e-02 | 30  0.01867  2.03061e-03
 31  0.02519  1.13539e-03 | 32  0.08262 -7.79976e-02 | 33  0.04123 -2.49018e-02
 34  0.01825 -3.15260e-03 | 35  0.02908 -8.79980e-03 | 36  0.01264  1.42552e-02
 37  0.05194 -3.37331e-02 | 38  0.03008 -2.22283e-02 | 39  0.00247 -6.35312e-03
 40 -0.00865 -1.18922e-02 | 41 -0.01904 -1.08965e-02 | 42 -0.01737 -1.03421e-02
 43 -0.00879 -1.67477e-03 | 44  0.00140  1.52474e-02 | 45  0.00741  1.82328e-02
 46  0.01343  1.14331e-02 | 47  0.00553  1.40338e-02 | 48  0.01109  5.96121e-03
 49  0.00010  9.80372e-03 | 50 -0.03404  1.99028e-02 | 51 -0.03809  1.36641e-02
 52 -0.03196  8.00713e-03 | 53 -0.01080  1.35191e-02 | 54 -0.01484  3.35952e-02
 55 -0.00031  2.99760e-02 | 56 -0.02622  3.41658e-02 | 57 -0.01619  2.88767e-02
 58 -0.01899  3.23101e-02 | 59 -0.00402  4.98895e-02 | 60 -0.01433  6.43764e-02
 61 -0.01620  6.01612e-02 | 62 -0.01084  4.34806e-02 | 63 -0.01107  3.70196e-02
 64 -0.01030  5.08133e-02 | 65 -0.01955  6.98274e-02 | 66 -0.00816  2.39116e-03
 67 -0.00031  4.31783e-04 | 68  0.00000  0.00000e+00 | 69 -0.74441 -4.71274e-01
 70  0.21903 -2.28006e-01 | 71  0.09778 -3.87618e-01 | 72  0.18732  1.51464e-01
 73 -0.02598 -1.28282e-04 | 74  0.06270 -1.87292e-02 | 75  0.18625  8.35994e+02
 76  0.06271  6.77107e+02 | 77  0.16292 -2.72201e-01 | 78 -0.30456 -2.80328e-02
 79 -0.17303 -7.57299e-02 | 80  0.15917  2.08222e-01 | 81  0.06247  1.12781e-01
 82  0.12794 -1.22339e-01 | 83  0.00000 -4.58202e-31 | 84  0.03622  1.84112e-02
 85 -0.05689  3.71353e-02 | 86 -0.23590 -1.72817e-04 | 87  0.10138 -6.10888e-02
 88  0.70273 -3.82819e-05 | 89 -0.14054 -3.68470e-03 | 90  0.10076 -5.30194e-02
 91 -0.65234  2.04032e-02 |
91 variables; iteration 220; function evaluation 295; phase 4
Function value 2.5510261e+02; maximum gradient component mag -5.7309e+02
Var    Value     Gradient |Var    Value     Gradient |Var    Value     Gradient
  1  0.05996  1.86708e+00 |  2 -0.01138  3.14860e-01 |  3 -0.02340  8.12797e-03
  4 -0.02577  8.19880e-03 |  5 -0.02006  1.06867e-02 |  6 -0.01350  1.25769e-02
  7 -0.01667  1.36807e-02 |  8 -0.01275  1.70069e-02 |  9  0.00392  1.58636e-02
 10  0.00093  2.21268e-02 | 11  0.00615  1.97249e-02 | 12 -0.00497  2.54777e-02
 13 -0.01470  2.75724e-03 | 14 -0.00973  4.96646e-03 | 15 -0.01240  3.42424e-03
 16 -0.01339  1.91220e-04 | 17 -0.00804  2.75981e-03 | 18  0.00458  5.64101e-03
 19  0.00536  7.48288e-03 | 20  0.01433  1.24680e-02 | 21 -0.01037  4.72680e-03
 22 -0.01716  8.71685e-04 | 23 -0.00907  1.54450e-03 | 24 -0.01812  2.15089e-04
 25 -0.02165  9.01563e-04 | 26  0.01674  1.42135e-02 | 27  0.01947  1.63856e-02
 28  0.01602  8.41695e-03 | 29  0.03886  7.82067e-03 | 30  0.01868 -2.75874e-03
 31  0.02520 -2.84514e-03 | 32  0.08263  1.26847e-02 | 33  0.04123  4.13036e-03
 34  0.01825 -2.40021e-05 | 35  0.02908  1.88204e-03 | 36  0.01264 -4.11794e-03
 37  0.05194  8.55087e-03 | 38  0.03007  5.90962e-03 | 39  0.00246  5.96417e-03
 40 -0.00866  6.14372e-03 | 41 -0.01904  5.18281e-03 | 42 -0.01737  4.26764e-03
 43 -0.00880  7.27659e-04 | 44  0.00139 -2.39517e-03 | 45  0.00741 -3.88274e-03
 46  0.01344 -7.91620e-04 | 47  0.00554 -2.73934e-03 | 48  0.01110  5.06300e-04
 49  0.00010 -8.34617e-04 | 50 -0.03404 -5.76514e-03 | 51 -0.03809 -2.27747e-03
 52 -0.03196 -1.61629e-03 | 53 -0.01080 -4.80259e-03 | 54 -0.01485 -1.09298e-02
 55 -0.00030 -8.51620e-03 | 56 -0.02620 -1.03120e-02 | 57 -0.01617 -7.91831e-03
 58 -0.01898 -1.07629e-02 | 59 -0.00403 -1.70970e-02 | 60 -0.01433 -1.91938e-02
 61 -0.01620 -1.51583e-02 | 62 -0.01084 -1.29171e-02 | 63 -0.01105 -1.32236e-02
 64 -0.01029 -1.58955e-02 | 65 -0.01955 -2.04541e-02 | 66 -0.00816 -7.59946e-04
 67 -0.00031 -4.97077e-04 | 68  0.00000  0.00000e+00 | 69 -0.74436  2.88550e-01
 70  0.21905  9.76005e-02 | 71  0.09778  1.95800e-01 | 72  0.18732 -3.30761e-02
 73 -0.05571 -2.75642e-04 | 74  0.06269  6.82806e-03 | 75  0.18644 -5.73090e+02
 76  0.06248 -4.58034e+02 | 77  0.16298  1.78607e-01 | 78 -0.33600  1.06202e-02
 79 -0.17309  3.94221e-02 | 80  0.15917 -2.59522e-02 | 81  0.06245 -2.24655e-02
 82  0.12794 -5.95644e-03 | 83  0.00000 -9.78079e-31 | 84  0.03623 -1.98696e-03
 85 -0.05689 -3.15048e-03 | 86 -0.26242 -8.97099e-04 | 87  0.10138 -2.32908e-04
 88  0.70274  6.91992e-04 | 89 -0.14053  4.46956e-03 | 90  0.10078  6.83482e-03
 91 -0.65233 -2.18656e-03 |
91 variables; iteration 240; function evaluation 318; phase 4
Function value 2.5510238e+02; maximum gradient component mag 1.9576e+03
Var    Value     Gradient |Var    Value     Gradient |Var    Value     Gradient
  1  0.05996 -4.60544e+00 |  2 -0.01137 -1.19357e+00 |  3 -0.02339 -1.68742e-02
  4 -0.02577 -1.84584e-02 |  5 -0.02006 -2.34961e-02 |  6 -0.01349 -2.74686e-02
  7 -0.01666 -2.87023e-02 |  8 -0.01274 -3.36633e-02 |  9  0.00394 -3.48077e-02
 10  0.00092 -4.24141e-02 | 11  0.00617 -4.21585e-02 | 12 -0.00497 -4.85823e-02
 13 -0.01470 -9.41414e-03 | 14 -0.00974 -1.30708e-02 | 15 -0.01240 -1.02681e-02
 16 -0.01339 -4.66546e-03 | 17 -0.00804 -7.44796e-03 | 18  0.00458 -1.23909e-02
 19  0.00537 -1.58188e-02 | 20  0.01433 -2.67625e-02 | 21 -0.01037 -1.42461e-02
 22 -0.01716 -7.43928e-03 | 23 -0.00906 -8.15595e-03 | 24 -0.01812 -5.19006e-03
 25 -0.02165 -6.21334e-03 | 26  0.01674 -2.96616e-02 | 27  0.01947 -3.21520e-02
 28  0.01602 -1.73026e-02 | 29  0.03885 -1.59299e-02 | 30  0.01868  3.22466e-03
 31  0.02520  4.54091e-03 | 32  0.08263 -2.28487e-02 | 33  0.04122 -6.81549e-03
 34  0.01825  1.41324e-04 | 35  0.02908 -2.98390e-03 | 36  0.01264  6.62257e-03
 37  0.05194 -1.52844e-02 | 38  0.03007 -1.09881e-02 | 39  0.00245 -9.73368e-03
 40 -0.00866 -1.02550e-02 | 41 -0.01904 -8.57488e-03 | 42 -0.01737 -7.88037e-03
 43 -0.00880 -2.99338e-03 | 44  0.00139  2.35566e-03 | 45  0.00742  5.79372e-03
 46  0.01343  2.27360e-03 | 47  0.00554  5.75040e-03 | 48  0.01109  5.47541e-04
 49  0.00010  2.04223e-03 | 50 -0.03404  1.04014e-02 | 51 -0.03809  6.00833e-03
 52 -0.03196  4.82935e-03 | 53 -0.01080  8.30170e-03 | 54 -0.01484  1.76450e-02
 55 -0.00031  1.48553e-02 | 56 -0.02621  1.90219e-02 | 57 -0.01618  1.57966e-02
 58 -0.01898  1.94345e-02 | 59 -0.00402  2.73891e-02 | 60 -0.01433  3.07892e-02
 61 -0.01620  2.56914e-02 | 62 -0.01084  2.31000e-02 | 63 -0.01106  2.40802e-02
 64 -0.01029  2.82736e-02 | 65 -0.01955  3.47952e-02 | 66 -0.00816  9.25439e-04
 67 -0.00031  6.03674e-04 | 68  0.00000  0.00000e+00 | 69 -0.74433 -1.10544e+00
 70  0.21906 -7.99403e-02 | 71  0.09777 -1.49006e-01 | 72  0.18732  4.47765e-02
 73 -0.05971 -2.95547e-04 | 74  0.06269 -1.72676e-02 | 75  0.18656  1.95756e+03
 76  0.06231  1.56384e+03 | 77  0.16302 -7.56502e-01 | 78 -0.36031 -3.45518e-02
 79 -0.17307 -1.49920e-01 | 80  0.15917  2.27754e-02 | 81  0.06246  2.33460e-02
 82  0.12794  1.60973e-02 | 83  0.00000 -8.02102e-31 | 84  0.03622  6.85254e-04
 85 -0.05688  1.49603e-02 | 86 -0.23881 -2.76296e-04 | 87  0.10138 -6.90106e-03
 88  0.70273  1.29235e-03 | 89 -0.14054 -3.01527e-03 | 90  0.10077 -9.56431e-03
 91 -0.65233  3.13732e-03 |
91 variables; iteration 260; function evaluation 339; phase 4
Function value 2.5510219e+02; maximum gradient component mag 4.4466e+03
Var    Value     Gradient |Var    Value     Gradient |Var    Value     Gradient
  1  0.05996 -3.63546e+00 |  2 -0.01137 -2.40003e+00 |  3 -0.02340  8.99975e-03
  4 -0.02578  6.88223e-03 |  5 -0.02007  1.24702e-02 |  6 -0.01351  1.43839e-02
  7 -0.01667  1.29608e-02 |  8 -0.01275  1.34862e-02 |  9  0.00391  1.02218e-02
 10  0.00091  1.31195e-02 | 11  0.00615  2.09844e-02 | 12 -0.00497  2.40224e-02
 13 -0.01470  4.25096e-03 | 14 -0.00974  5.64321e-03 | 15 -0.01241  5.00526e-03
 16 -0.01340  3.06012e-03 | 17 -0.00805  2.11807e-03 | 18  0.00458  7.17412e-03
 19  0.00537  6.61276e-03 | 20  0.01432  1.25240e-02 | 21 -0.01038  9.47516e-03
 22 -0.01717  4.16467e-03 | 23 -0.00906  1.44257e-03 | 24 -0.01813 -5.34581e-03
 25 -0.02166 -4.28128e-03 | 26  0.01674  1.03067e-02 | 27  0.01948  1.50875e-02
 28  0.01602  1.00585e-02 | 29  0.03885  9.16250e-03 | 30  0.01868 -8.94543e-04
 31  0.02520  7.11699e-04 | 32  0.08264  2.41306e-02 | 33  0.04122  7.80668e-03
 34  0.01825  1.50612e-03 | 35  0.02908  2.60401e-03 | 36  0.01263 -4.09363e-03
 37  0.05194  7.81498e-03 | 38  0.03007  3.63788e-03 | 39  0.00245 -1.55307e-03
 40 -0.00866  1.05587e-03 | 41 -0.01904  2.27825e-03 | 42 -0.01737  2.72744e-03
 43 -0.00880  5.46598e-04 | 44  0.00138 -4.90720e-03 | 45  0.00742 -5.00626e-03
 46  0.01343 -2.65769e-03 | 47  0.00554 -2.92572e-03 | 48  0.01110 -8.80452e-04
 49  0.00010 -2.88244e-03 | 50 -0.03404 -4.12429e-03 | 51 -0.03809 -1.44333e-03
 52 -0.03196  4.78615e-04 | 53 -0.01080 -2.36705e-03 | 54 -0.01485 -9.04536e-03
 55 -0.00030 -7.08474e-03 | 56 -0.02620 -5.93835e-03 | 57 -0.01617 -3.96627e-03
 58 -0.01897 -5.15605e-03 | 59 -0.00402 -1.22163e-02 | 60 -0.01433 -1.75539e-02
 61 -0.01620 -1.60930e-02 | 62 -0.01083 -8.98358e-03 | 63 -0.01105 -5.36162e-03
 64 -0.01029 -1.01481e-02 | 65 -0.01955 -1.72417e-02 | 66 -0.00817 -8.68414e-04
 67 -0.00031 -8.84588e-05 | 68  0.00000  0.00000e+00 | 69 -0.74430 -2.26090e+00
 70  0.21907  1.38440e-01 | 71  0.09777  2.55463e-01 | 72  0.18732 -6.58195e-02
 73 -0.02035 -1.00467e-04 | 74  0.06268  3.05290e-03 | 75  0.18669  4.44658e+03
 76  0.06215  3.53259e+03 | 77  0.16306 -1.63372e+00 | 78 -0.38630 -5.73669e-02
 79 -0.17310 -2.96866e-01 | 80  0.15918 -1.05357e-01 | 81  0.06244 -5.83601e-02
 82  0.12794  6.52112e-02 | 83  0.00000 -1.11601e-30 | 84  0.03623 -8.41725e-03
 85 -0.05688 -1.19590e-02 | 86 -0.21933  5.95018e-04 | 87  0.10138  2.02325e-02
 88  0.70272 -8.12121e-05 | 89 -0.14053  5.51053e-04 | 90  0.10078  2.07286e-02
 91 -0.65233 -7.87934e-03 |
91 variables; iteration 280; function evaluation 362; phase 4
Function value 2.5510206e+02; maximum gradient component mag 4.3658e+03
Var    Value     Gradient |Var    Value     Gradient |Var    Value     Gradient
  1  0.05996 -4.13597e+00 |  2 -0.01136 -1.82154e+00 |  3 -0.02340 -4.79520e-03
  4 -0.02578 -5.45971e-03 |  5 -0.02007 -6.97821e-03 |  6 -0.01351 -7.96880e-03
  7 -0.01667 -8.03060e-03 |  8 -0.01275 -8.96065e-03 |  9  0.00392 -9.98758e-03
 10  0.00092 -1.12613e-02 | 11  0.00615 -1.17279e-02 | 12 -0.00497 -1.24246e-02
 13 -0.01470 -4.54183e-03 | 14 -0.00974 -5.24957e-03 | 15 -0.01241 -4.04688e-03
 16 -0.01340 -2.95680e-03 | 17 -0.00805 -3.19713e-03 | 18  0.00458 -2.87953e-03
 19  0.00537 -4.13536e-03 | 20  0.01432 -8.01835e-03 | 21 -0.01038 -5.72099e-03
 22 -0.01717 -3.98011e-03 | 23 -0.00906 -3.88653e-03 | 24 -0.01813 -3.75056e-03
 25 -0.02166 -4.09137e-03 | 26  0.01674 -9.60736e-03 | 27  0.01948 -9.02063e-03
 28  0.01602 -5.86201e-03 | 29  0.03885 -5.47273e-03 | 30  0.01868 -6.82608e-04
 31  0.02520 -7.94075e-05 | 32  0.08264 -5.85817e-03 | 33  0.04122 -2.33173e-03
 34  0.01825 -8.63507e-04 | 35  0.02908 -1.55519e-03 | 36  0.01264  6.47323e-04
 37  0.05194 -4.43736e-03 | 38  0.03007 -4.19200e-03 | 39  0.00245 -3.70973e-03
 40 -0.00866 -3.40948e-03 | 41 -0.01904 -2.37635e-03 | 42 -0.01737 -1.78674e-03
 43 -0.00880 -7.49108e-04 | 44  0.00139  3.26585e-04 | 45  0.00742  7.74727e-04
 46  0.01343  2.50413e-05 | 47  0.00554  3.05651e-04 | 48  0.01110 -6.71510e-04
 49  0.00010 -4.69700e-04 | 50 -0.03404  1.34416e-03 | 51 -0.03809  1.02886e-03
 52 -0.03196  5.00887e-04 | 53 -0.01080  7.23607e-04 | 54 -0.01485  2.14713e-03
 55 -0.00030  2.31680e-03 | 56 -0.02620  3.75214e-03 | 57 -0.01617  3.32215e-03
 58 -0.01897  3.59793e-03 | 59 -0.00402  4.87888e-03 | 60 -0.01433  5.33322e-03
 61 -0.01619  4.78597e-03 | 62 -0.01083  4.48303e-03 | 63 -0.01105  4.91276e-03
 64 -0.01029  5.57628e-03 | 65 -0.01955  6.17959e-03 | 66 -0.00816  2.91904e-04
 67 -0.00031  1.55826e-04 | 68  0.00000  0.00000e+00 | 69 -0.74427 -1.70506e+00
 70  0.21907  2.87671e-02 | 71  0.09777  6.23315e-02 | 72  0.18732 -5.08104e-03
 73  0.04141  2.04626e-04 | 74  0.06269  1.06268e-03 | 75  0.18678  4.36584e+03
 76  0.06204  3.45712e+03 | 77  0.16309 -1.21413e+00 | 78 -0.40504 -4.65086e-02
 79 -0.17308 -2.27831e-01 | 80  0.15918 -1.14657e-02 | 81  0.06244 -9.35078e-03
 82  0.12794  4.64708e-03 | 83  0.00000 -9.27508e-31 | 84  0.03623  5.18416e-04
 85 -0.05688  5.02680e-03 | 86 -0.23085  2.66195e-05 | 87  0.10138 -4.90358e-03
 88  0.70272  3.54340e-04 | 89 -0.14053 -2.73106e-04 | 90  0.10078 -2.25416e-03
 91 -0.65233  9.55868e-04 |
91 variables; iteration 300; function evaluation 388; phase 4
Function value 2.5510198e+02; maximum gradient component mag 2.3172e+03
Var    Value     Gradient |Var    Value     Gradient |Var    Value     Gradient
  1  0.05996  5.66726e-01 |  2 -0.01136 -8.66517e-01 |  3 -0.02340  2.15570e-02
  4 -0.02578  2.70718e-02 |  5 -0.02007  3.29939e-02 |  6 -0.01351  3.83205e-02
  7 -0.01667  3.83449e-02 |  8 -0.01275  4.06572e-02 |  9  0.00392  5.04689e-02
 10  0.00092  4.77087e-02 | 11  0.00615  5.76212e-02 | 12 -0.00497  5.47250e-02
 13 -0.01470  1.55988e-02 | 14 -0.00974  1.90542e-02 | 15 -0.01241  1.69857e-02
 16 -0.01340  1.18958e-02 | 17 -0.00805  1.07268e-02 | 18  0.00458  1.81780e-02
 19  0.00537  2.13863e-02 | 20  0.01432  3.52208e-02 | 21 -0.01038  2.37596e-02
 22 -0.01717  1.75646e-02 | 23 -0.00906  1.82768e-02 | 24 -0.01813  1.22562e-02
 25 -0.02166  1.24805e-02 | 26  0.01674  3.53358e-02 | 27  0.01948  3.46421e-02
 28  0.01602  1.65354e-02 | 29  0.03885  1.46482e-02 | 30  0.01868 -4.24477e-03
 31  0.02520 -7.29772e-03 | 32  0.08264  1.93618e-02 | 33  0.04122  1.40191e-03
 34  0.01825 -4.86325e-03 | 35  0.02908 -9.46574e-04 | 36  0.01264 -7.98395e-03
 37  0.05194  1.21697e-02 | 38  0.03007  7.93206e-03 | 39  0.00245  1.78509e-03
 40 -0.00866  4.81741e-03 | 41 -0.01903  4.98960e-03 | 42 -0.01737  7.48549e-03
 43 -0.00880  6.49920e-03 | 44  0.00139  1.49368e-03 | 45  0.00742 -5.07128e-03
 46  0.01343 -8.38885e-03 | 47  0.00554 -1.34355e-02 | 48  0.01110 -9.48389e-03
 49  0.00010 -8.41244e-03 | 50 -0.03404 -1.51190e-02 | 51 -0.03809 -1.59346e-02
 52 -0.03196 -1.64242e-02 | 53 -0.01080 -1.48160e-02 | 54 -0.01485 -1.86945e-02
 55 -0.00030 -1.84216e-02 | 56 -0.02620 -2.52252e-02 | 57 -0.01617 -2.53677e-02
 58 -0.01897 -2.61287e-02 | 59 -0.00402 -2.45025e-02 | 60 -0.01433 -2.64165e-02
 61 -0.01619 -2.67816e-02 | 62 -0.01083 -2.78837e-02 | 63 -0.01105 -3.02838e-02
 64 -0.01029 -3.31924e-02 | 65 -0.01955 -3.59430e-02 | 66 -0.00817  3.21055e-04
 67 -0.00031  2.65014e-04 | 68  0.00000  0.00000e+00 | 69 -0.74425 -8.31233e-01
 70  0.21907  1.87190e-01 | 71  0.09774  3.47581e-01 | 72  0.18732 -4.54903e-02
 73  0.10889  1.73862e-03 | 74  0.06270  4.22162e-02 | 75  0.18685  2.31718e+03
 76  0.06195  1.83022e+03 | 77  0.16311 -6.02350e-01 | 78 -0.42164 -2.20319e-02
 79 -0.17308 -1.07897e-01 | 80  0.15918  7.48448e-03 | 81  0.06244 -6.09058e-03
 82  0.12794 -2.10162e-02 | 83  0.00000 -9.14744e-31 | 84  0.03623  8.26304e-03
 85 -0.05688  4.25008e-03 | 86 -0.23142  2.65775e-06 | 87  0.10138 -6.38227e-03
 88  0.70272 -1.18487e-04 | 89 -0.14053  7.62633e-04 | 90  0.10078 -1.77688e-03
 91 -0.65233  1.55788e-03 |
91 variables; iteration 320; function evaluation 416; phase 4
Function value 2.5510192e+02; maximum gradient component mag 1.1217e+03
Var    Value     Gradient |Var    Value     Gradient |Var    Value     Gradient
  1  0.05996  1.72825e+00 |  2 -0.01136 -4.14032e-01 |  3 -0.02340  2.43122e-02
  4 -0.02578  2.98749e-02 |  5 -0.02007  3.75325e-02 |  6 -0.01351  4.32046e-02
  7 -0.01667  4.28249e-02 |  8 -0.01276  4.55227e-02 |  9  0.00392  5.54692e-02
 10  0.00091  5.35827e-02 | 11  0.00615  6.48705e-02 | 12 -0.00498  6.16684e-02
 13 -0.01470  1.94517e-02 | 14 -0.00974  2.30750e-02 | 15 -0.01241  1.95638e-02
 16 -0.01340  1.42802e-02 | 17 -0.00805  1.29375e-02 | 18  0.00458  1.93774e-02
 19  0.00537  2.33945e-02 | 20  0.01432  3.95803e-02 | 21 -0.01038  2.79411e-02
 22 -0.01717  2.08016e-02 | 23 -0.00906  2.14932e-02 | 24 -0.01813  1.48596e-02
 25 -0.02166  1.50371e-02 | 26  0.01674  4.26630e-02 | 27  0.01948  4.20971e-02
 28  0.01602  2.34059e-02 | 29  0.03885  1.95476e-02 | 30  0.01868 -2.85974e-03
 31  0.02520 -5.98202e-03 | 32  0.08264  2.51995e-02 | 33  0.04122  4.33722e-03
 34  0.01825 -3.73155e-03 | 35  0.02908  3.33734e-04 | 36  0.01263 -8.23802e-03
 37  0.05194  1.48421e-02 | 38  0.03007  9.52503e-03 | 39  0.00244  2.39896e-03
 40 -0.00866  4.98781e-03 | 41 -0.01903  5.45820e-03 | 42 -0.01737  8.08132e-03
 43 -0.00880  6.58419e-03 | 44  0.00139  2.59625e-05 | 45  0.00743 -6.42120e-03
 46  0.01343 -9.44080e-03 | 47  0.00554 -1.31741e-02 | 48  0.01110 -9.29916e-03
 49  0.00010 -8.15052e-03 | 50 -0.03404 -1.49435e-02 | 51 -0.03809 -1.56145e-02
 52 -0.03196 -1.47538e-02 | 53 -0.01080 -1.34984e-02 | 54 -0.01485 -1.86040e-02
 55 -0.00030 -1.92528e-02 | 56 -0.02620 -2.59643e-02 | 57 -0.01617 -2.57170e-02
 58 -0.01897 -2.59856e-02 | 59 -0.00402 -2.60016e-02 | 60 -0.01433 -2.86995e-02
 61 -0.01619 -2.93100e-02 | 62 -0.01083 -2.90875e-02 | 63 -0.01105 -3.08605e-02
 64 -0.01029 -3.43823e-02 | 65 -0.01955 -3.76182e-02 | 66 -0.00817 -1.62615e-04
 67 -0.00031  4.94692e-05 | 68  0.00000  0.00000e+00 | 69 -0.74424 -4.09071e-01
 70  0.21908 -1.00842e+00 | 71  0.09751 -2.16776e+00 | 72  0.18733 -4.68825e-02
 73  0.08136  5.70007e-03 | 74  0.06269  3.94073e-02 | 75  0.18690  1.12171e+03
 76  0.06190  8.85289e+02 | 77  0.16312 -2.96956e-01 | 78 -0.43105 -1.10992e-02
 79 -0.17308 -5.19235e-02 | 80  0.15918  9.66855e-03 | 81  0.06245  8.00307e-03
 82  0.12794 -3.64661e-04 | 83  0.00000 -8.60787e-31 | 84  0.03623  2.18186e-03
 85 -0.05688 -4.78598e-03 | 86 -0.23130  7.49972e-06 | 87  0.10138  6.47063e-03
 88  0.70272 -5.90889e-04 | 89 -0.14053  1.70160e-04 | 90  0.10078  3.35930e-03
 91 -0.65233 -1.03161e-03 |
91 variables; iteration 340; function evaluation 440; phase 4
Function value 2.5510185e+02; maximum gradient component mag 1.6048e+03
Var    Value     Gradient |Var    Value     Gradient |Var    Value     Gradient
  1  0.05996  2.70062e+00 |  2 -0.01136 -5.37623e-01 |  3 -0.02340  3.57592e-02
  4 -0.02578  4.46237e-02 |  5 -0.02007  5.52635e-02 |  6 -0.01351  6.36681e-02
  7 -0.01667  6.35424e-02 |  8 -0.01276  6.75801e-02 |  9  0.00392  8.35191e-02
 10  0.00091  7.95953e-02 | 11  0.00615  9.53755e-02 | 12 -0.00498  9.05993e-02
 13 -0.01470  2.63923e-02 | 14 -0.00974  3.21230e-02 | 15 -0.01241  2.73054e-02
 16 -0.01340  1.97517e-02 | 17 -0.00805  1.82375e-02 | 18  0.00458  2.81548e-02
 19  0.00537  3.42816e-02 | 20  0.01432  5.75883e-02 | 21 -0.01038  3.89367e-02
 22 -0.01717  2.82592e-02 | 23 -0.00905  2.97475e-02 | 24 -0.01813  2.00165e-02
 25 -0.02166  1.99113e-02 | 26  0.01674  5.93753e-02 | 27  0.01948  5.72244e-02
 28  0.01602  2.95482e-02 | 29  0.03885  2.50645e-02 | 30  0.01868 -7.12231e-03
 31  0.02520 -1.15322e-02 | 32  0.08264  3.28869e-02 | 33  0.04122  3.16498e-03
 34  0.01825 -7.47080e-03 | 35  0.02908 -1.11354e-03 | 36  0.01263 -1.42250e-02
 37  0.05194  1.95302e-02 | 38  0.03007  1.27984e-02 | 39  0.00244  3.01452e-03
 40 -0.00866  7.59005e-03 | 41 -0.01903  7.84958e-03 | 42 -0.01737  1.06926e-02
 43 -0.00880  8.29656e-03 | 44  0.00139 -3.54777e-04 | 45  0.00743 -9.26410e-03
 46  0.01343 -1.44964e-02 | 47  0.00554 -2.13323e-02 | 48  0.01110 -1.55547e-02
 49  0.00010 -1.40701e-02 | 50 -0.03404 -2.39456e-02 | 51 -0.03809 -2.54686e-02
 52 -0.03196 -2.49858e-02 | 53 -0.01080 -2.34848e-02 | 54 -0.01485 -3.04059e-02
 55 -0.00030 -3.08861e-02 | 56 -0.02620 -4.07844e-02 | 57 -0.01617 -4.08515e-02
 58 -0.01897 -4.16797e-02 | 59 -0.00402 -4.09804e-02 | 60 -0.01433 -4.38939e-02
 61 -0.01619 -4.46759e-02 | 62 -0.01083 -4.53174e-02 | 63 -0.01105 -4.88181e-02
 64 -0.01029 -5.38662e-02 | 65 -0.01955 -5.75887e-02 | 66 -0.00817 -1.02574e-04
 67 -0.00031  1.72082e-04 | 68  0.00000  0.00000e+00 | 69 -0.74423 -5.34629e-01
 70  0.21908 -4.90916e+00 | 71  0.09742 -1.03018e+01 | 72  0.18733 -6.18434e-02
 73  0.01149  7.96522e-03 | 74  0.06270  5.66840e-02 | 75  0.18693  1.60475e+03
 76  0.06185  1.26397e+03 | 77  0.16314 -3.94864e-01 | 78 -0.43917 -1.38339e-02
 79 -0.17309 -6.70156e-02 | 80  0.15918  1.51331e-02 | 81  0.06244  8.85920e-03
 82  0.12794  1.21593e-03 | 83  0.00000 -8.57360e-31 | 84  0.03623  6.74146e-03
 85 -0.05688  1.85558e-03 | 86 -0.23132  6.60053e-06 | 87  0.10138 -3.57957e-03
 88  0.70272 -3.31626e-04 | 89 -0.14053  1.11070e-03 | 90  0.10078  2.96476e-04
 91 -0.65233  1.06280e-03 |
91 variables; iteration 360; function evaluation 466; phase 4
Function value 2.5510179e+02; maximum gradient component mag 5.8252e+03
Var    Value     Gradient |Var    Value     Gradient |Var    Value     Gradient
  1  0.05996 -9.44789e-01 |  2 -0.01135 -1.58264e+00 |  3 -0.02340  2.03252e-02
  4 -0.02578  2.52021e-02 |  5 -0.02007  3.14139e-02 |  6 -0.01351  3.62965e-02
  7 -0.01668  3.61921e-02 |  8 -0.01276  3.88467e-02 |  9  0.00392  4.75163e-02
 10  0.00091  4.60152e-02 | 11  0.00614  5.49547e-02 | 12 -0.00498  5.23476e-02
 13 -0.01471  1.50590e-02 | 14 -0.00974  1.82886e-02 | 15 -0.01241  1.55133e-02
 16 -0.01340  1.08928e-02 | 17 -0.00805  1.01859e-02 | 18  0.00458  1.64656e-02
 19  0.00537  1.99110e-02 | 20  0.01432  3.30813e-02 | 21 -0.01038  2.25028e-02
 22 -0.01717  1.67331e-02 | 23 -0.00905  1.79162e-02 | 24 -0.01813  1.21147e-02
 25 -0.02166  1.20738e-02 | 26  0.01674  3.59325e-02 | 27  0.01948  3.60118e-02
 28  0.01602  1.95823e-02 | 29  0.03885  1.61799e-02 | 30  0.01868 -3.12328e-03
 31  0.02520 -6.13024e-03 | 32  0.08264  2.08357e-02 | 33  0.04122  2.69124e-03
 34  0.01825 -3.82393e-03 | 35  0.02908 -3.51524e-04 | 36  0.01263 -7.79747e-03
 37  0.05194  1.22725e-02 | 38  0.03007  7.02133e-03 | 39  0.00244  1.34054e-03
 40 -0.00867  3.68247e-03 | 41 -0.01903  4.60417e-03 | 42 -0.01737  7.35683e-03
 43 -0.00880  6.22829e-03 | 44  0.00138  5.57501e-04 | 45  0.00743 -5.58747e-03
 46  0.01343 -8.59319e-03 | 47  0.00554 -1.22495e-02 | 48  0.01110 -8.69587e-03
 49  0.00010 -7.58074e-03 | 50 -0.03404 -1.35354e-02 | 51 -0.03809 -1.37894e-02
 52 -0.03196 -1.33628e-02 | 53 -0.01080 -1.26247e-02 | 54 -0.01485 -1.72615e-02
 55 -0.00030 -1.73713e-02 | 56 -0.02620 -2.30487e-02 | 57 -0.01616 -2.26989e-02
 58 -0.01897 -2.32564e-02 | 59 -0.00402 -2.32680e-02 | 60 -0.01433 -2.54743e-02
 61 -0.01619 -2.56997e-02 | 62 -0.01083 -2.58761e-02 | 63 -0.01105 -2.76699e-02
 64 -0.01029 -3.06678e-02 | 65 -0.01955 -3.35597e-02 | 66 -0.00817 -4.44746e-05
 67 -0.00031  5.23274e-05 | 68  0.00000  0.00000e+00 | 69 -0.74421 -1.50147e+00
 70  0.21908 -1.02599e+01 | 71  0.09738 -2.13926e+01 | 72  0.18733 -4.65636e-02
 73 -0.05562  6.39317e-03 | 74  0.06269  3.91891e-02 | 75  0.18699  5.82523e+03
 76  0.06178  4.57473e+03 | 77  0.16315 -1.07683e+00 | 78 -0.44962 -3.92144e-02
 79 -0.17309 -1.98637e-01 | 80  0.15918  7.12293e-03 | 81  0.06244  3.28276e-03
 82  0.12794 -4.91527e-03 | 83  0.00000 -8.78842e-31 | 84  0.03623  2.60226e-03
 85 -0.05688 -2.52571e-03 | 86 -0.23141  2.77081e-06 | 87  0.10138  3.10097e-03
 88  0.70272 -3.55802e-04 | 89 -0.14052  6.07224e-04 | 90  0.10078  1.70858e-03
 91 -0.65233 -2.83223e-04 |
91 variables; iteration 380; function evaluation 490; phase 4
Function value 2.5510174e+02; maximum gradient component mag 1.8645e+03
Var    Value     Gradient |Var    Value     Gradient |Var    Value     Gradient
  1  0.05996 -1.34154e+00 |  2 -0.01135 -5.67126e-01 |  3 -0.02341 -4.13336e-03
  4 -0.02579 -6.27045e-03 |  5 -0.02007 -7.31721e-03 |  6 -0.01352 -8.45564e-03
  7 -0.01668 -7.70567e-03 |  8 -0.01276 -6.46242e-03 |  9  0.00391 -1.09624e-02
 10  0.00091 -5.94930e-03 | 11  0.00614 -1.24994e-02 | 12 -0.00498 -7.88591e-03
 13 -0.01471 -4.12147e-03 | 14 -0.00974 -4.35443e-03 | 15 -0.01241 -4.67954e-03
 16 -0.01340 -4.57313e-03 | 17 -0.00805 -2.26965e-03 | 18  0.00458 -3.89440e-03
 19  0.00537 -4.04577e-03 | 20  0.01432 -6.97596e-03 | 21 -0.01038 -6.68690e-03
 22 -0.01717 -5.56957e-03 | 23 -0.00905 -4.36134e-03 | 24 -0.01813 -2.44412e-03
 25 -0.02166 -2.52259e-03 | 26  0.01674 -3.68406e-03 | 27  0.01949 -1.69390e-03
 28  0.01602  1.08339e-03 | 29  0.03885  1.27555e-03 | 30  0.01868  1.71073e-03
 31  0.02521  2.54880e-03 | 32  0.08264 -2.10641e-05 | 33  0.04122  2.39946e-03
 34  0.01824  3.02484e-03 | 35  0.02908  2.87857e-03 | 36  0.01263  2.23512e-03
 37  0.05194  1.40748e-03 | 38  0.03006  1.20795e-03 | 39  0.00244  3.45591e-03
 40 -0.00867  2.56909e-03 | 41 -0.01903  2.75444e-03 | 42 -0.01737  2.34640e-03
 43 -0.00880  1.42730e-03 | 44  0.00138  1.03284e-03 | 45  0.00743  1.41976e-03
 46  0.01343  3.80732e-03 | 47  0.00554  4.62906e-03 | 48  0.01110  5.48936e-03
 49  0.00010  4.33990e-03 | 50 -0.03404  4.03951e-03 | 51 -0.03809  6.38715e-03
 52 -0.03196  6.98564e-03 | 53 -0.01080  4.49242e-03 | 54 -0.01485  2.56822e-03
 55 -0.00030  3.64029e-03 | 56 -0.02620  5.14901e-03 | 57 -0.01616  6.62886e-03
 58 -0.01897  5.31497e-03 | 59 -0.00402  1.00771e-03 | 60 -0.01433  9.08460e-04
 61 -0.01619  3.30321e-03 | 62 -0.01083  4.52577e-03 | 63 -0.01105  5.04614e-03
 64 -0.01028  5.06121e-03 | 65 -0.01955  4.11145e-03 | 66 -0.00817 -5.61584e-04
 67 -0.00031 -4.09165e-04 | 68  0.00000  0.00000e+00 | 69 -0.74420 -5.28160e-01
 70  0.21909  2.42608e+00 | 71  0.09737  5.04628e+00 | 72  0.18733 -2.96611e-03
 73 -0.10615 -1.35730e-03 | 74  0.06269 -1.00055e-02 | 75  0.18703  1.86455e+03
 76  0.06172  1.46266e+03 | 77  0.16317 -3.81791e-01 | 78 -0.45685 -1.35757e-02
 79 -0.17309 -7.11376e-02 | 80  0.15918 -2.25535e-03 | 81  0.06244  1.52464e-03
 82  0.12794  2.97336e-03 | 83  0.00000 -8.85677e-31 | 84  0.03623 -3.47222e-03
 85 -0.05688 -4.85701e-03 | 86 -0.23181 -1.37892e-05 | 87  0.10138  1.85412e-03
 88  0.70272  7.09732e-05 | 89 -0.14052  1.89620e-03 | 90  0.10079  3.67746e-03
 91 -0.65232 -1.60108e-03 |
91 variables; iteration 400; function evaluation 514; phase 4
Function value 2.5510170e+02; maximum gradient component mag 4.6015e+03
Var    Value     Gradient |Var    Value     Gradient |Var    Value     Gradient
  1  0.05996 -2.28385e+00 |  2 -0.01135 -1.13956e+00 |  3 -0.02340  8.76567e-04
  4 -0.02578  1.87319e-03 |  5 -0.02007  1.99129e-03 |  6 -0.01351  2.21073e-03
  7 -0.01668  1.91963e-03 |  8 -0.01276  1.28861e-03 |  9  0.00392  3.51736e-03
 10  0.00091  6.79841e-04 | 11  0.00614  3.24665e-03 | 12 -0.00498  6.15272e-04
 13 -0.01471  9.40241e-04 | 14 -0.00974  8.43781e-04 | 15 -0.01241  1.16210e-03
 16 -0.01340  1.38653e-03 | 17 -0.00805  4.57995e-04 | 18  0.00458  1.39801e-03
 19  0.00537  1.13978e-03 | 20  0.01432  1.31798e-03 | 21 -0.01038  1.62751e-03
 22 -0.01717  1.79297e-03 | 23 -0.00905  2.04117e-03 | 24 -0.01813  1.05823e-03
 25 -0.02166  6.46887e-04 | 26  0.01674  3.69594e-04 | 27  0.01949 -4.09434e-04
 28  0.01602 -7.35242e-04 | 29  0.03885 -1.12317e-03 | 30  0.01868 -7.98594e-04
 31  0.02521 -1.15506e-03 | 32  0.08264 -1.69587e-03 | 33  0.04122 -1.90915e-03
 34  0.01824 -1.52728e-03 | 35  0.02908 -1.28771e-03 | 36  0.01263 -7.45381e-04
 37  0.05194 -1.51900e-03 | 38  0.03006 -1.57623e-03 | 39  0.00244 -2.63266e-03
 40 -0.00867 -1.78415e-03 | 41 -0.01903 -1.02286e-03 | 42 -0.01736 -2.15519e-04
 43 -0.00880  7.92023e-04 | 44  0.00138  8.03580e-04 | 45  0.00743  1.42833e-04
 46  0.01343 -1.84739e-03 | 47  0.00554 -2.33478e-03 | 48  0.01110 -2.80512e-03
 49  0.00010 -2.18660e-03 | 50 -0.03404 -1.44760e-03 | 51 -0.03809 -2.71081e-03
 52 -0.03196 -3.13738e-03 | 53 -0.01080 -2.15937e-03 | 54 -0.01485 -9.02935e-04
 55 -0.00030 -1.58001e-03 | 56 -0.02620 -1.68502e-03 | 57 -0.01616 -2.57762e-03
 58 -0.01897 -1.86153e-03 | 59 -0.00402  4.01034e-04 | 60 -0.01433  9.30294e-04
 61 -0.01619 -5.30334e-04 | 62 -0.01083 -1.32191e-03 | 63 -0.01105 -1.59352e-03
 64 -0.01028 -1.29720e-03 | 65 -0.01955 -1.47849e-04 | 66 -0.00817  3.22573e-04
 67 -0.00031  2.22929e-04 | 68  0.00000  0.00000e+00 | 69 -0.74418 -1.06974e+00
 70  0.21909 -1.31259e+01 | 71  0.09736 -2.72959e+01 | 72  0.18733 -4.36480e-03
 73 -0.15582  1.61791e-03 | 74  0.06269  6.79435e-03 | 75  0.18708  4.60146e+03
 76  0.06166  3.60070e+03 | 77  0.16318 -7.59496e-01 | 78 -0.46297 -2.78876e-02
 79 -0.17309 -1.42225e-01 | 80  0.15918  2.11120e-03 | 81  0.06244  3.75331e-03
 82  0.12794  9.68752e-03 | 83  0.00000 -8.77020e-31 | 84  0.03623  9.71127e-04
 85 -0.05688  5.39882e-03 | 86 -0.23131  7.03110e-06 | 87  0.10138 -4.98761e-03
 88  0.70271  1.93229e-04 | 89 -0.14052 -7.09703e-04 | 90  0.10078 -3.35985e-03
 91 -0.65232  1.45938e-03 |
91 variables; iteration 420; function evaluation 541; phase 4
Function value 2.5510166e+02; maximum gradient component mag 3.2171e+03
Var    Value     Gradient |Var    Value     Gradient |Var    Value     Gradient
  1  0.05996 -2.18451e+00 |  2 -0.01135 -8.25887e-01 |  3 -0.02341 -3.86167e-03
  4 -0.02578 -4.20815e-03 |  5 -0.02007 -5.38791e-03 |  6 -0.01351 -6.34108e-03
  7 -0.01668 -6.74465e-03 |  8 -0.01276 -7.98382e-03 |  9  0.00391 -8.08592e-03
 10  0.00091 -1.06310e-02 | 11  0.00614 -9.94525e-03 | 12 -0.00498 -1.19585e-02
 13 -0.01471 -3.57386e-03 | 14 -0.00974 -4.38405e-03 | 15 -0.01241 -3.39181e-03
 16 -0.01340 -1.71754e-03 | 17 -0.00805 -2.49503e-03 | 18  0.00458 -3.06696e-03
 19  0.00537 -4.08337e-03 | 20  0.01431 -7.09333e-03 | 21 -0.01038 -4.30940e-03
 22 -0.01717 -3.04914e-03 | 23 -0.00905 -3.47469e-03 | 24 -0.01813 -3.37270e-03
 25 -0.02166 -3.75889e-03 | 26  0.01674 -9.78791e-03 | 27  0.01949 -1.06642e-02
 28  0.01602 -6.69953e-03 | 29  0.03885 -6.04292e-03 | 30  0.01869 -6.73156e-04
 31  0.02521 -5.93535e-04 | 32  0.08264 -6.43891e-03 | 33  0.04122 -3.35256e-03
 34  0.01824 -7.68253e-04 | 35  0.02908 -1.59016e-03 | 36  0.01263  7.87574e-05
 37  0.05194 -4.93476e-03 | 38  0.03006 -3.85674e-03 | 39  0.00244 -3.23466e-03
 40 -0.00867 -2.83229e-03 | 41 -0.01903 -2.46988e-03 | 42 -0.01736 -2.82039e-03
 43 -0.00880 -1.82121e-03 | 44  0.00138 -2.77599e-04 | 45  0.00743  1.16499e-03
 46  0.01343 -8.13611e-05 | 47  0.00554  2.25173e-04 | 48  0.01110 -1.29608e-03
 49  0.00010 -1.14392e-03 | 50 -0.03404  1.40407e-03 | 51 -0.03809  3.13078e-04
 52 -0.03196 -1.74791e-04 | 53 -0.01080  2.31116e-05 | 54 -0.01485  2.39164e-03
 55 -0.00030  1.87428e-03 | 56 -0.02619  3.56047e-03 | 57 -0.01616  2.61772e-03
 58 -0.01897  3.45069e-03 | 59 -0.00402  5.42833e-03 | 60 -0.01433  6.34995e-03
 61 -0.01619  4.94967e-03 | 62 -0.01083  4.54356e-03 | 63 -0.01105  4.91236e-03
 64 -0.01028  5.59721e-03 | 65 -0.01955  7.36913e-03 | 66 -0.00817  2.21184e-04
 67 -0.00031  2.27612e-04 | 68  0.00000  0.00000e+00 | 69 -0.74417 -7.71919e-01
 70  0.21911 -6.10546e+00 | 71  0.09735 -1.27050e+01 | 72  0.18733  1.13325e-02
 73 -0.19617 -3.18126e-04 | 74  0.06269 -5.42716e-03 | 75  0.18714  3.21713e+03
 76  0.06159  2.51275e+03 | 77  0.16320 -5.47547e-01 | 78 -0.46614 -1.97980e-02
 79 -0.17309 -1.02132e-01 | 80  0.15918 -2.22397e-03 | 81  0.06244  4.08484e-03
 82  0.12794  2.02104e-02 | 83  0.00000 -8.75714e-31 | 84  0.03623 -9.24571e-05
 85 -0.05688  6.89133e-03 | 86 -0.23118  1.25819e-05 | 87  0.10138 -5.84717e-03
 88  0.70271  4.11817e-04 | 89 -0.14052 -6.00579e-04 | 90  0.10079 -3.25642e-03
 91 -0.65232  1.39994e-03 |
91 variables; iteration 440; function evaluation 565; phase 4
Function value 2.5510159e+02; maximum gradient component mag 6.5332e+03
Var    Value     Gradient |Var    Value     Gradient |Var    Value     Gradient
  1  0.05996 -4.34953e+00 |  2 -0.01134 -1.60654e+00 |  3 -0.02340 -1.01430e-02
  4 -0.02578 -1.24793e-02 |  5 -0.02007 -1.52267e-02 |  6 -0.01351 -1.79398e-02
  7 -0.01668 -1.79058e-02 |  8 -0.01276 -2.02818e-02 |  9  0.00392 -2.52476e-02
 10  0.00091 -2.62142e-02 | 11  0.00614 -3.00660e-02 | 12 -0.00498 -2.80213e-02
 13 -0.01471 -8.10706e-03 | 14 -0.00974 -8.96625e-03 | 15 -0.01241 -8.04059e-03
 16 -0.01340 -5.36381e-03 | 17 -0.00805 -5.58378e-03 | 18  0.00458 -8.67508e-03
 19  0.00538 -1.05375e-02 | 20  0.01431 -1.92741e-02 | 21 -0.01038 -1.40342e-02
 22 -0.01717 -9.52179e-03 | 23 -0.00905 -9.21877e-03 | 24 -0.01813 -8.04342e-03
 25 -0.02166 -8.68880e-03 | 26  0.01674 -2.05476e-02 | 27  0.01949 -2.06735e-02
 28  0.01602 -1.28184e-02 | 29  0.03884 -1.15014e-02 | 30  0.01868 -1.60606e-03
 31  0.02521  3.02944e-03 | 32  0.08264 -1.30350e-02 | 33  0.04122 -1.26987e-03
 34  0.01824 -1.30495e-04 | 35  0.02908  1.78336e-04 | 36  0.01264  5.78215e-03
 37  0.05194 -6.38199e-03 | 38  0.03007 -3.11969e-03 | 39  0.00243 -5.15626e-03
 40 -0.00867 -3.47848e-03 | 41 -0.01903 -1.52899e-03 | 42 -0.01736 -3.54592e-04
 43 -0.00880  1.21306e-03 | 44  0.00138  3.69458e-03 | 45  0.00743  4.67372e-03
 46  0.01343  3.39411e-03 | 47  0.00554  4.98213e-03 | 48  0.01110  2.90292e-03
 49  0.00010  1.66244e-03 | 50 -0.03404  5.02702e-03 | 51 -0.03809  3.68198e-03
 52 -0.03196  3.88270e-03 | 53 -0.01080  5.12171e-03 | 54 -0.01485  9.46724e-03
 55 -0.00030  8.42478e-03 | 56 -0.02620  9.87833e-03 | 57 -0.01616  8.79046e-03
 58 -0.01897  1.04875e-02 | 59 -0.00402  1.20569e-02 | 60 -0.01433  1.32884e-02
 61 -0.01619  1.21888e-02 | 62 -0.01083  1.22797e-02 | 63 -0.01105  1.36550e-02
 64 -0.01028  1.50120e-02 | 65 -0.01955  1.66296e-02 | 66 -0.00817 -3.58080e-04
 67 -0.00031 -1.17404e-04 | 68  0.00000  0.00000e+00 | 69 -0.74416 -1.49894e+00
 70  0.21904 -8.02004e+00 | 71  0.09738 -1.66130e+01 | 72  0.18731 -1.32606e-02
 73 -0.21970 -4.60840e-04 | 74  0.06270 -7.46812e-03 | 75  0.18719  6.53323e+03
 76  0.06152  5.09081e+03 | 77  0.16322 -1.07297e+00 | 78 -0.46510 -3.76908e-02
 79 -0.17310 -2.00612e-01 | 80  0.15918 -2.38643e-03 | 81  0.06244  7.02223e-03
 82  0.12794  3.18370e-02 | 83  0.00000 -8.64471e-31 | 84  0.03623  5.54945e-04
 85 -0.05688  1.38358e-02 | 86 -0.23123  1.04560e-05 | 87  0.10138 -1.96908e-02
 88  0.70272  4.86897e-04 | 89 -0.14052 -7.65034e-04 | 90  0.10078 -5.26875e-03
 91 -0.65232  1.88256e-03 |
91 variables; iteration 460; function evaluation 589; phase 4
Function value 2.5510144e+02; maximum gradient component mag 9.0862e+03
Var    Value     Gradient |Var    Value     Gradient |Var    Value     Gradient
  1  0.05996 -2.62632e+00 |  2 -0.01134 -2.38851e+00 |  3 -0.02341  1.99326e-02
  4 -0.02578  2.46495e-02 |  5 -0.02007  3.02026e-02 |  6 -0.01351  3.47167e-02
  7 -0.01668  3.50990e-02 |  8 -0.01276  3.76501e-02 |  9  0.00392  4.54056e-02
 10  0.00091  4.34944e-02 | 11  0.00614  5.14548e-02 | 12 -0.00498  4.97346e-02
 13 -0.01471  1.36008e-02 | 14 -0.00974  1.69072e-02 | 15 -0.01241  1.49543e-02
 16 -0.01340  1.01094e-02 | 17 -0.00805  9.70674e-03 | 18  0.00458  1.73587e-02
 19  0.00538  1.98960e-02 | 20  0.01431  3.08564e-02 | 21 -0.01038  1.93242e-02
 22 -0.01717  1.32417e-02 | 23 -0.00904  1.52296e-02 | 24 -0.01813  8.86435e-03
 25 -0.02167  8.27577e-03 | 26  0.01674  3.00951e-02 | 27  0.01949  2.93647e-02
 28  0.01603  1.38558e-02 | 29  0.03884  1.17449e-02 | 30  0.01868 -6.02228e-03
 31  0.02521 -7.10333e-03 | 32  0.08264  1.67565e-02 | 33  0.04122  1.86638e-03
 34  0.01824 -4.56872e-03 | 35  0.02908  1.23111e-04 | 36  0.01263 -7.17879e-03
 37  0.05194  1.07394e-02 | 38  0.03006  7.70949e-03 | 39  0.00244  1.17510e-03
 40 -0.00867  5.62872e-03 | 41 -0.01903  6.68805e-03 | 42 -0.01736  8.71048e-03
 43 -0.00880  7.41806e-03 | 44  0.00138  2.04706e-03 | 45  0.00744 -3.84942e-03
 46  0.01343 -7.56269e-03 | 47  0.00554 -1.26902e-02 | 48  0.01110 -9.04245e-03
 49  0.00010 -9.19828e-03 | 50 -0.03404 -1.49994e-02 | 51 -0.03809 -1.54821e-02
 52 -0.03196 -1.58742e-02 | 53 -0.01080 -1.58098e-02 | 54 -0.01485 -1.97690e-02
 55 -0.00030 -1.94655e-02 | 56 -0.02620 -2.43617e-02 | 57 -0.01616 -2.46597e-02
 58 -0.01897 -2.55988e-02 | 59 -0.00402 -2.56849e-02 | 60 -0.01433 -2.69197e-02
 61 -0.01619 -2.70079e-02 | 62 -0.01083 -2.70471e-02 | 63 -0.01105 -2.86718e-02
 64 -0.01028 -3.18507e-02 | 65 -0.01955 -3.38196e-02 | 66 -0.00817  1.87364e-06
 67 -0.00031  1.06407e-05 | 68  0.00000  0.00000e+00 | 69 -0.74414 -2.25756e+00
 70  0.21902 -6.57194e+01 | 71  0.09739 -1.36682e+02 | 72  0.18731 -6.13794e-02
 73 -0.21229  4.90786e-03 | 74  0.06270  3.82195e-02 | 75  0.18726  9.08621e+03
 76  0.06143  7.05924e+03 | 77  0.16324 -1.63476e+00 | 78 -0.45527 -5.65877e-02
 79 -0.17310 -2.97089e-01 | 80  0.15918  1.12600e-02 | 81  0.06244  9.47669e-03
 82  0.12794  1.69210e-02 | 83  0.00000 -8.54889e-31 | 84  0.03623  7.17198e-03
 85 -0.05688  1.39390e-02 | 86 -0.23106  1.75664e-05 | 87  0.10138 -2.14395e-02
 88  0.70272  6.23033e-04 | 89 -0.14052  2.17246e-03 | 90  0.10078 -3.71238e-03
 91 -0.65232  2.63045e-03 |
91 variables; iteration 480; function evaluation 614; phase 4
Function value 2.5510126e+02; maximum gradient component mag 1.5447e+03
Var    Value     Gradient |Var    Value     Gradient |Var    Value     Gradient
  1  0.05997  1.05453e+00 |  2 -0.01135 -5.69911e-01 |  3 -0.02342  2.06028e-02
  4 -0.02580  2.50573e-02 |  5 -0.02009  3.14008e-02 |  6 -0.01354  3.60789e-02
  7 -0.01670  3.60543e-02 |  8 -0.01279  3.81556e-02 |  9  0.00388  4.53429e-02
 10  0.00088  4.39968e-02 | 11  0.00610  5.24600e-02 | 12 -0.00500  5.16436e-02
 13 -0.01472  1.47903e-02 | 14 -0.00976  1.85150e-02 | 15 -0.01243  1.55644e-02
 16 -0.01341  1.10333e-02 | 17 -0.00806  1.01440e-02 | 18  0.00457  1.57046e-02
 19  0.00537  1.90790e-02 | 20  0.01430  3.16058e-02 | 21 -0.01039  2.07717e-02
 22 -0.01717  1.49587e-02 | 23 -0.00905  1.56795e-02 | 24 -0.01814  9.58122e-03
 25 -0.02167  9.70392e-03 | 26  0.01674  3.27102e-02 | 27  0.01950  3.18732e-02
 28  0.01602  1.56966e-02 | 29  0.03885  1.32875e-02 | 30  0.01870 -5.14249e-03
 31  0.02522 -5.93017e-03 | 32  0.08265  1.93813e-02 | 33  0.04122  3.50326e-03
 34  0.01824 -4.19469e-03 | 35  0.02908  4.89710e-04 | 36  0.01263 -6.43579e-03
 37  0.05193  1.28307e-02 | 38  0.03005  9.31804e-03 | 39  0.00243  1.74064e-03
 40 -0.00867  5.31938e-03 | 41 -0.01903  5.98408e-03 | 42 -0.01737  8.34608e-03
 43 -0.00881  6.74511e-03 | 44  0.00137  1.50392e-03 | 45  0.00744 -4.30877e-03
 46  0.01344 -7.28639e-03 | 47  0.00556 -1.12258e-02 | 48  0.01111 -7.69436e-03
 49  0.00009 -7.70900e-03 | 50 -0.03404 -1.39339e-02 | 51 -0.03809 -1.46991e-02
 52 -0.03195 -1.40405e-02 | 53 -0.01080 -1.27837e-02 | 54 -0.01485 -1.65253e-02
 55 -0.00029 -1.69423e-02 | 56 -0.02617 -2.34938e-02 | 57 -0.01613 -2.35003e-02
 58 -0.01896 -2.36348e-02 | 59 -0.00402 -2.37280e-02 | 60 -0.01434 -2.59037e-02
 61 -0.01618 -2.61440e-02 | 62 -0.01082 -2.58138e-02 | 63 -0.01103 -2.72373e-02
 64 -0.01027 -3.06033e-02 | 65 -0.01956 -3.36488e-02 | 66 -0.00817 -4.01544e-04
 67 -0.00031 -7.83183e-05 | 68  0.00000  0.00000e+00 | 69 -0.74411 -5.52884e-01
 70  0.21946 -3.21144e+01 | 71  0.09719 -6.68966e+01 | 72  0.18741 -5.56660e-02
 73 -0.15743  5.01205e-03 | 74  0.06268  3.58808e-02 | 75  0.18733  1.54471e+03
 76  0.06134  1.19801e+03 | 77  0.16325 -4.09868e-01 | 78 -0.43768 -1.36161e-02
 79 -0.17309 -7.03001e-02 | 80  0.15921  4.88267e-03 | 81  0.06241  5.14226e-03
 82  0.12795  1.12793e-02 | 83  0.00000 -8.70792e-31 | 84  0.03624  4.52378e-03
 85 -0.05687  5.04775e-03 | 86 -0.23134  5.29323e-06 | 87  0.10138 -9.11662e-03
 88  0.70268 -1.42847e-04 | 89 -0.14050  8.33947e-04 | 90  0.10081  1.03405e-04
 91 -0.65231  5.18317e-04 |
91 variables; iteration 500; function evaluation 637; phase 4
Function value 2.5510100e+02; maximum gradient component mag 1.3360e+03
Var    Value     Gradient |Var    Value     Gradient |Var    Value     Gradient
  1  0.05996  6.94570e-01 |  2 -0.01133 -6.32964e-01 |  3 -0.02340  1.84792e-02
  4 -0.02578  2.26351e-02 |  5 -0.02007  2.79999e-02 |  6 -0.01351  3.22955e-02
  7 -0.01667  3.23146e-02 |  8 -0.01275  3.44597e-02 |  9  0.00393  4.15318e-02
 10  0.00092  4.01718e-02 | 11  0.00615  4.86203e-02 | 12 -0.00498  4.65393e-02
 13 -0.01470  1.38418e-02 | 14 -0.00973  1.65872e-02 | 15 -0.01241  1.47979e-02
 16 -0.01340  1.02526e-02 | 17 -0.00805  9.31825e-03 | 18  0.00459  1.58300e-02
 19  0.00538  1.81728e-02 | 20  0.01431  2.94935e-02 | 21 -0.01038  1.99771e-02
 22 -0.01717  1.40917e-02 | 23 -0.00904  1.47511e-02 | 24 -0.01813  9.34551e-03
 25 -0.02167  9.51820e-03 | 26  0.01674  2.96841e-02 | 27  0.01949  2.93155e-02
 28  0.01603  1.47784e-02 | 29  0.03884  1.25064e-02 | 30  0.01868 -3.77409e-03
 31  0.02521 -5.57961e-03 | 32  0.08263  1.76025e-02 | 33  0.04122  3.00447e-03
 34  0.01824 -3.44934e-03 | 35  0.02908  9.67584e-05 | 36  0.01263 -6.38380e-03
 37  0.05195  1.07447e-02 | 38  0.03007  7.21961e-03 | 39  0.00243  1.99306e-03
 40 -0.00867  4.61385e-03 | 41 -0.01903  4.80754e-03 | 42 -0.01736  6.36714e-03
 43 -0.00880  4.82481e-03 | 44  0.00139  3.79433e-05 | 45  0.00744 -4.71058e-03
 46  0.01342 -6.83574e-03 | 47  0.00554 -1.06614e-02 | 48  0.01110 -7.58692e-03
 49  0.00010 -7.17539e-03 | 50 -0.03404 -1.27693e-02 | 51 -0.03809 -1.29764e-02
 52 -0.03196 -1.29467e-02 | 53 -0.01080 -1.22437e-02 | 54 -0.01485 -1.63588e-02
 55 -0.00030 -1.62768e-02 | 56 -0.02620 -2.11026e-02 | 57 -0.01617 -2.10774e-02
 58 -0.01897 -2.17574e-02 | 59 -0.00402 -2.17543e-02 | 60 -0.01433 -2.36864e-02
 61 -0.01619 -2.37558e-02 | 62 -0.01084 -2.35002e-02 | 63 -0.01106 -2.47478e-02
 64 -0.01029 -2.76768e-02 | 65 -0.01955 -3.03391e-02 | 66 -0.00817  8.89483e-05
 67 -0.00031  3.94670e-05 | 68  0.00000  0.00000e+00 | 69 -0.74410 -6.10578e-01
 70  0.21886 -1.00841e+01 | 71  0.09748 -2.07691e+01 | 72  0.18727 -4.73264e-02
 73 -0.08348  4.09495e-03 | 74  0.06272  3.20734e-02 | 75  0.18740  1.33605e+03
 76  0.06125  1.03329e+03 | 77  0.16329 -4.50151e-01 | 78 -0.40694 -1.56835e-02
 79 -0.17310 -7.77785e-02 | 80  0.15917  1.55997e-03 | 81  0.06245 -1.41308e-04
 82  0.12794  2.49612e-03 | 83  0.00000 -8.92174e-31 | 84  0.03623  3.84165e-03
 85 -0.05689  3.28633e-03 | 86 -0.23130  7.39623e-06 | 87  0.10138 -5.60756e-03
 88  0.70272 -3.91218e-05 | 89 -0.14053  9.50181e-04 | 90  0.10078  2.20096e-04
 91 -0.65233  5.05647e-04 |
91 variables; iteration 520; function evaluation 658; phase 4
Function value 2.5510067e+02; maximum gradient component mag -5.0390e+03
Var    Value     Gradient |Var    Value     Gradient |Var    Value     Gradient
  1  0.05997  2.17961e+01 |  2 -0.01134  3.72701e+00 |  3 -0.02342  1.32525e-01
  4 -0.02580  1.60562e-01 |  5 -0.02009  2.01249e-01 |  6 -0.01354  2.32617e-01
  7 -0.01670  2.32125e-01 |  8 -0.01279  2.49803e-01 |  9  0.00388  2.98626e-01
 10  0.00088  2.97351e-01 | 11  0.00611  3.50549e-01 | 12 -0.00500  3.42399e-01
 13 -0.01472  1.01547e-01 | 14 -0.00975  1.22392e-01 | 15 -0.01243  1.03994e-01
 16 -0.01341  7.29047e-02 | 17 -0.00806  6.91174e-02 | 18  0.00457  1.04271e-01
 19  0.00537  1.27135e-01 | 20  0.01430  2.17101e-01 | 21 -0.01039  1.48975e-01
 22 -0.01717  1.06830e-01 | 23 -0.00904  1.08974e-01 | 24 -0.01814  7.61109e-02
 25 -0.02168  7.93140e-02 | 26  0.01674  2.31688e-01 | 27  0.01951  2.29659e-01
 28  0.01603  1.25050e-01 | 29  0.03884  1.08339e-01 | 30  0.01870 -1.57121e-02
 31  0.02522 -3.26134e-02 | 32  0.08265  1.42522e-01 | 33  0.04122  2.74711e-02
 34  0.01824 -1.67688e-02 | 35  0.02908  4.76413e-03 | 36  0.01263 -4.57265e-02
 37  0.05194  8.61376e-02 | 38  0.03005  5.88294e-02 | 39  0.00243  2.61628e-02
 40 -0.00868  3.77613e-02 | 41 -0.01903  3.48741e-02 | 42 -0.01736  4.35654e-02
 43 -0.00881  3.04527e-02 | 44  0.00137 -4.04158e-03 | 45  0.00744 -3.59749e-02
 46  0.01344 -4.46672e-02 | 47  0.00556 -6.68126e-02 | 48  0.01111 -4.27911e-02
 49  0.00009 -3.88737e-02 | 50 -0.03404 -8.05998e-02 | 51 -0.03809 -7.96286e-02
 52 -0.03195 -7.56403e-02 | 53 -0.01080 -7.27607e-02 | 54 -0.01485 -1.05958e-01
 55 -0.00029 -1.04988e-01 | 56 -0.02617 -1.42120e-01 | 57 -0.01613 -1.37942e-01
 58 -0.01896 -1.43740e-01 | 59 -0.00402 -1.50997e-01 | 60 -0.01434 -1.66852e-01
 61 -0.01618 -1.63815e-01 | 62 -0.01082 -1.61104e-01 | 63 -0.01104 -1.71532e-01
 64 -0.01027 -1.92303e-01 | 65 -0.01956 -2.14210e-01 | 66 -0.00817 -1.34411e-03
 67 -0.00031 -1.87947e-04 | 68  0.00000  0.00000e+00 | 69 -0.74406  3.38176e+00
 70  0.21935 -2.30862e+01 | 71  0.09727 -4.83979e+01 | 72  0.18739 -2.31381e-01
 73 -0.01393  2.58839e-02 | 74  0.06269  1.88707e-01 | 75  0.18752 -5.03900e+03
 76  0.06109 -3.87183e+03 | 77  0.16332  2.35789e+00 | 78 -0.34203  1.01772e-01
 79 -0.17310  4.67099e-01 | 80  0.15920  3.01463e-02 | 81  0.06242  1.20329e-03
 82  0.12794 -6.40042e-02 | 83  0.00000 -8.85826e-31 | 84  0.03624  1.67019e-02
 85 -0.05687 -3.36025e-02 | 86 -0.23111  1.37271e-05 | 87  0.10138  3.56863e-02
 88  0.70269 -2.96920e-03 | 89 -0.14050  5.48401e-03 | 90  0.10081  2.52251e-02
 91 -0.65231 -7.18949e-03 |
91 variables; iteration 540; function evaluation 682; phase 4
Function value 2.5510016e+02; maximum gradient component mag -1.1755e+03
Var    Value     Gradient |Var    Value     Gradient |Var    Value     Gradient
  1  0.05997  7.15469e+00 |  2 -0.01132  2.21752e+00 |  3 -0.02342  2.37425e-02
  4 -0.02580  2.64136e-02 |  5 -0.02009  3.50227e-02 |  6 -0.01353  4.04982e-02
  7 -0.01670  4.00892e-02 |  8 -0.01278  4.40257e-02 |  9  0.00389  4.86670e-02
 10  0.00089  5.32858e-02 | 11  0.00611  6.15823e-02 | 12 -0.00499  6.36536e-02
 13 -0.01471  1.87363e-02 | 14 -0.00975  2.23946e-02 | 15 -0.01242  1.82761e-02
 16 -0.01341  1.22991e-02 | 17 -0.00806  1.23229e-02 | 18  0.00458  1.73213e-02
 19  0.00538  2.15993e-02 | 20  0.01430  3.94827e-02 | 21 -0.01039  2.79913e-02
 22 -0.01717  1.92710e-02 | 23 -0.00903  1.83490e-02 | 24 -0.01814  1.29156e-02
 25 -0.02168  1.46052e-02 | 26  0.01674  4.54306e-02 | 27  0.01951  4.76620e-02
 28  0.01603  2.92725e-02 | 29  0.03884  2.60560e-02 | 30  0.01869  1.01531e-03
 31  0.02522 -1.85368e-03 | 32  0.08265  3.56284e-02 | 33  0.04122  1.08130e-02
 34  0.01824  1.19063e-03 | 35  0.02908  4.24761e-03 | 36  0.01263 -6.80994e-03
 37  0.05194  2.01865e-02 | 38  0.03005  1.40708e-02 | 39  0.00242  8.71487e-03
 40 -0.00868  9.18294e-03 | 41 -0.01903  7.70524e-03 | 42 -0.01736  8.38504e-03
 43 -0.00881  4.48718e-03 | 44  0.00138 -3.33827e-03 | 45  0.00745 -7.93362e-03
 46  0.01343 -5.61452e-03 | 47  0.00555 -7.69429e-03 | 48  0.01111 -2.52747e-03
 49  0.00009 -2.59293e-03 | 50 -0.03404 -1.08555e-02 | 51 -0.03809 -8.25392e-03
 52 -0.03195 -5.95211e-03 | 53 -0.01080 -7.23515e-03 | 54 -0.01485 -1.66630e-02
 55 -0.00030 -1.56714e-02 | 56 -0.02618 -2.14728e-02 | 57 -0.01614 -1.88355e-02
 58 -0.01896 -2.07714e-02 | 59 -0.00402 -2.70402e-02 | 60 -0.01434 -3.21839e-02
 61 -0.01619 -2.96634e-02 | 62 -0.01082 -2.60649e-02 | 63 -0.01104 -2.63874e-02
 64 -0.01027 -3.13489e-02 | 65 -0.01956 -3.84142e-02 | 66 -0.00817 -8.86758e-04
 67 -0.00031 -3.46009e-04 | 68  0.00000  0.00000e+00 | 69 -0.74400  2.05789e+00
 70  0.21913 -9.96826e-01 | 71  0.09741 -2.10743e+00 | 72  0.18733 -4.01853e-02
 73  0.02814  2.20872e-03 | 74  0.06271  2.07568e-02 | 75  0.18773 -1.17552e+03
 76  0.06082 -8.94377e+02 | 77  0.16339  1.46376e+00 | 78 -0.25525  6.55713e-02
 79 -0.17310  2.78243e-01 | 80  0.15919 -2.15603e-02 | 81  0.06243 -1.48641e-02
 82  0.12794 -1.08356e-02 | 83  0.00000 -9.48343e-31 | 84  0.03624 -4.05360e-03
 85 -0.05688 -2.53039e-02 | 86 -0.23134  5.11789e-06 | 87  0.10138  3.14190e-02
 88  0.70270 -1.32366e-03 | 89 -0.14051  1.08278e-03 | 90  0.10080  1.74816e-02
 91 -0.65232 -7.02447e-03 |
91 variables; iteration 560; function evaluation 704; phase 4
Function value 2.5509951e+02; maximum gradient component mag 1.1886e+02
Var    Value     Gradient |Var    Value     Gradient |Var    Value     Gradient
  1  0.05997  5.55914e+00 |  2 -0.01132 -7.88112e-01 |  3 -0.02344  5.15660e-02
  4 -0.02583  5.10130e-02 |  5 -0.02012  7.40085e-02 |  6 -0.01356  8.68175e-02
  7 -0.01673  8.49752e-02 |  8 -0.01281  9.80798e-02 |  9  0.00384  9.79493e-02
 10  0.00087  1.23084e-01 | 11  0.00608  1.38148e-01 | 12 -0.00500  1.51993e-01
 13 -0.01473  3.88398e-02 | 14 -0.00976  4.67756e-02 | 15 -0.01244  3.63748e-02
 16 -0.01343  2.01874e-02 | 17 -0.00807  2.36931e-02 | 18  0.00457  3.70451e-02
 19  0.00538  4.75653e-02 | 20  0.01428  9.23958e-02 | 21 -0.01040  6.77666e-02
 22 -0.01718  4.68419e-02 | 23 -0.00903  4.55010e-02 | 24 -0.01816  3.23030e-02
 25 -0.02169  3.88633e-02 | 26  0.01674  1.28708e-01 | 27  0.01953  1.47412e-01
 28  0.01603  1.02870e-01 | 29  0.03884  9.07400e-02 | 30  0.01871  1.91579e-02
 31  0.02523  1.02794e-02 | 32  0.08267  1.22322e-01 | 33  0.04121  4.53463e-02
 34  0.01823  1.75288e-02 | 35  0.02908  2.21301e-02 | 36  0.01261 -1.05668e-02
 37  0.05194  6.67135e-02 | 38  0.03003  4.01499e-02 | 39  0.00241  3.05054e-02
 40 -0.00869  2.72817e-02 | 41 -0.01903  2.73562e-02 | 42 -0.01736  3.31231e-02
 43 -0.00882  2.21989e-02 | 44  0.00136 -4.96689e-03 | 45  0.00746 -1.90433e-02
 46  0.01344 -6.10807e-03 | 47  0.00557 -6.72162e-03 | 48  0.01112  1.04535e-02
 49  0.00009  1.02426e-02 | 50 -0.03404 -1.23111e-02 | 51 -0.03808  2.61164e-03
 52 -0.03195  1.14784e-02 | 53 -0.01080  1.92549e-03 | 54 -0.01486 -3.37178e-02
 55 -0.00028 -2.64191e-02 | 56 -0.02616 -3.68651e-02 | 57 -0.01611 -2.41858e-02
 58 -0.01895 -3.27433e-02 | 59 -0.00403 -6.28207e-02 | 60 -0.01434 -8.24728e-02
 61 -0.01618 -7.00727e-02 | 62 -0.01081 -5.32775e-02 | 63 -0.01103 -5.01732e-02
 64 -0.01026 -6.56846e-02 | 65 -0.01956 -9.36463e-02 | 66 -0.00817 -3.36549e-03
 67 -0.00031 -1.56131e-03 | 68  0.00000  0.00000e+00 | 69 -0.74389 -7.78424e-01
 70  0.21929 -5.96885e-01 | 71  0.09736 -1.47531e+00 | 72  0.18737 -1.46956e-01
 73  0.05307  2.40840e-03 | 74  0.06272  4.26683e-02 | 75  0.18812  1.18858e+02
 76  0.06032  8.99791e+01 | 77  0.16350 -5.68937e-01 | 78 -0.15953 -2.29097e-02
 79 -0.17312 -1.04771e-01 | 80  0.15919 -1.17064e-01 | 81  0.06243 -8.02120e-02
 82  0.12793 -5.93385e-02 | 83  0.00000 -1.19960e-30 | 84  0.03625 -2.79213e-02
 85 -0.05687 -1.20460e-01 | 86 -0.23163 -9.06814e-06 | 87  0.10139  1.54797e-01
 88  0.70269 -5.03899e-03 | 89 -0.14049  3.86748e-03 | 90  0.10082  8.07401e-02
 91 -0.65231 -3.36858e-02 |
91 variables; iteration 580; function evaluation 730; phase 4
Function value 2.5509862e+02; maximum gradient component mag -2.6809e+02
Var    Value     Gradient |Var    Value     Gradient |Var    Value     Gradient
  1  0.05997  1.29365e+01 |  2 -0.01128  5.09124e+00 |  3 -0.02344  2.58947e-02
  4 -0.02582  2.96546e-02 |  5 -0.02011  3.84281e-02 |  6 -0.01356  4.43480e-02
  7 -0.01673  4.37662e-02 |  8 -0.01281  4.71360e-02 |  9  0.00386  5.41028e-02
 10  0.00086  5.66721e-02 | 11  0.00608  6.77864e-02 | 12 -0.00502  6.72879e-02
 13 -0.01473  2.14028e-02 | 14 -0.00976  2.48174e-02 | 15 -0.01244  2.10030e-02
 16 -0.01343  1.49838e-02 | 17 -0.00808  1.38795e-02 | 18  0.00457  1.88830e-02
 19  0.00540  2.32546e-02 | 20  0.01427  4.33147e-02 | 21 -0.01041  3.17575e-02
 22 -0.01718  2.16991e-02 | 23 -0.00900  1.97114e-02 | 24 -0.01816  1.45154e-02
 25 -0.02170  1.65287e-02 | 26  0.01674  4.62312e-02 | 27  0.01954  4.62654e-02
 28  0.01604  2.71045e-02 | 29  0.03882  2.47160e-02 | 30  0.01870  3.85678e-04
 31  0.02523 -3.43988e-03 | 32  0.08266  3.42687e-02 | 33  0.04122  9.57818e-03
 34  0.01822  2.39203e-04 | 35  0.02908  3.06953e-03 | 36  0.01262 -7.91880e-03
 37  0.05195  1.92598e-02 | 38  0.03004  1.47753e-02 | 39  0.00240  9.60125e-03
 40 -0.00869  9.67589e-03 | 41 -0.01902  6.30001e-03 | 42 -0.01735  5.26573e-03
 43 -0.00882  1.08492e-03 | 44  0.00136 -5.69631e-03 | 45  0.00748 -8.90312e-03
 46  0.01342 -6.51030e-03 | 47  0.00556 -8.95021e-03 | 48  0.01112 -4.42705e-03
 49  0.00009 -4.04827e-03 | 50 -0.03404 -1.24564e-02 | 51 -0.03809 -1.09592e-02
 52 -0.03195 -9.13320e-03 | 53 -0.01080 -9.26095e-03 | 54 -0.01486 -1.76088e-02
 55 -0.00029 -1.72751e-02 | 56 -0.02616 -2.37812e-02 | 57 -0.01612 -2.19269e-02
 58 -0.01895 -2.34707e-02 | 59 -0.00402 -2.75267e-02 | 60 -0.01434 -3.22909e-02
 61 -0.01618 -3.07272e-02 | 62 -0.01081 -2.79995e-02 | 63 -0.01103 -2.87897e-02
 64 -0.01026 -3.36537e-02 | 65 -0.01956 -3.95826e-02 | 66 -0.00818 -4.54450e-04
 67 -0.00031 -1.90275e-04 | 68  0.00000  0.00000e+00 | 69 -0.74370  4.74339e+00
 70  0.21923 -1.68848e-01 | 71  0.09741 -4.06765e-01 | 72  0.18735 -1.49493e-02
 73  0.06552  1.05841e-03 | 74  0.06272  1.54624e-02 | 75  0.18880 -2.68089e+02
 76  0.05945 -1.93300e+02 | 77  0.16372  3.40478e+00 | 78 -0.06774  1.57759e-01
 79 -0.17311  6.41396e-01 | 80  0.15921 -6.25403e-03 | 81  0.06241 -8.17446e-03
 82  0.12794 -2.32429e-02 | 83  0.00000 -9.21962e-31 | 84  0.03625 -1.05430e-03
 85 -0.05686 -2.37395e-02 | 86 -0.23141  1.82354e-06 | 87  0.10139  3.13557e-02
 88  0.70267 -1.43225e-03 | 89 -0.14049  3.16151e-04 | 90  0.10082  1.50269e-02
 91 -0.65230 -6.01643e-03 |
91 variables; iteration 600; function evaluation 757; phase 4
Function value 2.5509738e+02; maximum gradient component mag -6.7877e+01
Var    Value     Gradient |Var    Value     Gradient |Var    Value     Gradient
  1  0.05998  1.31018e+01 |  2 -0.01121  5.43832e+00 |  3 -0.02346  2.41239e-02
  4 -0.02585  2.97382e-02 |  5 -0.02014  3.64530e-02 |  6 -0.01358  4.19028e-02
  7 -0.01676  4.14146e-02 |  8 -0.01284  4.30570e-02 |  9  0.00384  5.30897e-02
 10  0.00083  4.98811e-02 | 11  0.00604  6.21772e-02 | 12 -0.00505  5.82883e-02
 13 -0.01474  2.00732e-02 | 14 -0.00977  2.32617e-02 | 15 -0.01246  2.07917e-02
 16 -0.01345  1.59771e-02 | 17 -0.00810  1.35057e-02 | 18  0.00457  1.85576e-02
 19  0.00542  2.20175e-02 | 20  0.01424  3.86080e-02 | 21 -0.01043  2.80920e-02
 22 -0.01719  1.92693e-02 | 23 -0.00896  1.72294e-02 | 24 -0.01818  1.21112e-02
 25 -0.02172  1.32208e-02 | 26  0.01674  3.45128e-02 | 27  0.01958  3.04235e-02
 28  0.01604  1.37321e-02 | 29  0.03880  1.28072e-02 | 30  0.01871 -4.47350e-03
 31  0.02525 -7.20751e-03 | 32  0.08267  1.90070e-02 | 33  0.04121  2.51850e-03
 34  0.01821 -4.11135e-03 | 35  0.02907 -8.07826e-04 | 36  0.01261 -8.38528e-03
 37  0.05195  1.13942e-02 | 38  0.03002  1.05936e-02 | 39  0.00236  5.39045e-03
 40 -0.00871  7.24000e-03 | 41 -0.01901  3.67030e-03 | 42 -0.01734  1.82484e-03
 43 -0.00883 -1.14797e-03 | 44  0.00135 -4.54466e-03 | 45  0.00753 -6.59268e-03
 46  0.01341 -7.50807e-03 | 47  0.00557 -1.15787e-02 | 48  0.01113 -9.05893e-03
 49  0.00009 -8.59304e-03 | 50 -0.03405 -1.49367e-02 | 51 -0.03809 -1.65422e-02
 52 -0.03195 -1.64475e-02 | 53 -0.01080 -1.44360e-02 | 54 -0.01486 -1.76754e-02
 55 -0.00028 -1.85896e-02 | 56 -0.02614 -2.51531e-02 | 57 -0.01609 -2.58146e-02
 58 -0.01894 -2.59218e-02 | 59 -0.00402 -2.43664e-02 | 60 -0.01434 -2.61908e-02
 61 -0.01617 -2.70591e-02 | 62 -0.01080 -2.72291e-02 | 63 -0.01102 -2.91327e-02
 64 -0.01025 -3.23183e-02 | 65 -0.01957 -3.42061e-02 | 66 -0.00818  1.24370e-04
 67 -0.00031  1.88892e-04 | 68  0.00000  0.00000e+00 | 69 -0.74330  5.06051e+00
 70  0.21930 -3.31607e-01 | 71  0.09738 -7.23907e-01 | 72  0.18736 -5.44554e-03
 73  0.06577  1.63617e-03 | 74  0.06274  1.77599e-02 | 75  0.19019 -6.78769e+01
 76  0.05766 -4.46686e+01 | 77  0.16415  3.65428e+00 | 78  0.02626  1.53499e-01
 79 -0.17315  6.89998e-01 | 80  0.15924  1.01202e-02 | 81  0.06237  4.55047e-03
 82  0.12795 -3.55922e-03 | 83  0.00000 -8.72141e-31 | 84  0.03626  5.34834e-03
 85 -0.05685  1.13404e-03 | 86 -0.23130  6.38449e-06 | 87  0.10139 -1.01574e-03
 88  0.70265 -4.21035e-04 | 89 -0.14047 -4.55868e-05 | 90  0.10083  3.05261e-04
 91 -0.65228  5.64424e-04 |
91 variables; iteration 620; function evaluation 783; phase 4
Function value 2.5509677e+02; maximum gradient component mag 1.3799e+00
Var    Value     Gradient |Var    Value     Gradient |Var    Value     Gradient
  1  0.05998  1.37995e+00 |  2 -0.01115  5.51569e-01 |  3 -0.02349  3.14299e-03
  4 -0.02588  4.04545e-03 |  5 -0.02017  4.83603e-03 |  6 -0.01362  5.55723e-03
  7 -0.01680  5.50649e-03 |  8 -0.01288  5.64786e-03 |  9  0.00380  7.26078e-03
 10  0.00079  6.46253e-03 | 11  0.00599  8.20474e-03 | 12 -0.00508  7.41366e-03
 13 -0.01476  2.61750e-03 | 14 -0.00978  3.03447e-03 | 15 -0.01248  2.76855e-03
 16 -0.01347  2.17648e-03 | 17 -0.00812  1.78296e-03 | 18  0.00457  2.54992e-03
 19  0.00545  2.97605e-03 | 20  0.01420  4.99078e-03 | 21 -0.01046  3.59673e-03
 22 -0.01720  2.54961e-03 | 23 -0.00892  2.37539e-03 | 24 -0.01821  1.63849e-03
 25 -0.02175  1.69740e-03 | 26  0.01674  4.20812e-03 | 27  0.01963  3.51898e-03
 28  0.01605  1.31445e-03 | 29  0.03878  1.18020e-03 | 30  0.01873 -8.51060e-04
 31  0.02527 -1.22068e-03 | 32  0.08268  1.75220e-03 | 33  0.04121 -1.04938e-04
 34  0.01819 -8.61260e-04 | 35  0.02907 -3.72632e-04 | 36  0.01260 -1.18876e-03
 37  0.05196  1.11715e-03 | 38  0.02999  1.06560e-03 | 39  0.00232  3.10892e-04
 40 -0.00873  6.73142e-04 | 41 -0.01901  3.12946e-04 | 42 -0.01732  1.80552e-04
 43 -0.00884 -7.04572e-05 | 44  0.00134 -4.04165e-04 | 45  0.00757 -7.77988e-04
 46  0.01340 -1.20913e-03 | 47  0.00558 -1.85866e-03 | 48  0.01114 -1.60806e-03
 49  0.00008 -1.48294e-03 | 50 -0.03405 -2.22531e-03 | 51 -0.03808 -2.61825e-03
 52 -0.03194 -2.71656e-03 | 53 -0.01080 -2.30394e-03 | 54 -0.01487 -2.45395e-03
 55 -0.00027 -2.64965e-03 | 56 -0.02612 -3.55886e-03 | 57 -0.01606 -3.78525e-03
 58 -0.01892 -3.71233e-03 | 59 -0.00402 -3.12257e-03 | 60 -0.01434 -3.20522e-03
 61 -0.01616 -3.48577e-03 | 62 -0.01079 -3.72843e-03 | 63 -0.01101 -4.07071e-03
 64 -0.01023 -4.38864e-03 | 65 -0.01958 -4.41176e-03 | 66 -0.00819  6.66322e-05
 67 -0.00031  5.01609e-05 | 68  0.00000  0.00000e+00 | 69 -0.74286  5.11753e-01
 70  0.21939 -6.00377e-02 | 71  0.09731 -1.32538e-01 | 72  0.18737 -1.16358e-03
 73  0.04894  4.22821e-04 | 74  0.06276  3.48459e-03 | 75  0.19177 -1.03743e+00
 76  0.05563 -4.37536e-01 | 77  0.16464  3.72092e-01 | 78  0.07073  1.05241e-02
 79 -0.17318  7.03729e-02 | 80  0.15927  2.91315e-03 | 81  0.06234  1.50185e-03
 82  0.12795 -3.30834e-04 | 83  0.00000 -8.83151e-31 | 84  0.03627  1.13818e-03
 85 -0.05684  1.50086e-03 | 86 -0.23143  7.64932e-07 | 87  0.10139 -1.82292e-03
 88  0.70261 -3.57013e-06 | 89 -0.14045 -4.35603e-05 | 90  0.10086 -8.79932e-04
 91 -0.65227  4.68465e-04 |
91 variables; iteration 640; function evaluation 804; phase 4
Function value 2.5509675e+02; maximum gradient component mag 1.6580e-01
Var    Value     Gradient |Var    Value     Gradient |Var    Value     Gradient
  1  0.05998 -8.08080e-03 |  2 -0.01113 -3.34754e-03 |  3 -0.02350 -3.91426e-06
  4 -0.02588  2.59212e-06 |  5 -0.02018 -4.29909e-06 |  6 -0.01363 -5.58495e-06
  7 -0.01681 -5.27530e-06 |  8 -0.01289 -1.04590e-05 |  9  0.00379  7.95385e-07
 10  0.00079 -1.81250e-05 | 11  0.00597 -1.00720e-05 | 12 -0.00509 -2.59989e-05
 13 -0.01476 -5.49004e-06 | 14 -0.00978 -7.14063e-06 | 15 -0.01249 -3.59052e-07
 16 -0.01347  1.87855e-06 | 17 -0.00812 -3.57796e-06 | 18  0.00457  2.37942e-06
 19  0.00545 -3.05549e-06 | 20  0.01419 -1.35965e-05 | 21 -0.01046 -9.52084e-06
 22 -0.01721 -6.03889e-06 | 23 -0.00891 -4.95654e-06 | 24 -0.01821 -6.39263e-06
 25 -0.02176 -8.88345e-06 | 26  0.01674 -3.35643e-05 | 27  0.01964 -4.36247e-05
 28  0.01606 -3.81672e-05 | 29  0.03878 -3.59922e-05 | 30  0.01873 -1.56496e-05
 31  0.02527 -1.61615e-05 | 32  0.08268 -4.65327e-05 | 33  0.04121 -2.35238e-05
 34  0.01819 -1.56253e-05 | 35  0.02907 -1.36168e-05 | 36  0.01260 -2.98012e-06
 37  0.05196 -2.27890e-05 | 38  0.02999 -1.49820e-05 | 39  0.00231 -1.48909e-05
 40 -0.00874 -9.83377e-06 | 41 -0.01900 -8.89081e-06 | 42 -0.01732 -8.49378e-06
 43 -0.00884 -3.35070e-06 | 44  0.00133  4.68502e-06 | 45  0.00758  5.09850e-06
 46  0.01340 -6.20582e-06 | 47  0.00558 -1.24635e-05 | 48  0.01114 -1.80177e-05
 49  0.00008 -1.56137e-05 | 50 -0.03405 -1.06697e-05 | 51 -0.03808 -1.89784e-05
 52 -0.03194 -2.51793e-05 | 53 -0.01080 -1.71089e-05 | 54 -0.01487 -3.55299e-06
 55 -0.00027 -8.19980e-06 | 56 -0.02611 -8.78156e-06 | 57 -0.01605 -1.65331e-05
 58 -0.01892 -1.23111e-05 | 59 -0.00402  7.59429e-06 | 60 -0.01434  1.53308e-05
 61 -0.01615  6.58837e-06 | 62 -0.01079 -2.98479e-06 | 63 -0.01100 -6.15709e-06
 64 -0.01022 -1.35665e-06 | 65 -0.01958  1.03508e-05 | 66 -0.00819  3.33212e-06
 67 -0.00031  1.37112e-06 | 68  0.00000  0.00000e+00 | 69 -0.74276 -3.14900e-03
 70  0.21940  7.99567e-02 | 71  0.09729  1.65804e-01 | 72  0.18737 -2.39586e-05
 73  0.04125  4.94361e-06 | 74  0.06276  4.09811e-05 | 75  0.19210 -1.78969e-02
 76  0.05521 -1.90441e-02 | 77  0.16474 -2.25200e-03 | 78  0.06977 -8.08099e-05
 79 -0.17316 -4.03796e-04 | 80  0.15927  8.90335e-06 | 81  0.06234  1.26605e-05
 82  0.12795  8.12748e-05 | 83  0.00000 -8.88765e-31 | 84  0.03627  1.32725e-05
 85 -0.05684  7.62417e-05 | 86 -0.23145  1.24232e-08 | 87  0.10139 -9.58839e-05
 88  0.70261  2.75075e-06 | 89 -0.14044 -1.76674e-06 | 90  0.10086 -4.79445e-05
 91 -0.65226  2.02026e-05 |
91 variables; iteration 660; function evaluation 824; phase 4
Function value 2.5509675e+02; maximum gradient component mag 6.9564e-01
Var    Value     Gradient |Var    Value     Gradient |Var    Value     Gradient
  1  0.05998  6.95635e-01 |  2 -0.01113  2.24090e-01 |  3 -0.02350  2.31144e-03
  4 -0.02588  2.69275e-03 |  5 -0.02018  3.41291e-03 |  6 -0.01363  3.89417e-03
  7 -0.01680  3.88981e-03 |  8 -0.01289  4.17671e-03 |  9  0.00379  4.81083e-03
 10  0.00079  4.90876e-03 | 11  0.00598  5.73717e-03 | 12 -0.00509  5.76968e-03
 13 -0.01476  1.54475e-03 | 14 -0.00978  1.94318e-03 | 15 -0.01249  1.64549e-03
 16 -0.01347  1.11967e-03 | 17 -0.00812  1.06868e-03 | 18  0.00457  1.57580e-03
 19  0.00545  1.92723e-03 | 20  0.01419  3.48711e-03 | 21 -0.01046  2.31128e-03
 22 -0.01721  1.49801e-03 | 23 -0.00891  1.44821e-03 | 24 -0.01821  9.39817e-04
 25 -0.02176  1.03481e-03 | 26  0.01674  3.60814e-03 | 27  0.01964  3.48622e-03
 28  0.01606  1.81311e-03 | 29  0.03878  1.66602e-03 | 30  0.01873 -4.71928e-04
 31  0.02527 -5.96846e-04 | 32  0.08268  2.41714e-03 | 33  0.04121  5.35979e-04
 34  0.01819 -2.41297e-04 | 35  0.02907  1.95680e-04 | 36  0.01260 -7.34796e-04
 37  0.05196  1.54273e-03 | 38  0.02999  1.31682e-03 | 39  0.00232  6.74120e-04
 40 -0.00874  9.51019e-04 | 41 -0.01900  7.69098e-04 | 42 -0.01732  7.52053e-04
 43 -0.00884  4.31548e-04 | 44  0.00133 -1.61023e-04 | 45  0.00758 -5.74812e-04
 46  0.01340 -5.76846e-04 | 47  0.00558 -9.58944e-04 | 48  0.01114 -5.42462e-04
 49  0.00008 -5.74068e-04 | 50 -0.03405 -1.32873e-03 | 51 -0.03808 -1.28747e-03
 52 -0.03194 -1.15766e-03 | 53 -0.01080 -1.14666e-03 | 54 -0.01487 -1.78191e-03
 55 -0.00027 -1.79449e-03 | 56 -0.02611 -2.43919e-03 | 57 -0.01605 -2.36006e-03
 58 -0.01892 -2.47074e-03 | 59 -0.00402 -2.75865e-03 | 60 -0.01434 -3.05288e-03
 61 -0.01615 -2.95582e-03 | 62 -0.01079 -2.78182e-03 | 63 -0.01100 -2.91642e-03
 64 -0.01022 -3.34464e-03 | 65 -0.01958 -3.75143e-03 | 66 -0.00819 -6.38834e-05
 67 -0.00031 -2.22550e-05 | 68  0.00000  0.00000e+00 | 69 -0.74277  2.06513e-01
 70  0.21940 -6.16365e-02 | 71  0.09728 -1.35282e-01 | 72  0.18737 -4.93584e-03
 73  0.03233  3.02227e-04 | 74  0.06276  2.52527e-03 | 75  0.19206 -2.94303e-02
 76  0.05526  5.25604e-02 | 77  0.16473  1.50002e-01 | 78  0.07042  2.26172e-03
 79 -0.17316  2.89963e-02 | 80  0.15927 -1.51112e-03 | 81  0.06234 -2.76712e-04
 82  0.12795  2.81756e-03 | 83  0.00000 -8.89898e-31 | 84  0.03627 -3.97369e-05
 85 -0.05684 -2.28585e-04 | 86 -0.23139  2.24639e-06 | 87  0.10139 -5.76209e-05
 88  0.70261 -2.70174e-05 | 89 -0.14044  1.76287e-04 | 90  0.10086  5.45979e-04
 91 -0.65226 -1.63897e-04 |
91 variables; iteration 680; function evaluation 845; phase 4
Function value 2.5509675e+02; maximum gradient component mag -7.2218e-01
Var    Value     Gradient |Var    Value     Gradient |Var    Value     Gradient
  1  0.05998  1.67022e-01 |  2 -0.01113 -3.27958e-02 |  3 -0.02350  2.19416e-03
  4 -0.02588  2.70965e-03 |  5 -0.02018  3.36194e-03 |  6 -0.01363  3.88330e-03
  7 -0.01680  3.88274e-03 |  8 -0.01289  4.15863e-03 |  9  0.00379  5.05278e-03
 10  0.00079  4.92221e-03 | 11  0.00598  5.82514e-03 | 12 -0.00509  5.61797e-03
 13 -0.01476  1.70973e-03 | 14 -0.00978  2.05612e-03 | 15 -0.01249  1.75322e-03
 16 -0.01347  1.24807e-03 | 17 -0.00812  1.17121e-03 | 18  0.00457  1.79196e-03
 19  0.00545  2.16319e-03 | 20  0.01419  3.56704e-03 | 21 -0.01046  2.42637e-03
 22 -0.01721  1.77995e-03 | 23 -0.00891  1.86873e-03 | 24 -0.01821  1.27976e-03
 25 -0.02176  1.29029e-03 | 26  0.01674  3.73381e-03 | 27  0.01964  3.68434e-03
 28  0.01606  1.94445e-03 | 29  0.03878  1.64254e-03 | 30  0.01873 -3.47185e-04
 31  0.02527 -6.21776e-04 | 32  0.08268  2.11909e-03 | 33  0.04121  3.13013e-04
 34  0.01819 -3.89225e-04 | 35  0.02907 -9.85718e-06 | 36  0.01260 -7.84809e-04
 37  0.05196  1.29069e-03 | 38  0.02999  8.33606e-04 | 39  0.00232  2.47062e-04
 40 -0.00874  4.87819e-04 | 41 -0.01900  5.06160e-04 | 42 -0.01732  7.15303e-04
 43 -0.00884  5.52056e-04 | 44  0.00133  1.93709e-06 | 45  0.00758 -5.80647e-04
 46  0.01340 -8.43498e-04 | 47  0.00558 -1.23692e-03 | 48  0.01114 -8.61904e-04
 49  0.00008 -7.83155e-04 | 50 -0.03405 -1.43308e-03 | 51 -0.03808 -1.46835e-03
 52 -0.03194 -1.43164e-03 | 53 -0.01080 -1.34503e-03 | 54 -0.01487 -1.80680e-03
 55 -0.00027 -1.81587e-03 | 56 -0.02611 -2.43517e-03 | 57 -0.01605 -2.40461e-03
 58 -0.01892 -2.47085e-03 | 59 -0.00402 -2.48048e-03 | 60 -0.01434 -2.69405e-03
 61 -0.01615 -2.69445e-03 | 62 -0.01079 -2.71604e-03 | 63 -0.01100 -2.90930e-03
 64 -0.01022 -3.21566e-03 | 65 -0.01958 -3.50810e-03 | 66 -0.00819 -9.20854e-06
 67 -0.00031  3.17081e-06 | 68  0.00000  0.00000e+00 | 69 -0.74277 -3.24235e-02
 70  0.21940 -3.46299e-01 | 71  0.09726 -7.22178e-01 | 72  0.18737 -4.13926e-03
 73  0.00438  5.28322e-04 | 74  0.06276  3.62225e-03 | 75  0.19208 -1.61202e-02
 76  0.05523 -2.38226e-02 | 77  0.16474 -2.46680e-02 | 78  0.07009 -3.19895e-04
 79 -0.17316 -4.19097e-03 | 80  0.15927  1.01972e-03 | 81  0.06234  3.62643e-04
 82  0.12795 -8.95468e-04 | 83  0.00000 -8.87418e-31 | 84  0.03627  4.06079e-04
 85 -0.05684 -1.52584e-04 | 86 -0.23145 -1.80514e-07 | 87  0.10139  6.54871e-05
 88  0.70261 -3.73625e-05 | 89 -0.14044  7.55912e-05 | 90  0.10086  1.30318e-04
 91 -0.65226  3.18591e-07 |
  ic > imax  in fminim is answer attained ?
Var    Value     Gradient |Var    Value     Gradient |Var    Value     Gradient
  1  0.05998 -2.07389e-04 |  2 -0.01113 -1.60799e-05 |  3 -0.02350 -1.34186e-06
  4 -0.02588 -1.45746e-06 |  5 -0.02018 -1.95257e-06 |  6 -0.01363 -2.26511e-06
  7 -0.01680 -2.29023e-06 |  8 -0.01289 -2.62318e-06 |  9  0.00379 -2.79939e-06
 10  0.00079 -3.29024e-06 | 11  0.00598 -3.51848e-06 | 12 -0.00509 -3.80532e-06
 13 -0.01476 -9.05875e-07 | 14 -0.00978 -1.14097e-06 | 15 -0.01249 -8.64307e-07
 16 -0.01347 -4.77134e-07 | 17 -0.00812 -6.07613e-07 | 18  0.00457 -9.10583e-07
 19  0.00545 -1.20752e-06 | 20  0.01419 -2.24619e-06 | 21 -0.01046 -1.45727e-06
 22 -0.01721 -9.76753e-07 | 23 -0.00891 -1.05210e-06 | 24 -0.01821 -7.87290e-07
 25 -0.02176 -8.76009e-07 | 26  0.01674 -2.91382e-06 | 27  0.01964 -3.16466e-06
 28  0.01606 -2.01581e-06 | 29  0.03878 -1.79173e-06 | 30  0.01873 -1.06728e-07
 31  0.02527  9.31223e-08 | 32  0.08268 -2.30438e-06 | 33  0.04121 -7.27666e-07
 34  0.01819 -1.46968e-07 | 35  0.02907 -3.64225e-07 | 36  0.01260  3.96450e-07
 37  0.05196 -1.41552e-06 | 38  0.02999 -9.35159e-07 | 39  0.00232 -6.82656e-07
 40 -0.00874 -6.87689e-07 | 41 -0.01900 -6.58879e-07 | 42 -0.01732 -7.59341e-07
 43 -0.00884 -5.02882e-07 | 44  0.00133  5.36692e-08 | 45  0.00758  4.30929e-07
 46  0.01340  2.48478e-07 | 47  0.00558  3.84756e-07 | 48  0.01114 -2.09878e-08
 49  0.00008 -1.27774e-08 | 50 -0.03405  5.72700e-07 | 51 -0.03808  3.06036e-07
 52 -0.03194  1.48979e-07 | 53 -0.01080  3.37019e-07 | 54 -0.01487  1.04681e-06
 55 -0.00027  9.18114e-07 | 56 -0.02611  1.27248e-06 | 57 -0.01605  1.03744e-06
 58 -0.01892  1.23484e-06 | 59 -0.00402  1.78545e-06 | 60 -0.01434  2.11193e-06
 61 -0.01615  1.84861e-06 | 62 -0.01079  1.61708e-06 | 63 -0.01100  1.66220e-06
 64 -0.01022  1.98758e-06 | 65 -0.01958  2.48050e-06 | 66 -0.00819  6.99442e-08
 67 -0.00031  3.99060e-08 | 68  0.00000  0.00000e+00 | 69 -0.74277 -1.39315e-05
 70  0.21940  5.56675e-05 | 71  0.09726  1.17043e-04 | 72  0.18737  2.74824e-06
 73 -0.00008 -1.14635e-07 | 74  0.06276 -1.28761e-06 | 75  0.19208 -1.56313e-02
 76  0.05524 -1.21626e-02 | 77  0.16474 -9.51320e-06 | 78  0.07010 -1.78299e-07
 79 -0.17316 -1.93818e-06 | 80  0.15927  7.66303e-07 | 81  0.06234  6.70643e-07
 82  0.12795  1.40307e-06 | 83  0.00000 -8.88822e-31 | 84  0.03627  2.90384e-07
 85 -0.05684  1.75609e-06 | 86 -0.23145  8.41962e-10 | 87  0.10139 -1.99812e-06
 88  0.70261  7.50103e-08 | 89 -0.14044 -1.74130e-07 | 90  0.10086 -1.16648e-06
 91 -0.65226  4.66783e-07 |
Function minimizer not making progress ... is minimum attained?
Minimprove criterion = 0.0000e+00

 - final statistics:
91 variables; iteration 692; function evaluation 887
Function value 2.5510e+02; maximum gradient component mag -1.5631e-02
Exit code = 1;  converg criter 1.0000e-04
Var    Value     Gradient |Var    Value     Gradient |Var    Value     Gradient
  1  0.05998 -2.07389e-04 |  2 -0.01113 -1.60799e-05 |  3 -0.02350 -1.34186e-06
  4 -0.02588 -1.45746e-06 |  5 -0.02018 -1.95257e-06 |  6 -0.01363 -2.26511e-06
  7 -0.01680 -2.29023e-06 |  8 -0.01289 -2.62318e-06 |  9  0.00379 -2.79939e-06
 10  0.00079 -3.29024e-06 | 11  0.00598 -3.51848e-06 | 12 -0.00509 -3.80532e-06
 13 -0.01476 -9.05875e-07 | 14 -0.00978 -1.14097e-06 | 15 -0.01249 -8.64307e-07
 16 -0.01347 -4.77134e-07 | 17 -0.00812 -6.07613e-07 | 18  0.00457 -9.10583e-07
 19  0.00545 -1.20752e-06 | 20  0.01419 -2.24619e-06 | 21 -0.01046 -1.45727e-06
 22 -0.01721 -9.76753e-07 | 23 -0.00891 -1.05210e-06 | 24 -0.01821 -7.87290e-07
 25 -0.02176 -8.76009e-07 | 26  0.01674 -2.91382e-06 | 27  0.01964 -3.16466e-06
 28  0.01606 -2.01581e-06 | 29  0.03878 -1.79173e-06 | 30  0.01873 -1.06728e-07
 31  0.02527  9.31223e-08 | 32  0.08268 -2.30438e-06 | 33  0.04121 -7.27666e-07
 34  0.01819 -1.46968e-07 | 35  0.02907 -3.64225e-07 | 36  0.01260  3.96450e-07
 37  0.05196 -1.41552e-06 | 38  0.02999 -9.35159e-07 | 39  0.00232 -6.82656e-07
 40 -0.00874 -6.87689e-07 | 41 -0.01900 -6.58879e-07 | 42 -0.01732 -7.59341e-07
 43 -0.00884 -5.02882e-07 | 44  0.00133  5.36692e-08 | 45  0.00758  4.30929e-07
 46  0.01340  2.48478e-07 | 47  0.00558  3.84756e-07 | 48  0.01114 -2.09878e-08
 49  0.00008 -1.27774e-08 | 50 -0.03405  5.72700e-07 | 51 -0.03808  3.06036e-07
 52 -0.03194  1.48979e-07 | 53 -0.01080  3.37019e-07 | 54 -0.01487  1.04681e-06
 55 -0.00027  9.18114e-07 | 56 -0.02611  1.27248e-06 | 57 -0.01605  1.03744e-06
 58 -0.01892  1.23484e-06 | 59 -0.00402  1.78545e-06 | 60 -0.01434  2.11193e-06
 61 -0.01615  1.84861e-06 | 62 -0.01079  1.61708e-06 | 63 -0.01100  1.66220e-06
 64 -0.01022  1.98758e-06 | 65 -0.01958  2.48050e-06 | 66 -0.00819  6.99442e-08
 67 -0.00031  3.99060e-08 | 68  0.00000  0.00000e+00 | 69 -0.74277 -1.39315e-05
 70  0.21940  5.56675e-05 | 71  0.09726  1.17043e-04 | 72  0.18737  2.74824e-06
 73 -0.00008 -1.14635e-07 | 74  0.06276 -1.28761e-06 | 75  0.19208 -1.56313e-02
 76  0.05524 -1.21626e-02 | 77  0.16474 -9.51320e-06 | 78  0.07010 -1.78299e-07
 79 -0.17316 -1.93818e-06 | 80  0.15927  7.66303e-07 | 81  0.06234  6.70643e-07
 82  0.12795  1.40307e-06 | 83  0.00000 -8.88822e-31 | 84  0.03627  2.90384e-07
 85 -0.05684  1.75609e-06 | 86 -0.23145  8.41962e-10 | 87  0.10139 -1.99812e-06
 88  0.70261  7.50103e-08 | 89 -0.14044 -1.74130e-07 | 90  0.10086 -1.16648e-06
 91 -0.65226  4.66783e-07 |
size of file gradfil1.tmp = 0
size of file gradfil2.tmp = 0
size of file varssave.tmp = 0
size of file cmpdiff.tmp = 0
