
Initial statistics: 6 variables; iteration 0; function evaluation 0; phase 1
Function value 2.8609267e+06; maximum gradient component mag -1.7578e+08
Var    Value     Gradient |Var    Value     Gradient |Var    Value     Gradient
  1  0.05168 -1.75782e+08 |  2 -0.01278 -8.32969e+05 |  3  0.00000  8.29947e+00
  4  0.00000  2.17482e-01 |  5  0.00000  0.00000e+00 |  6 -0.76499  2.02598e+04

Intermediate statistics: 6 variables; iteration 20; function evaluation 47; phase 1
Function value 3.7507172e+02; maximum gradient component mag -2.0969e+03
Var    Value     Gradient |Var    Value     Gradient |Var    Value     Gradient
  1  0.06442 -2.09686e+03 |  2 -0.02746  5.33501e+00 |  3  0.00024  1.22139e+00
  4 -0.00098 -7.32671e-01 |  5  0.00000  0.00000e+00 |  6 -0.77520  2.03944e+01
6 variables; iteration 40; function evaluation 69; phase 1
Function value 3.6693034e+02; maximum gradient component mag -2.6979e+02
Var    Value     Gradient |Var    Value     Gradient |Var    Value     Gradient
  1  0.07557 -2.69788e+02 |  2 -0.02479 -1.59276e+02 |  3  0.00105  1.64066e+00
  4 -0.00136 -1.02482e+00 |  5  0.00000  0.00000e+00 |  6 -0.79748 -1.82188e+02

 - final statistics:
6 variables; iteration 44; function evaluation 73
Function value 3.6688e+02; maximum gradient component mag -3.4019e+00
Exit code = 1;  converg criter 1.0000e+01
Var    Value     Gradient |Var    Value     Gradient |Var    Value     Gradient
  1  0.07511 -3.40193e+00 |  2 -0.02101 -1.18592e+00 |  3 -0.00106  1.38006e-02
  4 -0.00002 -7.82757e-03 |  5  0.00000  0.00000e+00 |  6 -0.79960 -1.33801e+00

Initial statistics: 60 variables; iteration 0; function evaluation 0; phase 2
Function value 3.6688402e+02; maximum gradient component mag -3.5493e+02
Var    Value     Gradient |Var    Value     Gradient |Var    Value     Gradient
  1  0.07511 -3.40193e+00 |  2 -0.02101 -1.18592e+00 |  3  0.00000  7.71434e+01
  4  0.00000  7.91087e+01 |  5  0.00000  7.90449e+01 |  6  0.00000  7.45531e+01
  7  0.00000  6.75921e+01 |  8  0.00000  6.62571e+01 |  9  0.00000  7.34183e+01
 10  0.00000  9.38240e+01 | 11  0.00000  1.17278e+02 | 12  0.00000  1.15803e+02
 13  0.00000  9.39334e+01 | 14  0.00000  6.24375e+01 | 15  0.00000 -2.13896e+00
 16  0.00000 -7.54236e+01 | 17  0.00000 -1.24251e+02 | 18  0.00000 -1.78725e+02
 19  0.00000 -2.20722e+02 | 20  0.00000 -2.65279e+02 | 21  0.00000 -3.25535e+02
 22  0.00000 -3.54926e+02 | 23  0.00000 -3.12558e+02 | 24  0.00000 -2.96587e+02
 25  0.00000 -2.90089e+02 | 26  0.00000 -2.78891e+02 | 27  0.00000 -2.50231e+02
 28  0.00000 -1.64003e+02 | 29  0.00000 -5.57223e+01 | 30  0.00000  1.75894e+01
 31  0.00000  5.50323e+01 | 32  0.00000  3.75341e+01 | 33  0.00000  2.44967e+00
 34  0.00000 -2.19987e+00 | 35  0.00000  4.82417e+00 | 36  0.00000  2.59647e+01
 37  0.00000  4.11069e+01 | 38  0.00000  5.64731e+01 | 39  0.00000  1.18322e+02
 40  0.00000  1.69964e+02 | 41  0.00000  1.69017e+02 | 42  0.00000  1.46040e+02
 43  0.00000  1.23674e+02 | 44  0.00000  1.23856e+02 | 45  0.00000  1.54529e+02
 46  0.00000  1.84699e+02 | 47  0.00000  1.66860e+02 | 48  0.00000  1.28265e+02
 49  0.00000  9.98193e+01 | 50  0.00000  1.09717e+02 | 51  0.00000  1.00027e+02
 52  0.00000  8.36157e+01 | 53  0.00000  4.61274e+01 | 54  0.00000  2.09476e+01
 55  0.00000  1.04336e+01 | 56 -0.00106  1.38006e-02 | 57 -0.00002 -7.82757e-03
 58  0.00000  0.00000e+00 | 59 -0.79960 -1.33801e+00 | 60  0.09974  1.57552e+02

Intermediate statistics: 60 variables; iteration 20; function evaluation 34; phase 2
Function value 2.8258619e+02; maximum gradient component mag -1.6605e+03
Var    Value     Gradient |Var    Value     Gradient |Var    Value     Gradient
  1  0.04893 -1.65718e+03 |  2  0.01476 -1.39963e+03 |  3 -0.03515 -2.34423e+01
  4 -0.01765 -6.09833e+00 |  5 -0.00770  1.42765e+01 |  6  0.00536  3.84958e+01
  7  0.02038  6.21113e+01 |  8  0.02641  7.58119e+01 |  9  0.03055  8.12478e+01
 10  0.02446  6.82720e+01 | 11  0.00157  3.03634e+01 | 12 -0.01132 -8.71519e+00
 13 -0.01431 -3.80421e+01 | 14 -0.03865 -5.68011e+01 | 15 -0.00919 -4.34730e+01
 16  0.04637 -4.10070e+01 | 17 -0.01393 -6.90716e+01 | 18  0.03611 -7.34952e+01
 19  0.04488 -8.68048e+01 | 20 -0.06376 -9.62469e+01 | 21  0.03352 -5.26648e+01
 22  0.11854 -2.73511e+01 | 23 -0.02932 -6.48909e+01 | 24 -0.01932 -7.91969e+01
 25  0.05268 -6.25926e+01 | 26 -0.00170 -5.45016e+01 | 27  0.08245 -2.62333e+01
 28  0.00640 -3.51571e+01 | 29 -0.02370 -4.39880e+01 | 30 -0.00605 -2.86057e+01
 31 -0.01135 -2.70305e+01 | 32 -0.01071 -4.03270e+01 | 33  0.00253 -5.16307e+01
 34  0.00378 -3.86507e+01 | 35  0.00981 -1.18165e+01 | 36  0.00535  1.56568e+01
 37  0.01165  4.00950e+01 | 38  0.01474  3.77231e+01 | 39 -0.02921 -3.52718e+00
 40 -0.05499 -2.01025e+01 | 41 -0.04030  7.02651e+00 | 42 -0.01380  6.21202e+01
 43  0.00850  1.10853e+02 | 44  0.00825  1.08118e+02 | 45 -0.00929  7.47978e+01
 46 -0.01474  6.63396e+01 | 47 -0.00461  7.87450e+01 | 48  0.00481  9.07597e+01
 49  0.01345  9.25169e+01 | 50 -0.01171  5.29572e+01 | 51 -0.00994  3.36674e+01
 52 -0.02060  1.24824e+00 | 53 -0.01823 -2.37065e+01 | 54 -0.03610 -4.44399e+01
 55 -0.03619 -4.12333e+01 | 56 -0.00528 -1.77233e+00 | 57 -0.00002 -2.41275e-03
 58  0.00000  0.00000e+00 | 59 -0.78813 -1.66052e+03 | 60  0.07837 -1.52574e+02
60 variables; iteration 40; function evaluation 63; phase 2
Function value 2.6113070e+02; maximum gradient component mag -1.3604e+03
Var    Value     Gradient |Var    Value     Gradient |Var    Value     Gradient
  1  0.04838 -1.36041e+03 |  2  0.01297 -4.01160e+02 |  3 -0.01314  3.14736e+01
  4 -0.00880  3.31283e+01 |  5 -0.01017  3.26303e+01 |  6 -0.00711  3.35554e+01
  7  0.00338  3.82937e+01 |  8  0.01110  4.31688e+01 |  9  0.01510  4.33727e+01
 10  0.00449  3.55729e+01 | 11 -0.01395  2.43824e+01 | 12 -0.01263  2.18371e+01
 13 -0.01448  1.65661e+01 | 14 -0.01369  2.34970e+01 | 15 -0.00103  1.33989e+01
 16  0.02978 -7.91721e+00 | 17  0.01249 -2.54860e+01 | 18  0.02097 -2.89133e+01
 19  0.03815 -1.64450e+01 | 20  0.01451 -1.35588e+01 | 21  0.01977 -1.89933e+01
 22  0.10070 -2.89540e+01 | 23 -0.00870 -2.45152e+01 | 24  0.01845 -3.33522e+01
 25  0.03352 -3.76723e+01 | 26  0.00437 -3.46384e+01 | 27  0.07279 -4.39420e+01
 28 -0.00705 -3.36277e+01 | 29 -0.00408 -2.11522e+01 | 30 -0.01369 -2.52477e+01
 31 -0.01402 -1.64198e+01 | 32 -0.00719 -8.54646e+00 | 33  0.00908  2.67155e+00
 34  0.00998  4.40789e+00 | 35  0.00557 -9.69858e+00 | 36  0.00003 -1.20370e+01
 37  0.00734 -7.71420e+00 | 38  0.00572 -1.46621e+01 | 39 -0.01547  2.75981e-01
 40 -0.04101 -2.01412e+00 | 41 -0.03086  5.22780e-01 | 42 -0.01582 -1.49349e+00
 43 -0.00765 -8.37340e+00 | 44 -0.00749 -8.33883e+00 | 45 -0.02044 -3.10541e-01
 46 -0.03181  2.20232e+00 | 47 -0.02336  1.51909e+00 | 48 -0.01158 -2.52393e+00
 49 -0.00224 -8.53874e+00 | 50 -0.02579 -6.33935e+00 | 51 -0.01155  2.06656e+00
 52 -0.01320  1.08196e+01 | 53 -0.00898  1.31876e+01 | 54 -0.01079  2.02465e+01
 55 -0.00967  1.97583e+01 | 56 -0.00278  3.90827e-01 | 57 -0.00002 -4.51761e-04
 58  0.00000  0.00000e+00 | 59 -0.78382 -5.05797e+02 | 60  0.09960  2.91766e+01
60 variables; iteration 60; function evaluation 96; phase 2
Function value 2.5916102e+02; maximum gradient component mag -1.0610e+03
Var    Value     Gradient |Var    Value     Gradient |Var    Value     Gradient
  1  0.04808 -1.06100e+03 |  2  0.00005 -9.88448e+01 |  3 -0.01476  1.10131e+01
  4 -0.01123  1.00451e+01 |  5 -0.01426  8.72463e+00 |  6 -0.00791  1.08703e+01
  7  0.00247  8.69103e+00 |  8  0.00371  1.46922e+00 |  9  0.01245  2.40800e-01
 10 -0.00225 -1.41184e+00 | 11 -0.01237  5.37370e+00 | 12 -0.01515  4.76037e+00
 13 -0.00849  6.84991e+00 | 14 -0.02057  1.62097e-01 | 15 -0.00785 -1.04184e+01
 16  0.03081 -1.80145e+01 | 17  0.02180 -1.37030e+01 | 18  0.02666 -1.42599e+01
 19  0.03292 -1.28529e+01 | 20  0.02240 -1.24333e+01 | 21  0.01252 -2.40813e+01
 22  0.09955 -3.43213e+01 | 23 -0.01078 -1.79127e+01 | 24  0.02670 -1.21003e+01
 25  0.03289 -1.43198e+01 | 26  0.01755 -1.70222e+01 | 27  0.06059 -2.27172e+01
 28  0.01241 -1.29837e+01 | 29 -0.01152 -9.89462e+00 | 30 -0.00794 -8.24348e+00
 31 -0.01552 -7.71334e+00 | 32 -0.00785 -6.78874e+00 | 33  0.00630 -4.52620e+00
 34  0.00300 -8.95790e-01 | 35  0.01139  1.25403e+00 | 36  0.00288  2.43565e-01
 37  0.00232  1.78166e+00 | 38  0.01455  5.96945e+00 | 39 -0.02035  9.20954e+00
 40 -0.03450  1.64585e+01 | 41 -0.02954  1.50158e+01 | 42 -0.01649  1.10342e+01
 43 -0.00769  5.88857e+00 | 44 -0.00571  6.78551e+00 | 45 -0.02047  8.52014e+00
 46 -0.03262  6.97644e+00 | 47 -0.02174  9.05500e+00 | 48 -0.01099  8.25547e+00
 49 -0.00136  8.00614e+00 | 50 -0.01814  1.43497e+01 | 51 -0.01168  1.22637e+01
 52 -0.01495  1.33976e+01 | 53 -0.00727  1.59985e+01 | 54 -0.01622  1.71775e+01
 55 -0.01731  1.67582e+01 | 56 -0.00257  7.42196e-01 | 57 -0.00003 -4.88422e-03
 58  0.00000  0.00000e+00 | 59 -0.77069 -1.24706e+02 | 60  0.09894  1.45336e+00
Maximum number of function evaluations exceeded

 - final statistics:
60 variables; iteration 64; function evaluation 100
Function value 2.5903e+02; maximum gradient component mag -1.0710e+03
Exit code = 3;  converg criter 1.0000e+01
Var    Value     Gradient |Var    Value     Gradient |Var    Value     Gradient
  1  0.04806 -1.07099e+03 |  2 -0.00290 -8.53283e+01 |  3 -0.01471  9.24248e+00
  4 -0.01135  7.92919e+00 |  5 -0.01398  6.65326e+00 |  6 -0.00860  7.50107e+00
  7  0.00056  4.13249e+00 |  8  0.00653 -4.52218e-01 |  9  0.00877 -5.27068e+00
 10  0.00042 -2.77120e+00 | 11 -0.01407  1.84383e+00 | 12 -0.01485  2.52574e+00
 13 -0.00845  4.13012e+00 | 14 -0.02268 -3.23428e+00 | 15 -0.00638 -1.06253e+01
 16  0.03048 -1.81829e+01 | 17  0.02200 -1.26478e+01 | 18  0.02821 -1.32191e+01
 19  0.03135 -1.36487e+01 | 20  0.02220 -1.24653e+01 | 21  0.01418 -2.25635e+01
 22  0.09959 -3.12556e+01 | 23 -0.01021 -1.65475e+01 | 24  0.02622 -1.09047e+01
 25  0.03265 -1.24280e+01 | 26  0.01858 -1.43784e+01 | 27  0.06077 -1.89727e+01
 28  0.01270 -1.09088e+01 | 29 -0.01235 -9.13546e+00 | 30 -0.00806 -7.02606e+00
 31 -0.01487 -5.99194e+00 | 32 -0.00747 -6.11833e+00 | 33  0.00533 -6.17251e+00
 34  0.00242 -2.02444e+00 | 35  0.01193  2.08775e+00 | 36  0.00337  1.76792e+00
 37  0.00208  2.85598e+00 | 38  0.01502  7.01997e+00 | 39 -0.02069  8.73081e+00
 40 -0.03518  1.51676e+01 | 41 -0.02992  1.41965e+01 | 42 -0.01700  1.09826e+01
 43 -0.00670  8.13988e+00 | 44 -0.00650  7.90689e+00 | 45 -0.01952  1.09440e+01
 46 -0.03102  9.68144e+00 | 47 -0.02194  9.92911e+00 | 48 -0.01086  1.00757e+01
 49 -0.00050  1.12803e+01 | 50 -0.01756  1.67682e+01 | 51 -0.01199  1.29315e+01
 52 -0.01509  1.33415e+01 | 53 -0.00786  1.53727e+01 | 54 -0.01591  1.78520e+01
 55 -0.01862  1.61945e+01 | 56 -0.00211  1.12997e+00 | 57 -0.00003 -4.50250e-03
 58  0.00000  0.00000e+00 | 59 -0.76778 -1.02257e+02 | 60  0.09889 -1.22861e+00

Initial statistics: 81 variables; iteration 0; function evaluation 0; phase 3
Function value 2.5902997e+02; maximum gradient component mag -1.0710e+03
Var    Value     Gradient |Var    Value     Gradient |Var    Value     Gradient
  1  0.04806 -1.07099e+03 |  2 -0.00290 -8.53283e+01 |  3 -0.01471  9.24701e+00
  4 -0.01135  7.93372e+00 |  5 -0.01398  6.65779e+00 |  6 -0.00860  7.50560e+00
  7  0.00056  4.13702e+00 |  8  0.00653 -4.47687e-01 |  9  0.00877 -5.26615e+00
 10  0.00042 -2.76667e+00 | 11 -0.01407  1.84836e+00 | 12 -0.01485  2.53027e+00
 13 -0.00845  4.13465e+00 | 14 -0.02268 -3.22975e+00 | 15 -0.00638 -1.06208e+01
 16  0.03048 -1.81783e+01 | 17  0.02200 -1.26433e+01 | 18  0.02821 -1.32146e+01
 19  0.03135 -1.36442e+01 | 20  0.02220 -1.24607e+01 | 21  0.01418 -2.25590e+01
 22  0.09959 -3.12511e+01 | 23 -0.01021 -1.65429e+01 | 24  0.02622 -1.09002e+01
 25  0.03265 -1.24235e+01 | 26  0.01858 -1.43738e+01 | 27  0.06077 -1.89682e+01
 28  0.01270 -1.09043e+01 | 29 -0.01235 -9.13093e+00 | 30 -0.00806 -7.02153e+00
 31 -0.01487 -5.98741e+00 | 32 -0.00747 -6.11380e+00 | 33  0.00533 -6.16798e+00
 34  0.00242 -2.01991e+00 | 35  0.01193  2.09228e+00 | 36  0.00337  1.77245e+00
 37  0.00208  2.86051e+00 | 38  0.01502  7.02450e+00 | 39 -0.02069  8.73534e+00
 40 -0.03518  1.51721e+01 | 41 -0.02992  1.42011e+01 | 42 -0.01700  1.09871e+01
 43 -0.00670  8.14441e+00 | 44 -0.00650  7.91142e+00 | 45 -0.01952  1.09485e+01
 46 -0.03102  9.68596e+00 | 47 -0.02194  9.93364e+00 | 48 -0.01086  1.00803e+01
 49 -0.00050  1.12848e+01 | 50 -0.01756  1.67727e+01 | 51 -0.01199  1.29360e+01
 52 -0.01509  1.33461e+01 | 53 -0.00786  1.53772e+01 | 54 -0.01591  1.78565e+01
 55 -0.01862  1.61991e+01 | 56 -0.00211  1.12997e+00 | 57 -0.00003 -4.50250e-03
 58  0.00000  0.00000e+00 | 59 -0.76778 -1.02257e+02 | 60  0.20375 -6.67602e+01
 61  0.10430 -8.35461e+01 | 62  0.18961  9.95545e+01 | 63  0.00000 -9.87047e-13
 64  0.06326 -7.56972e+00 | 65  0.17418 -2.69433e+02 | 66  0.07530 -3.51209e+02
 67  0.16633 -1.59095e+01 | 68  0.00000 -3.50038e-03 | 69 -0.17934 -1.28241e+01
 70  0.14683 -6.74905e+01 | 71  0.07387 -1.13213e+01 | 72  0.12880  1.09132e+02
 73  0.00000 -3.96369e-29 | 74  0.03253 -2.21874e+01 | 75 -0.06289 -3.34048e+01
 76 -0.23700 -1.11222e-03 | 77  0.10401  2.83619e+01 | 78  0.70672 -5.42131e+00
 79 -0.14795 -1.38294e+01 | 80  0.09889 -1.22861e+00 | 81 -0.65136  1.07965e+00

Intermediate statistics: 81 variables; iteration 20; function evaluation 26; phase 3
Function value 2.5817945e+02; maximum gradient component mag 1.4055e+02
Var    Value     Gradient |Var    Value     Gradient |Var    Value     Gradient
  1  0.04832  1.40554e+02 |  2 -0.00783  1.49845e+01 |  3 -0.01705  7.75589e+00
  4 -0.01303  6.69128e+00 |  5 -0.01485  5.46103e+00 |  6 -0.01002  7.17135e+00
  7  0.00031  8.90332e+00 |  8  0.00738  9.82148e+00 |  9  0.01059  8.91402e+00
 10  0.00018  8.01913e+00 | 11 -0.01527  6.04772e+00 | 12 -0.01554  4.71980e+00
 13 -0.01074  6.59938e+00 | 14 -0.02265  1.62483e+00 | 15 -0.00553 -3.63889e-02
 16  0.03019  1.31456e+00 | 17  0.01982  5.36289e-01 | 18  0.03051 -2.92875e-01
 19  0.02992 -3.36274e-01 | 20  0.01880 -3.21834e+00 | 21  0.03507 -7.70856e+00
 22  0.08867 -4.38952e+00 | 23  0.00572 -8.49525e+00 | 24  0.02425 -5.68941e+00
 25  0.02955 -6.39890e+00 | 26  0.02675 -7.98385e+00 | 27  0.05383 -6.46875e+00
 28  0.01434 -5.92824e+00 | 29 -0.01158 -6.47425e+00 | 30 -0.00956 -2.81833e+00
 31 -0.01505 -1.89484e+00 | 32 -0.00744 -1.85050e+00 | 33  0.00539 -2.06385e+00
 34  0.00294 -1.05420e+00 | 35  0.01087  8.12816e-01 | 36  0.00380 -6.51116e-01
 37  0.00260 -9.27154e-01 | 38  0.01311  1.19460e+00 | 39 -0.02122 -1.08239e+00
 40 -0.03759  7.04050e-01 | 41 -0.03165 -5.04920e-01 | 42 -0.01777 -1.79855e+00
 43 -0.00671 -1.78656e+00 | 44 -0.00635 -7.44142e-01 | 45 -0.02018  1.25611e-01
 46 -0.03042 -1.82842e+00 | 47 -0.02133 -1.85509e+00 | 48 -0.01041 -1.71102e+00
 49 -0.00021 -1.25028e+00 | 50 -0.01965  2.34849e-01 | 51 -0.01227 -2.22594e+00
 52 -0.01547 -1.94168e+00 | 53 -0.00809 -8.53356e-01 | 54 -0.01711 -1.23568e-02
 55 -0.01967 -9.62129e-01 | 56 -0.00286  2.68640e-01 | 57 -0.00002 -4.37091e-03
 58  0.00000  0.00000e+00 | 59 -0.76233  2.77322e+00 | 60  0.20724 -3.03653e+00
 61  0.10280 -4.26202e+01 | 62  0.18919 -4.97954e+01 | 63 -0.00007 -3.01969e-05
 64  0.06277  1.10282e+00 | 65  0.17439  5.81031e+01 | 66  0.07496  6.38012e+01
 67  0.16456 -1.98892e+01 | 68  0.00066 -1.39139e-01 | 69 -0.17669  4.38097e-01
 70  0.14977  4.31555e+01 | 71  0.07252  2.77776e+01 | 72  0.12735 -4.19239e+01
 73  0.00000  8.94511e-29 | 74  0.03495  6.24629e+00 | 75 -0.06049  8.80734e+00
 76 -0.23700  2.26838e-04 | 77  0.10432 -9.43738e+00 | 78  0.70473  1.08616e+00
 79 -0.14520 -5.98099e-01 | 80  0.10026  1.94010e+01 | 81 -0.65225 -6.55319e+00
81 variables; iteration 40; function evaluation 47; phase 3
Function value 2.5808206e+02; maximum gradient component mag -4.7122e+02
Var    Value     Gradient |Var    Value     Gradient |Var    Value     Gradient
  1  0.04835  3.89912e+02 |  2 -0.01017  6.29451e+01 |  3 -0.01859  2.26131e+00
  4 -0.01340  2.58289e+00 |  5 -0.01436  2.38173e+00 |  6 -0.00992  3.46257e+00
  7 -0.00007  4.08517e+00 |  8  0.00670  4.61969e+00 |  9  0.01043  5.03472e+00
 10  0.00015  5.42741e+00 | 11 -0.01521  3.91587e+00 | 12 -0.01584  2.29491e+00
 13 -0.01145  4.97709e+00 | 14 -0.02274  2.41013e+00 | 15 -0.00392  4.74336e+00
 16  0.03043  7.16445e+00 | 17  0.01930  3.49408e+00 | 18  0.03087  2.48145e+00
 19  0.02899  1.70121e+00 | 20  0.01927 -7.29238e-01 | 21  0.03843 -4.04694e+00
 22  0.08504 -1.32374e-01 | 23  0.01097 -3.43350e+00 | 24  0.02367 -1.56414e+00
 25  0.03020 -8.16697e-01 | 26  0.02702 -3.20011e+00 | 27  0.05416  1.21600e+00
 28  0.01346 -2.72020e+00 | 29 -0.01014 -2.67938e+00 | 30 -0.01011  2.01553e-02
 31 -0.01536  1.24570e+00 | 32 -0.00702  2.50743e+00 | 33  0.00557  1.10502e+00
 34  0.00256 -1.27245e+00 | 35  0.00985 -5.15642e-01 | 36  0.00405 -6.04618e-01
 37  0.00338 -3.84327e-02 | 38  0.01297  1.30374e+00 | 39 -0.02164 -2.93366e+00
 40 -0.03778 -1.46852e+00 | 41 -0.03168 -2.25403e+00 | 42 -0.01783 -3.08180e+00
 43 -0.00668 -2.99117e+00 | 44 -0.00646 -2.56718e+00 | 45 -0.02057 -2.36206e+00
 46 -0.03049 -4.00943e+00 | 47 -0.02106 -3.61545e+00 | 48 -0.01041 -3.95854e+00
 49 -0.00045 -4.11481e+00 | 50 -0.02043 -2.83542e+00 | 51 -0.01159 -3.09644e+00
 52 -0.01474 -2.74332e+00 | 53 -0.00808 -3.13222e+00 | 54 -0.01847 -4.23174e+00
 55 -0.02078 -4.78601e+00 | 56 -0.00323  6.04639e-02 | 57 -0.00003 -2.99778e-03
 58  0.00000  0.00000e+00 | 59 -0.75970  5.53820e+01 | 60  0.21104  2.73875e+01
 61  0.10132  2.80730e+01 | 62  0.19041 -4.00596e+01 | 63 -0.00614 -3.02927e-05
 64  0.06241  3.91129e+00 | 65  0.17457 -4.25643e+02 | 66  0.07481 -4.71223e+02
 67  0.16490  2.12563e+01 | 68  0.01117  9.66661e-01 | 69 -0.18195  3.73683e+00
 70  0.15070  3.00249e+01 | 71  0.07159  1.87343e+01 | 72  0.12801 -2.85205e+01
 73  0.00000  5.81345e-29 | 74  0.03439  2.61235e+00 | 75 -0.05980  8.42511e+00
 76 -0.23697  2.05268e-04 | 77  0.10482 -7.31688e+00 | 78  0.70163  8.39312e-01
 79 -0.14471 -2.32433e-01 | 80  0.10031  1.44381e+01 | 81 -0.65104 -3.81091e+00
81 variables; iteration 60; function evaluation 78; phase 3
Function value 2.5800146e+02; maximum gradient component mag 1.6337e+02
Var    Value     Gradient |Var    Value     Gradient |Var    Value     Gradient
  1  0.04840  1.63369e+02 |  2 -0.01318  4.41167e+00 |  3 -0.01880 -9.57435e-01
  4 -0.01371 -1.23224e+00 |  5 -0.01464 -1.56640e+00 |  6 -0.01086 -1.41858e+00
  7 -0.00054 -1.12831e+00 |  8  0.00631 -8.28516e-01 |  9  0.01056 -2.76092e-01
 10 -0.00039  1.51655e-01 | 11 -0.01560 -1.20687e-01 | 12 -0.01519 -5.23118e-01
 13 -0.01254  4.53355e-01 | 14 -0.02256 -6.75554e-02 | 15 -0.00453  1.01550e+00
 16  0.02978  2.70907e+00 | 17  0.01992  2.18311e+00 | 18  0.03109  1.27668e+00
 19  0.02840  7.13282e-01 | 20  0.01864 -1.01121e-01 | 21  0.04143 -2.85090e-01
 22  0.08440  3.08947e+00 | 23  0.01229 -5.35038e-01 | 24  0.02350  2.64254e-01
 25  0.02914  6.08185e-01 | 26  0.02965  4.61281e-01 | 27  0.05216  3.07362e+00
 28  0.01478  9.86319e-01 | 29 -0.00907  9.50052e-01 | 30 -0.01034  1.48823e+00
 31 -0.01572  1.24935e+00 | 32 -0.00781  1.35590e+00 | 33  0.00526  9.53218e-01
 34  0.00308  5.28674e-01 | 35  0.00958  7.16621e-01 | 36  0.00412  1.80417e-01
 37  0.00321 -5.20937e-02 | 38  0.01203  7.25569e-01 | 39 -0.02002 -4.71087e-02
 40 -0.03846 -4.83916e-01 | 41 -0.03213 -6.92640e-01 | 42 -0.01748 -2.53298e-01
 43 -0.00641 -4.01062e-01 | 44 -0.00656 -9.64852e-01 | 45 -0.02077 -9.50169e-01
 46 -0.02952 -1.11613e+00 | 47 -0.02073 -9.45546e-01 | 48 -0.01025 -1.23014e+00
 49 -0.00014 -1.69550e+00 | 50 -0.02100 -1.80653e+00 | 51 -0.01126 -1.43776e+00
 52 -0.01491 -1.57150e+00 | 53 -0.00839 -1.98905e+00 | 54 -0.01851 -2.61307e+00
 55 -0.02030 -2.74561e+00 | 56 -0.00336 -1.93544e-02 | 57 -0.00002  1.74753e-03
 58  0.00000  0.00000e+00 | 59 -0.75751  4.32457e+00 | 60  0.20833  3.44978e+00
 61  0.10246 -6.60603e-01 | 62  0.18988 -9.06164e+00 | 63 -0.00341 -1.68486e-05
 64  0.06249  1.27049e+00 | 65  0.17459  1.79722e+01 | 66  0.07480  2.43055e+01
 67  0.16512 -1.65000e-01 | 68  0.01536 -5.35169e-02 | 69 -0.17735  1.77733e-01
 70  0.15085  5.56204e+00 | 71  0.07122  4.83727e+00 | 72  0.12846 -3.82709e+00
 73  0.00000  1.34207e-29 | 74  0.03436 -1.37422e-01 | 75 -0.06023  6.28136e-01
 76 -0.23683 -4.19867e-05 | 77  0.10474 -3.49961e-01 | 78  0.69963  9.99281e-02
 79 -0.14315  4.75289e-01 | 80  0.09900  1.47561e+00 | 81 -0.65200 -4.96711e-01
Maximum number of function evaluations exceeded

 - final statistics:
81 variables; iteration 75; function evaluation 100
Function value 2.5800e+02; maximum gradient component mag 1.2068e+02
Exit code = 3;  converg criter 1.0000e+00
Var    Value     Gradient |Var    Value     Gradient |Var    Value     Gradient
  1  0.04837 -5.30639e+00 |  2 -0.01304 -9.23535e+00 |  3 -0.01898 -9.56468e-02
  4 -0.01391 -4.64772e-01 |  5 -0.01441 -2.75269e-01 |  6 -0.01080 -2.14851e-01
  7 -0.00076 -4.15254e-01 |  8  0.00610 -5.72886e-01 |  9  0.01062 -3.78981e-01
 10 -0.00061 -3.09092e-01 | 11 -0.01582 -2.48120e-01 | 12 -0.01453  1.49941e-01
 13 -0.01335 -4.66378e-01 | 14 -0.02242 -9.43848e-02 | 15 -0.00467 -5.76800e-02
 16  0.03009  2.17984e-01 | 17  0.01935 -7.50100e-02 | 18  0.03138  5.98223e-02
 19  0.02827  1.00413e-01 | 20  0.01837  1.98798e-02 | 21  0.04263  2.34936e-02
 22  0.08372  6.93275e-01 | 23  0.01306  1.05776e-01 | 24  0.02339  6.12913e-02
 25  0.02902  1.57196e-01 | 26  0.03013  5.95249e-02 | 27  0.05145  4.45977e-01
 28  0.01548  3.13685e-01 | 29 -0.00935  2.03049e-02 | 30 -0.01030  3.31842e-01
 31 -0.01602 -1.54971e-01 | 32 -0.00756  4.56693e-01 | 33  0.00516 -5.46962e-02
 34  0.00325  1.75052e-01 | 35  0.00938  5.08679e-02 | 36  0.00419  3.17901e-02
 37  0.00348  7.60813e-02 | 38  0.01188  6.11658e-02 | 39 -0.01990  1.95642e-01
 40 -0.03869 -1.78875e-01 | 41 -0.03181  1.53027e-01 | 42 -0.01743  1.37867e-01
 43 -0.00664 -8.81425e-02 | 44 -0.00615  2.34091e-01 | 45 -0.02091 -1.49463e-01
 46 -0.02960 -2.39168e-01 | 47 -0.02059  1.31071e-01 | 48 -0.01047 -2.72798e-01
 49  0.00008 -1.92682e-02 | 50 -0.02078  1.42643e-01 | 51 -0.01134 -1.41584e-01
 52 -0.01511 -2.75271e-01 | 53 -0.00796  1.61615e-01 | 54 -0.01881 -5.71938e-01
 55 -0.02051 -4.01860e-01 | 56 -0.00385 -3.89977e-01 | 57 -0.00002 -2.72069e-03
 58  0.00000  0.00000e+00 | 59 -0.75751 -8.93113e+00 | 60  0.20835 -7.65322e-02
 61  0.10249 -1.53321e-01 | 62  0.18986  3.05988e-01 | 63 -0.00245 -1.21065e-05
 64  0.06248  1.28766e-01 | 65  0.17538  1.07781e+02 | 66  0.07413  1.20682e+02
 67  0.16540 -5.54072e+00 | 68  0.02243 -3.18542e-01 | 69 -0.17663 -1.09843e+00
 70  0.15187  2.37494e+00 | 71  0.07011  2.39400e+00 | 72  0.12890  1.68576e-01
 73  0.00000  6.34577e-30 | 74  0.03448  5.42146e-02 | 75 -0.06014 -2.69726e-01
 76 -0.23659 -5.82684e-05 | 77  0.10477  5.26731e-01 | 78  0.69942  2.02452e-02
 79 -0.14283  1.33292e-01 | 80  0.09894 -6.18128e-01 | 81 -0.65207 -2.04795e-02

Initial statistics: 91 variables; iteration 0; function evaluation 0; phase 4
Function value 2.5799527e+02; maximum gradient component mag 1.2068e+02
Var    Value     Gradient |Var    Value     Gradient |Var    Value     Gradient
  1  0.04837 -5.30639e+00 |  2 -0.01304 -9.23535e+00 |  3  0.00000  2.64616e+01
  4  0.00000  2.41393e+01 |  5  0.00000  1.74438e+01 |  6  0.00000  1.62050e+01
  7  0.00000  1.56993e+01 |  8  0.00000  5.72927e+00 |  9  0.00000  2.76279e+00
 10  0.00000  1.97087e+00 | 11  0.00000  4.92084e+00 | 12  0.00000  1.48867e+01
 13 -0.01898 -6.84651e-02 | 14 -0.01391 -4.37585e-01 | 15 -0.01441 -2.48082e-01
 16 -0.01080 -1.87661e-01 | 17 -0.00076 -3.88060e-01 | 18  0.00610 -5.45694e-01
 19  0.01062 -3.51791e-01 | 20 -0.00061 -2.81898e-01 | 21 -0.01582 -2.20935e-01
 22 -0.01453  1.77128e-01 | 23 -0.01334 -4.39190e-01 | 24 -0.02242 -6.72079e-02
 25 -0.00467 -3.04870e-02 | 26  0.03009  2.45148e-01 | 27  0.01935 -4.78287e-02
 28  0.03138  8.69830e-02 | 29  0.02827  1.27580e-01 | 30  0.01837  4.70623e-02
 31  0.04263  5.06265e-02 | 32  0.08372  7.20234e-01 | 33  0.01306  1.32964e-01
 34  0.02339  8.84668e-02 | 35  0.02902  1.84362e-01 | 36  0.03013  8.66883e-02
 37  0.05145  4.73082e-01 | 38  0.01548  3.40871e-01 | 39 -0.00935  4.74958e-02
 40 -0.01030  3.59032e-01 | 41 -0.01602 -1.27786e-01 | 42 -0.00756  4.83885e-01
 43  0.00516 -2.75033e-02 | 44  0.00325  2.02245e-01 | 45  0.00938  7.80587e-02
 46  0.00419  5.89834e-02 | 47  0.00348  1.03275e-01 | 48  0.01188  8.83548e-02
 49 -0.01990  2.22823e-01 | 50 -0.03869 -1.51731e-01 | 51 -0.03181  1.80187e-01
 52 -0.01743  1.65051e-01 | 53 -0.00664 -6.09501e-02 | 54 -0.00615  2.61284e-01
 55 -0.02091 -1.22284e-01 | 56 -0.02960 -2.12003e-01 | 57 -0.02059  1.58250e-01
 58 -0.01047 -2.45608e-01 | 59  0.00008  7.92561e-03 | 60 -0.02078  1.69822e-01
 61 -0.01134 -1.14395e-01 | 62 -0.01511 -2.48085e-01 | 63 -0.00796  1.88807e-01
 64 -0.01881 -5.44756e-01 | 65 -0.02051 -3.74680e-01 | 66 -0.00385 -3.89977e-01
 67 -0.00002 -2.72069e-03 | 68  0.00000  0.00000e+00 | 69 -0.75751 -8.93113e+00
 70  0.20835 -7.65322e-02 | 71  0.10249 -1.53321e-01 | 72  0.18986  3.05988e-01
 73 -0.00245 -1.21065e-05 | 74  0.06248  1.28766e-01 | 75  0.17538  1.07781e+02
 76  0.07413  1.20682e+02 | 77  0.16540 -5.54072e+00 | 78  0.02243 -3.18542e-01
 79 -0.17663 -1.09843e+00 | 80  0.15187  2.37494e+00 | 81  0.07011  2.39400e+00
 82  0.12890  1.68576e-01 | 83  0.00000  6.34577e-30 | 84  0.03448  5.42146e-02
 85 -0.06014 -2.69726e-01 | 86 -0.23659 -5.82684e-05 | 87  0.10477  5.26731e-01
 88  0.69942  2.02452e-02 | 89 -0.14283  1.33292e-01 | 90  0.09894 -6.18128e-01
 91 -0.65207 -2.04795e-02 |

Intermediate statistics: 91 variables; iteration 20; function evaluation 30; phase 4
Function value 2.5736163e+02; maximum gradient component mag -3.9870e+02
Var    Value     Gradient |Var    Value     Gradient |Var    Value     Gradient
  1  0.04848 -1.96417e+01 |  2 -0.01335  2.26088e+01 |  3 -0.01262  1.69213e+01
  4 -0.01102  1.65418e+01 |  5 -0.00770  1.35612e+01 |  6 -0.00697  1.32977e+01
  7 -0.00703  1.31658e+01 |  8 -0.00046  9.37464e+00 |  9  0.00247  9.27459e+00
 10  0.00343  1.02757e+01 | 11  0.00262  1.34451e+01 | 12 -0.00241  1.90314e+01
 13 -0.01539  1.14192e+01 | 14 -0.01300  8.88958e+00 | 15 -0.01598  6.44879e+00
 16 -0.01225  6.70149e+00 | 17 -0.00088  8.72377e+00 | 18  0.00651  9.90139e+00
 19  0.01096  1.01962e+01 | 20 -0.00036  8.58528e+00 | 21 -0.01549  7.01570e+00
 22 -0.01460  5.93416e+00 | 23 -0.01362  3.29000e+00 | 24 -0.02341  1.40116e+00
 25 -0.00523  1.11364e+00 | 26  0.03017  1.09666e+00 | 27  0.01991  8.75223e-01
 28  0.03106 -3.99311e-01 | 29  0.02758 -1.31149e+00 | 30  0.01859 -5.54553e-01
 31  0.04356 -1.46361e+00 | 32  0.08333 -5.04787e+00 | 33  0.01309 -2.45792e+00
 34  0.02257 -5.59183e+00 | 35  0.02785 -8.25184e+00 | 36  0.02939 -1.00554e+01
 37  0.04960 -1.65865e+01 | 38  0.01442 -1.17155e+01 | 39 -0.01002 -8.90536e+00
 40 -0.01108 -9.27191e+00 | 41 -0.01616 -9.23761e+00 | 42 -0.00805 -1.03691e+01
 43  0.00455 -1.13645e+01 | 44  0.00200 -8.17512e+00 | 45  0.00937 -5.02479e+00
 46  0.00497 -1.79024e+00 | 47  0.00421 -5.39842e-01 | 48  0.01188 -1.14448e+00
 49 -0.02026  4.02795e-03 | 50 -0.03881  5.47105e-01 | 51 -0.03207  6.85489e-01
 52 -0.01735  6.21908e-01 | 53 -0.00692  3.28096e-01 | 54 -0.00684  1.17227e+00
 55 -0.02045  2.46679e+00 | 56 -0.02785  3.57967e+00 | 57 -0.01910  3.80962e+00
 58 -0.01003  2.76516e+00 | 59 -0.00033  2.30242e+00 | 60 -0.02067  3.06214e+00
 61 -0.01045  3.87076e+00 | 62 -0.01393  4.20440e+00 | 63 -0.00715  4.32305e+00
 64 -0.01807  3.21676e+00 | 65 -0.01943  3.11216e+00 | 66 -0.00341 -5.49441e-02
 67 -0.00002  1.57454e-03 | 68  0.00000  0.00000e+00 | 69 -0.75658  1.94877e+01
 70  0.21971  2.60557e+01 | 71  0.09749  4.13075e+01 | 72  0.19222 -6.05958e+00
 73 -0.00249 -1.22997e-05 | 74  0.06566  4.23346e+00 | 75  0.17631 -3.62113e+02
 76  0.07328 -3.98703e+02 | 77  0.16465 -6.00525e+00 | 78  0.02011  7.21870e-01
 79 -0.17937  1.80942e+00 | 80  0.15693  2.34965e+01 | 81  0.06546  2.21397e+01
 82  0.13092  1.50824e+01 | 83 -0.00000  8.70815e-29 | 84  0.03677  1.00325e+01
 85 -0.05909  5.43689e+00 | 86 -0.23659  1.60193e-04 | 87  0.10501 -3.78819e+00
 88  0.69893  1.29210e+00 | 89 -0.14081  2.11729e+00 | 90  0.10181  1.21033e+01
 91 -0.64938 -2.78081e+00 |
91 variables; iteration 40; function evaluation 50; phase 4
Function value 2.5702490e+02; maximum gradient component mag -1.1025e+03
Var    Value     Gradient |Var    Value     Gradient |Var    Value     Gradient
  1  0.04879 -1.10252e+03 |  2 -0.00946  2.90574e+00 |  3 -0.02275 -1.84677e+00
  4 -0.01967 -2.92641e+00 |  5 -0.01288 -4.88558e+00 |  6 -0.01228 -6.39421e+00
  7 -0.01355 -8.50836e+00 |  8 -0.00395 -1.26161e+01 |  9  0.00000 -1.38422e+01
 10  0.00259 -1.34920e+01 | 11  0.00264 -1.25342e+01 | 12 -0.00748 -1.06655e+01
 13 -0.01396  5.36002e+00 | 14 -0.01266  3.74938e+00 | 15 -0.01546  4.74572e+00
 16 -0.01113  5.96620e+00 | 17  0.00003  4.45179e+00 | 18  0.00688  5.30425e-01
 19  0.00973 -5.29051e+00 | 20 -0.00043 -5.42978e+00 | 21 -0.01450 -1.51902e+00
 22 -0.01458 -9.29737e-01 | 23 -0.01457 -2.17868e+00 | 24 -0.02311 -2.35330e-01
 25 -0.00422 -4.68101e+00 | 26  0.03031 -1.50952e+01 | 27  0.01971 -1.01216e+01
 28  0.03047 -8.28446e+00 | 29  0.02698 -3.75795e+00 | 30  0.02061  1.93667e+00
 31  0.04205 -4.04988e+00 | 32  0.08298 -1.71200e+01 | 33  0.01182  4.76626e-01
 34  0.02353 -4.18160e-01 | 35  0.02910 -2.55177e+00 | 36  0.02813 -6.37738e+00
 37  0.04994 -1.97585e+01 | 38  0.01273 -1.18732e+01 | 39 -0.00951 -6.15850e+00
 40 -0.01076 -7.75019e+00 | 41 -0.01509 -7.40026e+00 | 42 -0.00850 -1.12463e+01
 43  0.00307 -1.33694e+01 | 44  0.00175 -6.73885e+00 | 45  0.00947 -3.91195e+00
 46  0.00485 -1.20114e+00 | 47  0.00329 -1.23500e+00 | 48  0.01161 -4.01715e+00
 49 -0.02011  2.45429e+00 | 50 -0.03788  6.52192e+00 | 51 -0.03116  5.53529e+00
 52 -0.01804  1.39573e+00 | 53 -0.00764  5.52056e-01 | 54 -0.00738  2.91242e+00
 55 -0.02006  7.53184e+00 | 56 -0.02834  9.24284e+00 | 57 -0.01981  9.25067e+00
 58 -0.01034  9.67975e+00 | 59  0.00038  1.13899e+01 | 60 -0.02074  1.22972e+01
 61 -0.01097  1.03130e+01 | 62 -0.01464  1.12187e+01 | 63 -0.00719  1.41491e+01
 64 -0.01703  1.80779e+01 | 65 -0.01941  1.82827e+01 | 66 -0.00381 -3.73782e-01
 67 -0.00004 -1.54036e-02 | 68  0.00000  0.00000e+00 | 69 -0.76019  3.53843e+00
 70  0.21891 -3.16758e+01 | 71  0.09791 -2.63301e+01 | 72  0.19153  5.05945e+01
 73 -0.00060 -2.97972e-06 | 74  0.06594 -7.53287e+00 | 75  0.17715  6.11434e+02
 76  0.07248  6.79459e+02 | 77  0.16491  1.67859e+01 | 78 -0.01068 -9.58130e-01
 79 -0.18363 -3.82670e+00 | 80  0.15599 -9.48959e+00 | 81  0.06648  5.08568e+00
 82  0.12999  3.37923e+01 | 83 -0.00000  1.86343e-29 | 84  0.03633 -2.93796e+00
 85 -0.06016 -4.53001e+00 | 86 -0.23653 -7.56810e-05 | 87  0.10437  3.52069e+00
 88  0.70883 -1.95732e-01 | 89 -0.14457 -6.37065e+00 | 90  0.10132 -2.08221e+00
 91 -0.65031 -9.38079e-02 |
91 variables; iteration 60; function evaluation 81; phase 4
Function value 2.5687670e+02; maximum gradient component mag 1.6955e+02
Var    Value     Gradient |Var    Value     Gradient |Var    Value     Gradient
  1  0.04898 -1.37404e+02 |  2 -0.01226 -1.28932e+01 |  3 -0.02697 -5.53429e-01
  4 -0.02401 -7.24937e-01 |  5 -0.01649 -6.99023e-01 |  6 -0.01517 -7.09419e-01
  7 -0.01495 -4.85634e-01 |  8 -0.00264 -3.58948e-01 |  9  0.00201 -2.22903e-01
 10  0.00386 -5.53124e-02 | 11  0.00192 -6.13558e-02 | 12 -0.01013 -7.18010e-01
 13 -0.01394  1.39267e+00 | 14 -0.01195  1.37559e+00 | 15 -0.01554  1.43737e+00
 16 -0.01189  1.66613e+00 | 17 -0.00031  1.65651e+00 | 18  0.00735  1.31732e+00
 19  0.01112  3.50957e-01 | 20  0.00001  4.38865e-01 | 21 -0.01512  9.84534e-01
 22 -0.01443  1.47523e+00 | 23 -0.01325  1.44316e+00 | 24 -0.02323  1.09174e+00
 25 -0.00533  4.10881e-01 | 26  0.03046  1.14653e-02 | 27  0.01970 -1.34507e-01
 28  0.03109 -1.67261e-01 | 29  0.02714 -4.36822e-01 | 30  0.01806  8.27638e-02
 31  0.04476  3.25313e-01 | 32  0.08188 -2.46720e+00 | 33  0.01327 -1.55107e-01
 34  0.02272 -5.53446e-01 | 35  0.02706 -1.29821e+00 | 36  0.02961 -7.67514e-01
 37  0.04921 -2.34477e+00 | 38  0.01407 -1.43400e+00 | 39 -0.00989 -7.09114e-01
 40 -0.01133 -1.28869e+00 | 41 -0.01625 -1.34179e+00 | 42 -0.00835 -1.31316e+00
 43  0.00419 -1.17240e+00 | 44  0.00235 -1.60341e-01 | 45  0.00905 -9.90723e-01
 46  0.00469 -1.19992e+00 | 47  0.00368 -1.37465e+00 | 48  0.01169 -1.41963e+00
 49 -0.02038 -3.59387e-01 | 50 -0.03912 -5.02346e-01 | 51 -0.03252 -7.85676e-01
 52 -0.01761 -6.54920e-01 | 53 -0.00698 -3.82687e-01 | 54 -0.00715 -2.69607e-01
 55 -0.02055  1.54762e-01 | 56 -0.02791  5.48885e-01 | 57 -0.01922  7.78120e-01
 58 -0.01004  6.50818e-01 | 59 -0.00061  4.39256e-01 | 60 -0.02104  6.11922e-01
 61 -0.01078  3.30532e-01 | 62 -0.01414  6.55339e-01 | 63 -0.00732  1.33643e+00
 64 -0.01754  2.10846e+00 | 65 -0.01910  2.15123e+00 | 66 -0.00322  4.27670e-02
 67 -0.00002 -2.61404e-03 | 68  0.00000  0.00000e+00 | 69 -0.75873 -1.39217e+01
 70  0.21782 -6.30673e+00 | 71  0.09833 -5.93914e+00 | 72  0.19115  7.68578e+00
 73  0.00516  2.54495e-05 | 74  0.06585 -7.67538e-01 | 75  0.17723  1.56243e+02
 76  0.07240  1.69547e+02 | 77  0.16479 -9.46428e-01 | 78  0.00333 -2.14586e-01
 79 -0.17884 -1.94378e+00 | 80  0.15545  1.20079e+00 | 81  0.06689  4.06026e+00
 82  0.12925  5.17533e+00 | 83  0.00000  1.34869e-29 | 84  0.03647 -8.50512e-01
 85 -0.05803 -1.57755e+00 | 86 -0.23643 -1.68055e-04 | 87  0.10554  2.42695e+00
 88  0.69358 -5.84748e-01 | 89 -0.14031 -1.39141e+00 | 90  0.10158 -1.11125e+00
 91 -0.64942  7.35899e-01 |
91 variables; iteration 80; function evaluation 114; phase 4
Function value 2.5685898e+02; maximum gradient component mag 8.7150e+01
Var    Value     Gradient |Var    Value     Gradient |Var    Value     Gradient
  1  0.04902 -3.91571e+01 |  2 -0.01332 -2.40888e+00 |  3 -0.02706 -1.97988e-01
  4 -0.02397 -1.68995e-01 |  5 -0.01673 -3.03122e-01 |  6 -0.01550 -3.36530e-01
  7 -0.01550 -2.53870e-01 |  8 -0.00365 -4.07887e-01 |  9  0.00108 -2.79947e-01
 10  0.00300 -1.92027e-01 | 11  0.00087 -5.00474e-01 | 12 -0.01022 -4.99550e-01
 13 -0.01442  3.66217e-02 | 14 -0.01221  2.08628e-01 | 15 -0.01593  9.28908e-02
 16 -0.01231  1.31825e-01 | 17 -0.00080  8.92044e-02 | 18  0.00678  3.74401e-02
 19  0.01142  8.65679e-02 | 20  0.00018  1.42997e-01 | 21 -0.01545 -1.20899e-01
 22 -0.01482 -5.26581e-02 | 23 -0.01353 -4.17964e-02 | 24 -0.02341 -1.52439e-03
 25 -0.00530 -3.19131e-01 | 26  0.03011 -6.04362e-01 | 27  0.02018 -9.04643e-02
 28  0.03097 -7.70949e-02 | 29  0.02760 -4.84451e-02 | 30  0.01846 -6.55953e-02
 31  0.04375 -4.81822e-02 | 32  0.08299 -5.42371e-01 | 33  0.01293  1.29333e-01
 34  0.02216 -7.75839e-02 | 35  0.02776  9.81684e-02 | 36  0.02881 -1.35571e-01
 37  0.04919 -4.00226e-01 | 38  0.01406 -1.85406e-01 | 39 -0.01033 -2.00001e-01
 40 -0.01138 -2.24576e-01 | 41 -0.01631 -2.25240e-01 | 42 -0.00830 -2.79856e-02
 43  0.00432 -1.05339e-01 | 44  0.00171 -6.46724e-02 | 45  0.00929 -1.26160e-01
 46  0.00527  1.23333e-01 | 47  0.00444  1.50796e-01 | 48  0.01175 -2.07767e-01
 49 -0.02064 -1.63539e-01 | 50 -0.03882  5.70297e-02 | 51 -0.03222 -4.25635e-02
 52 -0.01751 -1.03934e-01 | 53 -0.00706  2.09998e-02 | 54 -0.00720  1.69481e-02
 55 -0.02025  1.44427e-01 | 56 -0.02746  8.16103e-02 | 57 -0.01883  1.45696e-01
 58 -0.00992  9.24876e-02 | 59 -0.00057  1.71260e-01 | 60 -0.02087  3.81024e-01
 61 -0.01038  2.69240e-01 | 62 -0.01354  4.15579e-01 | 63 -0.00707  3.67692e-01
 64 -0.01766  6.00197e-01 | 65 -0.01933  5.83703e-01 | 66 -0.00330 -4.36977e-02
 67 -0.00000  1.36350e-02 | 68  0.00000  0.00000e+00 | 69 -0.75744 -2.08022e+00
 70  0.22072  2.36326e+00 | 71  0.09701  7.90750e+00 | 72  0.19160  2.63662e+00
 73  0.01775  8.76381e-05 | 74  0.06608 -3.99993e-02 | 75  0.17717  7.67343e+01
 76  0.07245  8.71496e+01 | 77  0.16429 -1.15185e+00 | 78 -0.00567 -1.08693e-01
 79 -0.17702 -3.47955e-01 | 80  0.15699  1.31791e+00 | 81  0.06500  1.19361e+00
 82  0.12954 -3.74448e-01 | 83  0.00000  3.43599e-30 | 84  0.03682 -1.09192e-01
 85 -0.05835 -5.04325e-01 | 86 -0.23610 -1.09285e-04 | 87  0.10518  7.64769e-02
 88  0.69540 -8.79324e-02 | 89 -0.13977 -1.65459e-01 | 90  0.10214  1.16830e-02
 91 -0.64940 -1.52053e-01 |
91 variables; iteration 100; function evaluation 148; phase 4
Function value 2.5685723e+02; maximum gradient component mag 1.3677e+02
Var    Value     Gradient |Var    Value     Gradient |Var    Value     Gradient
  1  0.04904 -2.70981e-01 |  2 -0.01340 -6.21964e+00 |  3 -0.02728 -8.86696e-02
  4 -0.02405  1.51549e-01 |  5 -0.01685  6.38954e-02 |  6 -0.01567  2.94388e-02
  7 -0.01582  2.15100e-02 |  8 -0.00381  9.15140e-02 |  9  0.00073  8.59849e-02
 10  0.00242  8.32806e-03 | 11  0.00075  9.53723e-02 | 12 -0.01021  1.60272e-01
 13 -0.01440 -8.96279e-02 | 14 -0.01251 -1.50381e-01 | 15 -0.01596 -6.67302e-02
 16 -0.01244 -1.28972e-01 | 17 -0.00092 -1.23612e-01 | 18  0.00679 -7.23071e-02
 19  0.01131 -7.10328e-02 | 20 -0.00009 -1.17722e-01 | 21 -0.01534 -6.32761e-02
 22 -0.01475  3.16262e-02 | 23 -0.01360 -1.36473e-02 | 24 -0.02359 -5.29389e-02
 25 -0.00528  8.50557e-02 | 26  0.03038  2.87911e-01 | 27  0.01998  7.64476e-03
 28  0.03098  8.33560e-02 | 29  0.02764  8.90069e-02 | 30  0.01861 -1.60221e-02
 31  0.04366  5.31131e-02 | 32  0.08314  2.01725e-01 | 33  0.01280  3.04183e-02
 34  0.02231  5.93235e-02 | 35  0.02746 -6.05488e-03 | 36  0.02890  6.44485e-02
 37  0.04908  1.87836e-01 | 38  0.01401  1.31074e-01 | 39 -0.01034  1.79412e-02
 40 -0.01138  7.50428e-02 | 41 -0.01620  1.04912e-01 | 42 -0.00840  6.15628e-02
 43  0.00416 -2.56765e-02 | 44  0.00176  1.29800e-01 | 45  0.00940  1.23349e-02
 46  0.00517 -1.15696e-01 | 47  0.00454  7.86173e-02 | 48  0.01185  6.25737e-02
 49 -0.02060 -1.65770e-02 | 50 -0.03880  6.97819e-02 | 51 -0.03223 -2.53318e-02
 52 -0.01738  7.00582e-02 | 53 -0.00711  3.49949e-03 | 54 -0.00721 -3.87054e-02
 55 -0.02014  7.35595e-03 | 56 -0.02727 -1.40106e-01 | 57 -0.01856  2.44323e-02
 58 -0.00991 -1.46415e-01 | 59 -0.00044  2.18174e-02 | 60 -0.02104 -2.32762e-01
 61 -0.01016 -4.31901e-02 | 62 -0.01358 -2.00827e-01 | 63 -0.00684 -1.08795e-01
 64 -0.01781 -2.72321e-01 | 65 -0.01932 -1.68696e-01 | 66 -0.00327 -1.92408e-02
 67 -0.00011 -6.83708e-02 | 68  0.00000  0.00000e+00 | 69 -0.75740 -6.11298e+00
 70  0.22240  1.94174e+00 | 71  0.09614  3.37789e+00 | 72  0.19191 -1.21918e+00
 73  0.03712  1.83386e-04 | 74  0.06630  1.98464e-01 | 75  0.17730  1.24556e+02
 76  0.07233  1.36765e+02 | 77  0.16429 -3.51969e+00 | 78 -0.00625 -1.64759e-01
 79 -0.17702 -6.88068e-01 | 80  0.15744 -1.30557e-01 | 81  0.06435 -5.77309e-02
 82  0.12966  1.99048e-02 | 83  0.00000 -1.02265e-30 | 84  0.03694 -4.12835e-03
 85 -0.05811  2.19573e-01 | 86 -0.23526 -4.66730e-05 | 87  0.10528 -1.50565e-01
 88  0.69501  3.19023e-02 | 89 -0.13958  7.95015e-02 | 90  0.10246  9.54655e-02
 91 -0.64892  1.48042e-01 |
91 variables; iteration 120; function evaluation 173; phase 4
Function value 2.5684881e+02; maximum gradient component mag 4.5902e+02
Var    Value     Gradient |Var    Value     Gradient |Var    Value     Gradient
  1  0.04903 -1.41745e+01 |  2 -0.01333 -5.17349e+00 |  3 -0.02716 -7.81796e-03
  4 -0.02419 -4.40830e-02 |  5 -0.01686 -2.67688e-02 |  6 -0.01566 -4.07830e-02
  7 -0.01579 -3.42330e-02 |  8 -0.00384 -4.85770e-02 |  9  0.00071 -4.64795e-02
 10  0.00250 -3.62271e-02 | 11  0.00074 -5.08099e-02 | 12 -0.01027 -5.97429e-02
 13 -0.01443  4.30211e-03 | 14 -0.01245  1.37582e-02 | 15 -0.01603  1.02369e-02
 16 -0.01243  2.90884e-02 | 17 -0.00090  1.35087e-02 | 18  0.00681  4.72334e-04
 19  0.01132 -8.20678e-03 | 20 -0.00007 -2.02431e-03 | 21 -0.01535  7.21888e-04
 22 -0.01478 -7.68071e-03 | 23 -0.01356 -3.70986e-03 | 24 -0.02358  3.85429e-03
 25 -0.00530 -1.56554e-02 | 26  0.03029 -6.04818e-02 | 27  0.02017 -8.79620e-03
 28  0.03093 -2.17490e-02 | 29  0.02757 -7.67358e-03 | 30  0.01866  2.43691e-03
 31  0.04367 -1.46612e-03 | 32  0.08314 -7.04087e-02 | 33  0.01276  1.28613e-02
 34  0.02224 -1.41867e-02 | 35  0.02754  2.10676e-03 | 36  0.02889 -5.60135e-03
 37  0.04909 -7.12005e-02 | 38  0.01393 -3.20411e-02 | 39 -0.01033 -1.37376e-02
 40 -0.01138 -2.40993e-02 | 41 -0.01620 -2.21791e-02 | 42 -0.00838 -1.77727e-02
 43  0.00424 -8.03352e-03 | 44  0.00169 -1.95363e-02 | 45  0.00941 -7.19332e-03
 46  0.00528  1.54276e-02 | 47  0.00442 -1.46075e-02 | 48  0.01186 -2.07756e-02
 49 -0.02057  8.37478e-03 | 50 -0.03887  8.28148e-03 | 51 -0.03219  1.18174e-02
 52 -0.01742 -2.40848e-03 | 53 -0.00710  1.24664e-02 | 54 -0.00719  1.38901e-02
 55 -0.02020  1.38601e-02 | 56 -0.02719  3.86097e-02 | 57 -0.01868  1.65195e-02
 58 -0.00980  3.98332e-02 | 59 -0.00056  2.03367e-02 | 60 -0.02090  5.38956e-02
 61 -0.01025  2.62354e-02 | 62 -0.01350  4.92750e-02 | 63 -0.00690  4.76826e-02
 64 -0.01772  7.35457e-02 | 65 -0.01941  6.04654e-02 | 66 -0.00326  1.50260e-03
 67 -0.00001  9.10002e-03 | 68  0.00000  0.00000e+00 | 69 -0.75680 -5.03215e+00
 70  0.22272 -2.63246e-01 | 71  0.09596 -3.97307e-01 | 72  0.19200  2.65209e-01
 73  0.02522  1.24516e-04 | 74  0.06628 -4.91460e-02 | 75  0.17949  4.50584e+02
 76  0.07019  4.59019e+02 | 77  0.16499 -2.90981e+00 | 78 -0.10037 -1.76473e-01
 79 -0.17693 -5.94319e-01 | 80  0.15758 -3.48552e-01 | 81  0.06415 -3.10096e-01
 82  0.12971  7.71457e-02 | 83  0.00000 -1.94326e-30 | 84  0.03694 -1.90040e-02
 85 -0.05813 -4.90702e-02 | 86 -0.22937  1.99850e-04 | 87  0.10528  3.69582e-02
 88  0.69500 -1.20483e-02 | 89 -0.13958 -2.80484e-02 | 90  0.10238 -3.31275e-02
 91 -0.64912 -1.21861e-02 |
91 variables; iteration 140; function evaluation 198; phase 4
Function value 2.5684519e+02; maximum gradient component mag 1.3958e+03
Var    Value     Gradient |Var    Value     Gradient |Var    Value     Gradient
  1  0.04904 -1.28250e+01 |  2 -0.01331 -5.42980e+00 |  3 -0.02722 -3.32605e-02
  4 -0.02419 -2.24942e-03 |  5 -0.01690 -2.74508e-02 |  6 -0.01568 -1.94452e-02
  7 -0.01583 -2.96801e-02 |  8 -0.00387 -2.84246e-02 |  9  0.00068 -3.40251e-02
 10  0.00244 -5.08147e-02 | 11  0.00069 -5.15357e-02 | 12 -0.01028 -4.36810e-02
 13 -0.01443 -6.08961e-03 | 14 -0.01248 -1.92545e-02 | 15 -0.01604 -8.82531e-03
 16 -0.01248 -2.57682e-02 | 17 -0.00092 -1.59292e-02 | 18  0.00683 -1.29503e-02
 19  0.01131 -2.97221e-02 | 20 -0.00012 -4.27746e-02 | 21 -0.01537 -2.96077e-02
 22 -0.01475 -1.31590e-02 | 23 -0.01354 -1.47254e-02 | 24 -0.02361 -1.28064e-02
 25 -0.00533 -2.39735e-02 | 26  0.03035 -3.63983e-02 | 27  0.02016 -4.97078e-02
 28  0.03094 -1.65046e-02 | 29  0.02756 -8.81746e-03 | 30  0.01868 -6.69912e-04
 31  0.04366 -1.04975e-02 | 32  0.08317 -2.41970e-02 | 33  0.01273  7.45730e-03
 34  0.02226  1.33927e-02 | 35  0.02752 -2.63298e-03 | 36  0.02886 -9.74043e-03
 37  0.04912 -3.26138e-03 | 38  0.01388 -7.74334e-03 | 39 -0.01036  1.61030e-03
 40 -0.01138 -8.83597e-03 | 41 -0.01617  3.98734e-03 | 42 -0.00837 -9.42065e-05
 43  0.00420 -6.29890e-03 | 44  0.00172  1.51435e-02 | 45  0.00942  5.55197e-03
 46  0.00525 -9.32212e-04 | 47  0.00447  2.83856e-02 | 48  0.01187  1.23544e-02
 49 -0.02058  7.31207e-03 | 50 -0.03886  3.21637e-02 | 51 -0.03219  1.85507e-02
 52 -0.01740  2.83322e-02 | 53 -0.00710  2.04814e-02 | 54 -0.00719  2.09854e-02
 55 -0.02017  3.60740e-02 | 56 -0.02718  2.03022e-02 | 57 -0.01862  3.63461e-02
 58 -0.00981  1.41449e-02 | 59 -0.00053  3.93184e-02 | 60 -0.02092  1.52536e-02
 61 -0.01021  3.89492e-02 | 62 -0.01351  1.61908e-02 | 63 -0.00686  2.87950e-02
 64 -0.01775  1.32981e-02 | 65 -0.01941  3.40458e-02 | 66 -0.00326 -1.71756e-04
 67 -0.00003 -8.48708e-03 | 68  0.00000  0.00000e+00 | 69 -0.75646 -5.27959e+00
 70  0.22266  4.80323e-01 | 71  0.09600  1.17131e+00 | 72  0.19197  4.30104e-02
 73 -0.01271 -6.27552e-05 | 74  0.06633  2.35744e-02 | 75  0.18068  1.39576e+03
 76  0.06897  1.36713e+03 | 77  0.16536 -3.17246e+00 | 78 -0.19006 -1.79914e-01
 79 -0.17701 -6.42924e-01 | 80  0.15763 -4.77949e-01 | 81  0.06407 -4.41004e-01
 82  0.12972  2.20425e-02 | 83  0.00000 -2.42393e-30 | 84  0.03696 -7.78093e-03
 85 -0.05811 -4.15676e-03 | 86 -0.23672 -1.13487e-04 | 87  0.10528 -6.07496e-03
 88  0.69498  2.35938e-04 | 89 -0.13954 -5.39175e-04 | 90  0.10244 -1.64577e-02
 91 -0.64904  3.34371e-02 |
91 variables; iteration 160; function evaluation 222; phase 4
Function value 2.5684359e+02; maximum gradient component mag 2.2247e+03
Var    Value     Gradient |Var    Value     Gradient |Var    Value     Gradient
  1  0.04904 -7.75604e+00 |  2 -0.01331 -4.29390e+00 |  3 -0.02723 -1.08183e-02
  4 -0.02422  3.92602e-03 |  5 -0.01693 -3.93339e-03 |  6 -0.01571  2.98846e-03
  7 -0.01586 -1.38496e-04 |  8 -0.00391  5.92226e-04 |  9  0.00064 -3.26597e-03
 10  0.00240 -8.89151e-03 | 11  0.00066 -5.90943e-03 | 12 -0.01030 -3.00206e-03
 13 -0.01444 -1.50559e-02 | 14 -0.01249 -1.84925e-02 | 15 -0.01607 -1.80104e-02
 16 -0.01249 -2.30460e-02 | 17 -0.00093 -1.43701e-02 | 18  0.00683 -5.68629e-03
 19  0.01131 -7.01190e-03 | 20 -0.00013 -1.07119e-02 | 21 -0.01538 -9.82085e-03
 22 -0.01474 -1.59363e-03 | 23 -0.01354 -2.77778e-03 | 24 -0.02363 -5.33729e-03
 25 -0.00534 -3.66246e-03 | 26  0.03036  1.18666e-02 | 27  0.02020  1.04533e-02
 28  0.03093  1.01692e-02 | 29  0.02756  5.77094e-03 | 30  0.01869 -5.72830e-03
 31  0.04367  3.90085e-03 | 32  0.08318  2.24550e-02 | 33  0.01272  4.23982e-04
 34  0.02224  4.36701e-03 | 35  0.02752  3.10351e-03 | 36  0.02886  2.17014e-03
 37  0.04911  2.31035e-02 | 38  0.01387  1.07390e-02 | 39 -0.01038 -6.64355e-05
 40 -0.01138  4.93671e-03 | 41 -0.01617  1.03042e-02 | 42 -0.00836  1.62269e-02
 43  0.00419  1.06268e-02 | 44  0.00173  1.30940e-02 | 45  0.00942  5.78015e-03
 46  0.00527 -1.99175e-03 | 47  0.00447  1.20064e-02 | 48  0.01188  1.19698e-02
 49 -0.02058 -2.21800e-03 | 50 -0.03887 -3.71171e-04 | 51 -0.03218 -1.28729e-03
 52 -0.01740  5.01296e-03 | 53 -0.00711  2.58605e-03 | 54 -0.00719  3.78142e-03
 55 -0.02017  1.31026e-03 | 56 -0.02715 -9.92563e-03 | 57 -0.01861  2.23749e-04
 58 -0.00979 -8.99415e-03 | 59 -0.00055 -1.57805e-03 | 60 -0.02091 -1.38308e-02
 61 -0.01021 -8.25687e-04 | 62 -0.01349 -6.87960e-03 | 63 -0.00685 -9.37867e-03
 64 -0.01773 -1.96721e-02 | 65 -0.01943 -1.55837e-02 | 66 -0.00326 -8.64798e-04
 67 -0.00003 -3.66412e-03 | 68  0.00000  0.00000e+00 | 69 -0.75629 -4.19010e+00
 70  0.22292 -7.12056e-03 | 71  0.09586 -5.58940e-02 | 72  0.19202 -7.12345e-02
 73 -0.01413 -6.97442e-05 | 74  0.06636  1.41723e-02 | 75  0.18127  2.22474e+03
 76  0.06836  2.13851e+03 | 77  0.16555 -2.49025e+00 | 78 -0.25394 -1.32846e-01
 79 -0.17716 -5.45106e-01 | 80  0.15752  2.41752e-01 | 81  0.06430  2.15320e-01
 82  0.12967 -4.79474e-02 | 83  0.00000 -3.09005e-32 | 84  0.03697  1.15986e-02
 85 -0.05809  1.31185e-02 | 86 -0.24648 -4.49840e-04 | 87  0.10528 -1.76384e-02
 88  0.69494  3.37346e-03 | 89 -0.13951  1.20210e-02 | 90  0.10246  8.59686e-03
 91 -0.64904  4.92378e-03 |
91 variables; iteration 180; function evaluation 247; phase 4
Function value 2.5684287e+02; maximum gradient component mag 2.6604e+03
Var    Value     Gradient |Var    Value     Gradient |Var    Value     Gradient
  1  0.04904 -7.51920e+00 |  2 -0.01330 -3.21506e+00 |  3 -0.02723 -1.14306e-02
  4 -0.02423 -1.02413e-02 |  5 -0.01693 -1.43213e-02 |  6 -0.01572 -1.36014e-02
  7 -0.01586 -1.40966e-02 |  8 -0.00391 -1.78745e-02 |  9  0.00064 -2.04617e-02
 10  0.00240 -2.38869e-02 | 11  0.00066 -2.57135e-02 | 12 -0.01030 -2.45910e-02
 13 -0.01444 -5.38218e-03 | 14 -0.01249 -6.09385e-03 | 15 -0.01607 -5.64016e-03
 16 -0.01249 -6.52520e-03 | 17 -0.00093 -4.71312e-03 | 18  0.00683 -3.42762e-03
 19  0.01131 -9.65717e-03 | 20 -0.00013 -1.23896e-02 | 21 -0.01538 -9.27342e-03
 22 -0.01474 -5.07077e-03 | 23 -0.01353 -4.75306e-03 | 24 -0.02364 -3.39858e-03
 25 -0.00534 -1.22609e-02 | 26  0.03036 -2.04435e-02 | 27  0.02021 -9.82595e-03
 28  0.03092 -6.24086e-03 | 29  0.02755 -3.69542e-03 | 30  0.01870 -2.09650e-03
 31  0.04367 -2.87625e-03 | 32  0.08317 -1.38360e-02 | 33  0.01272  2.85480e-03
 34  0.02223  1.99605e-04 | 35  0.02752 -1.76308e-03 | 36  0.02887 -3.20074e-03
 37  0.04911 -9.99538e-03 | 38  0.01386 -5.81637e-03 | 39 -0.01038 -3.45752e-03
 40 -0.01138 -6.15089e-03 | 41 -0.01616 -1.87924e-03 | 42 -0.00836  1.09809e-03
 43  0.00419 -1.09988e-03 | 44  0.00173  3.81252e-03 | 45  0.00942  1.72235e-03
 46  0.00527  3.20693e-03 | 47  0.00446  6.49475e-03 | 48  0.01188  2.21992e-03
 49 -0.02058  2.86809e-03 | 50 -0.03887  6.82217e-03 | 51 -0.03218  6.30352e-03
 52 -0.01740  6.00293e-03 | 53 -0.00711  7.01837e-03 | 54 -0.00720  9.34565e-03
 55 -0.02017  1.15214e-02 | 56 -0.02715  1.00449e-02 | 57 -0.01861  1.21546e-02
 58 -0.00979  9.07792e-03 | 59 -0.00055  1.15646e-02 | 60 -0.02091  1.15283e-02
 61 -0.01021  1.50860e-02 | 62 -0.01349  1.41998e-02 | 63 -0.00685  1.41046e-02
 64 -0.01773  1.37770e-02 | 65 -0.01943  1.57948e-02 | 66 -0.00326 -4.04615e-04
 67 -0.00002 -8.16597e-04 | 68  0.00000  0.00000e+00 | 69 -0.75621 -3.12743e+00
 70  0.22291  2.77085e-03 | 71  0.09586  6.95699e-02 | 72  0.19202  5.23169e-02
 73  0.02293  1.13217e-04 | 74  0.06635 -3.18497e-03 | 75  0.18157  2.66039e+03
 76  0.06803  2.53232e+03 | 77  0.16564 -1.86359e+00 | 78 -0.29624 -9.72788e-02
 79 -0.17711 -3.99656e-01 | 80  0.15759 -9.25159e-02 | 81  0.06418 -8.66455e-02
 82  0.12969 -6.36857e-04 | 83  0.00000 -1.12657e-30 | 84  0.03697 -3.23649e-03
 85 -0.05809 -7.64973e-03 | 86 -0.20156  2.17660e-03 | 87  0.10528  2.09680e-03
 88  0.69493 -7.41065e-04 | 89 -0.13951 -1.68660e-03 | 90  0.10245 -5.79074e-03
 91 -0.64905  5.26615e-03 |
91 variables; iteration 200; function evaluation 268; phase 4
Function value 2.5684228e+02; maximum gradient component mag -1.4227e+03
Var    Value     Gradient |Var    Value     Gradient |Var    Value     Gradient
  1  0.04904  2.41176e+00 |  2 -0.01330  1.02173e+00 |  3 -0.02723  4.22757e-03
  4 -0.02424  4.05463e-03 |  5 -0.01694  5.54351e-03 |  6 -0.01573  5.72925e-03
  7 -0.01587  6.47862e-03 |  8 -0.00392  7.35835e-03 |  9  0.00063  8.09125e-03
 10  0.00240  8.95890e-03 | 11  0.00065  9.61186e-03 | 12 -0.01030  8.78159e-03
 13 -0.01445  2.98410e-03 | 14 -0.01250  3.37019e-03 | 15 -0.01607  2.15502e-03
 16 -0.01249  2.32734e-03 | 17 -0.00094  2.85461e-03 | 18  0.00684  3.74491e-03
 19  0.01131  5.38863e-03 | 20 -0.00014  5.27712e-03 | 21 -0.01538  3.34751e-03
 22 -0.01474  2.16214e-03 | 23 -0.01353  2.10167e-03 | 24 -0.02365  1.76500e-03
 25 -0.00534  2.77780e-03 | 26  0.03037  4.71836e-03 | 27  0.02022  3.48747e-03
 28  0.03092  1.59035e-03 | 29  0.02755  9.48978e-04 | 30  0.01870 -1.01419e-03
 31  0.04367  5.14894e-04 | 32  0.08318  3.22885e-03 | 33  0.01272 -8.92981e-04
 34  0.02223 -7.85336e-04 | 35  0.02752  2.84450e-04 | 36  0.02887  3.75143e-04
 37  0.04910  3.41903e-03 | 38  0.01385  2.13881e-03 | 39 -0.01039  1.11323e-03
 40 -0.01137  1.54046e-03 | 41 -0.01616  6.07521e-04 | 42 -0.00835  7.88496e-04
 43  0.00418  9.69868e-04 | 44  0.00173 -5.23308e-04 | 45  0.00942  1.96866e-04
 46  0.00527 -1.56602e-04 | 47  0.00446 -8.03043e-04 | 48  0.01188  1.18252e-06
 49 -0.02058 -9.33286e-04 | 50 -0.03887 -2.21643e-03 | 51 -0.03218 -1.65100e-03
 52 -0.01740 -1.68101e-03 | 53 -0.00711 -1.25320e-03 | 54 -0.00720 -1.38472e-03
 55 -0.02017 -2.81227e-03 | 56 -0.02714 -3.24621e-03 | 57 -0.01861 -3.90778e-03
 58 -0.00979 -3.62169e-03 | 59 -0.00055 -4.19865e-03 | 60 -0.02090 -3.63186e-03
 61 -0.01021 -3.88514e-03 | 62 -0.01349 -3.82664e-03 | 63 -0.00685 -4.89774e-03
 64 -0.01773 -5.02489e-03 | 65 -0.01943 -5.62673e-03 | 66 -0.00326 -1.70310e-05
 67 -0.00002  2.31975e-04 | 68  0.00000  0.00000e+00 | 69 -0.75614  9.92285e-01
 70  0.22295  2.87344e-02 | 71  0.09584  4.99749e-02 | 72  0.19203 -1.29613e-02
 73  0.01047  5.16957e-05 | 74  0.06635  4.45025e-03 | 75  0.18183 -1.42275e+03
 76  0.06777 -1.33996e+03 | 77  0.16572  5.82717e-01 | 78 -0.33741  2.98474e-02
 79 -0.17708  1.22249e-01 | 80  0.15759 -2.75714e-02 | 81  0.06419 -2.90529e-02
 82  0.12969 -3.52618e-03 | 83  0.00000 -9.16826e-31 | 84  0.03697  7.77850e-04
 85 -0.05809  9.09267e-03 | 86 -0.22510  4.15141e-04 | 87  0.10529 -5.12764e-03
 88  0.69492  1.96772e-03 | 89 -0.13951  3.63533e-03 | 90  0.10246 -7.04813e-04
 91 -0.64904  2.79857e-04 |
91 variables; iteration 220; function evaluation 291; phase 4
Function value 2.5684198e+02; maximum gradient component mag 3.2513e+02
Var    Value     Gradient |Var    Value     Gradient |Var    Value     Gradient
  1  0.04904 -6.19329e-01 |  2 -0.01330 -2.49359e-01 |  3 -0.02724 -6.40195e-04
  4 -0.02424 -1.44700e-03 |  5 -0.01694 -1.44801e-03 |  6 -0.01573 -1.77905e-03
  7 -0.01588 -1.72645e-03 |  8 -0.00393 -2.15027e-03 |  9  0.00062 -2.23662e-03
 10  0.00239 -2.26241e-03 | 11  0.00064 -2.63262e-03 | 12 -0.01030 -2.64328e-03
 13 -0.01445 -8.40055e-04 | 14 -0.01250 -7.12927e-04 | 15 -0.01608 -7.24455e-04
 16 -0.01249 -3.65363e-04 | 17 -0.00094 -6.89696e-04 | 18  0.00684 -1.11821e-03
 19  0.01131 -1.56153e-03 | 20 -0.00014 -1.42565e-03 | 21 -0.01538 -9.77068e-04
 22 -0.01473 -8.29153e-04 | 23 -0.01353 -6.15189e-04 | 24 -0.02365 -3.87376e-04
 25 -0.00535 -1.03749e-03 | 26  0.03037 -2.26599e-03 | 27  0.02022 -9.48392e-04
 28  0.03092 -1.12110e-03 | 29  0.02754 -4.10518e-04 | 30  0.01870 -3.55021e-05
 31  0.04367 -2.11496e-04 | 32  0.08318 -1.71516e-03 | 33  0.01272  1.86455e-04
 34  0.02223 -1.94534e-04 | 35  0.02752  4.30954e-05 | 36  0.02887  1.57262e-04
 37  0.04910 -1.20754e-03 | 38  0.01385 -3.00737e-04 | 39 -0.01039  2.09842e-05
 40 -0.01137  4.54396e-05 | 41 -0.01616  2.65392e-05 | 42 -0.00835  2.26326e-04
 43  0.00418  4.35296e-04 | 44  0.00173  3.99449e-04 | 45  0.00942  4.58287e-04
 46  0.00527  6.02887e-04 | 47  0.00447  2.27744e-04 | 48  0.01188  2.44766e-05
 49 -0.02058  6.76963e-04 | 50 -0.03887  5.65587e-04 | 51 -0.03218  7.63941e-04
 52 -0.01740  5.75841e-04 | 53 -0.00711  7.65956e-04 | 54 -0.00720  8.74160e-04
 55 -0.02017  8.69046e-04 | 56 -0.02714  1.34522e-03 | 57 -0.01860  1.08775e-03
 58 -0.00979  1.36528e-03 | 59 -0.00055  9.83153e-04 | 60 -0.02090  1.58261e-03
 61 -0.01021  1.13913e-03 | 62 -0.01348  1.56500e-03 | 63 -0.00684  1.50438e-03
 64 -0.01773  2.01710e-03 | 65 -0.01944  1.83828e-03 | 66 -0.00327  1.76134e-05
 67 -0.00002  1.36872e-04 | 68  0.00000  0.00000e+00 | 69 -0.75610 -2.42145e-01
 70  0.22298 -2.51225e-02 | 71  0.09582 -4.98930e-02 | 72  0.19203  1.09483e-02
 73 -0.08817 -4.37917e-04 | 74  0.06636 -2.58446e-03 | 75  0.18198  3.25133e+02
 76  0.06761  3.07443e+02 | 77  0.16577 -1.42882e-01 | 78 -0.36612 -7.32425e-03
 79 -0.17708 -3.00791e-02 | 80  0.15759 -1.45963e-02 | 81  0.06419 -1.10565e-02
 82  0.12969  7.57300e-03 | 83  0.00000 -8.51316e-31 | 84  0.03697 -1.01456e-03
 85 -0.05808 -9.78495e-04 | 86 -0.23432 -1.75628e-05 | 87  0.10529  9.10137e-04
 88  0.69492 -2.15313e-04 | 89 -0.13950 -5.13236e-04 | 90  0.10246 -1.02011e-03
 91 -0.64904  6.24482e-05 |
91 variables; iteration 240; function evaluation 314; phase 4
Function value 2.5684167e+02; maximum gradient component mag 1.2852e+03
Var    Value     Gradient |Var    Value     Gradient |Var    Value     Gradient
  1  0.04904 -1.34042e+00 |  2 -0.01329 -6.07499e-01 |  3 -0.02724 -1.18575e-03
  4 -0.02425 -1.86785e-03 |  5 -0.01695 -1.95073e-03 |  6 -0.01573 -1.99121e-03
  7 -0.01588 -1.78010e-03 |  8 -0.00393 -2.53609e-03 |  9  0.00062 -2.91859e-03
 10  0.00238 -3.11027e-03 | 11  0.00064 -3.32469e-03 | 12 -0.01030 -3.15550e-03
 13 -0.01445 -1.16736e-03 | 14 -0.01250 -8.92322e-04 | 15 -0.01608 -1.18352e-03
 16 -0.01250 -8.06343e-04 | 17 -0.00094 -6.19928e-04 | 18  0.00684 -4.09671e-04
 19  0.01131 -1.06098e-03 | 20 -0.00015 -1.19856e-03 | 21 -0.01538 -9.85623e-04
 22 -0.01473 -4.95963e-04 | 23 -0.01353 -3.50031e-04 | 24 -0.02365 -3.32999e-04
 25 -0.00535 -1.65633e-03 | 26  0.03037 -2.43325e-03 | 27  0.02023  5.50032e-05
 28  0.03092 -5.39914e-04 | 29  0.02754 -2.79065e-04 | 30  0.01871 -4.32621e-04
 31  0.04368 -2.10309e-04 | 32  0.08318 -1.26977e-03 | 33  0.01271  1.27386e-04
 34  0.02223 -3.99804e-04 | 35  0.02752 -2.56140e-04 | 36  0.02887 -1.82306e-04
 37  0.04910 -1.31573e-03 | 38  0.01384 -6.23820e-04 | 39 -0.01039 -7.79795e-04
 40 -0.01137 -6.24504e-04 | 41 -0.01615 -2.52846e-04 | 42 -0.00835  5.58439e-04
 43  0.00418  3.30933e-04 | 44  0.00173  5.82391e-04 | 45  0.00942  2.99374e-04
 46  0.00527  5.07520e-04 | 47  0.00447  4.44417e-04 | 48  0.01188  2.65823e-04
 49 -0.02058  3.36499e-04 | 50 -0.03887  4.23419e-05 | 51 -0.03218  4.74399e-04
 52 -0.01740  1.70572e-04 | 53 -0.00711  5.54519e-04 | 54 -0.00720  1.03827e-03
 55 -0.02017  9.03324e-04 | 56 -0.02713  1.00408e-03 | 57 -0.01860  1.08849e-03
 58 -0.00978  1.10991e-03 | 59 -0.00055  7.65530e-04 | 60 -0.02090  1.37478e-03
 61 -0.01021  1.41331e-03 | 62 -0.01348  1.98777e-03 | 63 -0.00684  1.45728e-03
 64 -0.01773  1.81777e-03 | 65 -0.01944  1.59650e-03 | 66 -0.00327 -1.05576e-04
 67 -0.00002  7.91721e-05 | 68  0.00000  0.00000e+00 | 69 -0.75605 -5.91528e-01
 70  0.22299 -1.04641e-02 | 71  0.09582 -1.58348e-02 | 72  0.19203  5.66579e-03
 73  0.02947  1.45552e-04 | 74  0.06636 -6.30500e-04 | 75  0.18213  1.28521e+03
 76  0.06744  1.20275e+03 | 77  0.16582 -3.52164e-01 | 78 -0.39809 -1.68521e-02
 79 -0.17710 -7.66699e-02 | 80  0.15759  1.44612e-02 | 81  0.06420  1.20384e-02
 82  0.12969 -4.34434e-03 | 83  0.00000 -7.67238e-31 | 84  0.03697  2.49421e-04
 85 -0.05808 -1.35240e-03 | 86 -0.23369  8.68042e-06 | 87  0.10529  5.57533e-04
 88  0.69491 -1.55059e-04 | 89 -0.13950 -2.08731e-04 | 90  0.10247 -1.47440e-04
 91 -0.64904 -1.80381e-04 |
91 variables; iteration 260; function evaluation 339; phase 4
Function value 2.5684156e+02; maximum gradient component mag 4.4275e+03
Var    Value     Gradient |Var    Value     Gradient |Var    Value     Gradient
  1  0.04904  1.00269e+00 |  2 -0.01329 -1.59727e+00 |  3 -0.02724  2.94344e-02
  4 -0.02425  4.05096e-02 |  5 -0.01695  4.61920e-02 |  6 -0.01574  5.10609e-02
  7 -0.01589  5.28212e-02 |  8 -0.00393  6.47186e-02 |  9  0.00061  6.97460e-02
 10  0.00238  7.28626e-02 | 11  0.00063  8.11779e-02 | 12 -0.01030  7.93214e-02
 13 -0.01445  1.15490e-02 | 14 -0.01250  1.04056e-02 | 15 -0.01608  5.50253e-03
 16 -0.01250  1.56206e-03 | 17 -0.00094  9.19394e-03 | 18  0.00684  1.92262e-02
 19  0.01131  3.30949e-02 | 20 -0.00015  3.20198e-02 | 21 -0.01538  2.13404e-02
 22 -0.01473  1.88519e-02 | 23 -0.01353  1.70697e-02 | 24 -0.02366  1.07637e-02
 25 -0.00535  3.28967e-02 | 26  0.03038  7.42533e-02 | 27  0.02022  4.24032e-02
 28  0.03092  3.27853e-02 | 29  0.02754  1.49493e-02 | 30  0.01871 -1.78853e-03
 31  0.04367  1.04001e-02 | 32  0.08318  5.55262e-02 | 33  0.01271 -7.00029e-03
 34  0.02223  3.59565e-03 | 35  0.02752  6.52920e-03 | 36  0.02887  1.00946e-02
 37  0.04910  4.82808e-02 | 38  0.01384  2.00369e-02 | 39 -0.01039  8.92742e-03
 40 -0.01137  1.84924e-02 | 41 -0.01615  1.93398e-02 | 42 -0.00835  2.15374e-02
 43  0.00418  1.88568e-02 | 44  0.00174  3.99543e-03 | 45  0.00943 -1.52494e-03
 46  0.00527 -1.07175e-02 | 47  0.00447 -8.80665e-03 | 48  0.01188  8.21060e-04
 49 -0.02058 -1.44956e-02 | 50 -0.03887 -2.09547e-02 | 51 -0.03218 -1.91269e-02
 52 -0.01740 -1.37977e-02 | 53 -0.00711 -1.77492e-02 | 54 -0.00720 -2.35967e-02
 55 -0.02017 -3.11592e-02 | 56 -0.02713 -3.92409e-02 | 57 -0.01860 -3.69550e-02
 58 -0.00979 -3.99025e-02 | 59 -0.00055 -3.85887e-02 | 60 -0.02091 -4.77435e-02
 61 -0.01021 -4.24125e-02 | 62 -0.01348 -4.97694e-02 | 63 -0.00684 -5.28532e-02
 64 -0.01773 -6.39021e-02 | 65 -0.01944 -6.50036e-02 | 66 -0.00327 -2.96656e-04
 67 -0.00002 -1.01253e-03 | 68  0.00000  0.00000e+00 | 69 -0.75603 -1.59606e+00
 70  0.22298 -4.09988e-01 | 71  0.09569 -9.95267e-01 | 72  0.19203 -2.61593e-01
 73  0.10247  6.78319e-03 | 74  0.06637  7.80272e-02 | 75  0.18221  4.42752e+03
 76  0.06736  4.12796e+03 | 77  0.16584 -9.96149e-01 | 78 -0.41516 -4.41049e-02
 79 -0.17709 -1.92505e-01 | 80  0.15759  3.82575e-02 | 81  0.06419  1.54291e-02
 82  0.12969 -3.78577e-02 | 83  0.00000 -7.54605e-31 | 84  0.03698  1.15713e-02
 85 -0.05808  2.70495e-02 | 86 -0.23365  1.13740e-05 | 87  0.10529 -2.05831e-02
 88  0.69491  4.93134e-03 | 89 -0.13950  1.76096e-02 | 90  0.10247  1.24165e-02
 91 -0.64903  1.12470e-03 |
91 variables; iteration 280; function evaluation 369; phase 4
Function value 2.5684137e+02; maximum gradient component mag 6.1535e+03
Var    Value     Gradient |Var    Value     Gradient |Var    Value     Gradient
  1  0.04904 -5.61610e+00 |  2 -0.01329 -1.84146e+00 |  3 -0.02725 -1.42179e-02
  4 -0.02426 -1.84655e-02 |  5 -0.01695 -1.96639e-02 |  6 -0.01574 -1.95313e-02
  7 -0.01589 -1.80535e-02 |  8 -0.00394 -1.64809e-02 |  9  0.00061 -1.81397e-02
 10  0.00238 -2.52826e-02 | 11  0.00062 -3.69128e-02 | 12 -0.01031 -3.77972e-02
 13 -0.01445  7.94797e-03 | 14 -0.01250  5.71416e-03 | 15 -0.01608  2.76536e-03
 16 -0.01251 -2.47494e-03 | 17 -0.00095 -1.35657e-03 | 18  0.00684  3.03694e-03
 19  0.01131 -2.57918e-03 | 20 -0.00015 -1.00239e-02 | 21 -0.01539 -1.22214e-02
 22 -0.01473 -7.98149e-03 | 23 -0.01352  1.93364e-05 | 24 -0.02366  1.67719e-03
 25 -0.00536 -2.03890e-02 | 26  0.03038 -3.55148e-02 | 27  0.02022 -2.17049e-02
 28  0.03093  1.03843e-03 | 29  0.02753 -1.54853e-02 | 30  0.01873  6.94899e-03
 31  0.04365 -2.18974e-02 | 32  0.08320 -1.55784e-02 | 33  0.01270 -1.99965e-04
 34  0.02224  9.28243e-03 | 35  0.02752 -5.75547e-03 | 36  0.02886 -7.70538e-03
 37  0.04912 -3.77516e-03 | 38  0.01382 -2.39401e-02 | 39 -0.01039 -4.04197e-03
 40 -0.01138 -2.12350e-02 | 41 -0.01615 -7.21231e-03 | 42 -0.00834  8.25674e-04
 43  0.00417 -5.17558e-03 | 44  0.00174  1.69510e-03 | 45  0.00942 -7.86681e-03
 46  0.00527  4.99268e-03 | 47  0.00447  9.74688e-03 | 48  0.01188  5.66007e-03
 49 -0.02058  2.14193e-03 | 50 -0.03887  5.44424e-03 | 51 -0.03218  1.00425e-02
 52 -0.01740  7.55708e-03 | 53 -0.00711  1.25327e-02 | 54 -0.00720  1.54399e-02
 55 -0.02016  2.07776e-02 | 56 -0.02713  1.57529e-02 | 57 -0.01859  1.69922e-02
 58 -0.00978  1.69157e-02 | 59 -0.00055  2.12647e-02 | 60 -0.02090  2.46064e-02
 61 -0.01021  2.30717e-02 | 62 -0.01348  2.18706e-02 | 63 -0.00684  2.09680e-02
 64 -0.01773  2.80645e-02 | 65 -0.01944  3.58969e-02 | 66 -0.00327  8.74971e-04
 67 -0.00002 -9.07462e-04 | 68  0.00000  0.00000e+00 | 69 -0.75601 -1.79457e+00
 70  0.22304 -3.75039e+00 | 71  0.09548 -7.37808e+00 | 72  0.19204  3.33279e-02
 73  0.02995  8.30240e-03 | 74  0.06637  3.65278e-02 | 75  0.18231  6.15351e+03
 76  0.06725  5.71758e+03 | 77  0.16587 -1.03993e+00 | 78 -0.43878 -4.75551e-02
 79 -0.17704 -2.03344e-01 | 80  0.15761  4.07316e-02 | 81  0.06417  9.16172e-03
 82  0.12969 -4.04035e-02 | 83  0.00000 -7.77123e-31 | 84  0.03698  6.64541e-03
 85 -0.05808 -2.07457e-02 | 86 -0.23396 -4.09260e-06 | 87  0.10529  2.19567e-03
 88  0.69490 -4.73743e-03 | 89 -0.13949 -1.14523e-02 | 90  0.10247 -1.57695e-02
 91 -0.64905 -1.01934e-02 |
91 variables; iteration 300; function evaluation 393; phase 4
Function value 2.5684126e+02; maximum gradient component mag 4.0265e+03
Var    Value     Gradient |Var    Value     Gradient |Var    Value     Gradient
  1  0.04904  3.11437e+00 |  2 -0.01329 -1.03839e+00 |  3 -0.02725  3.69077e-02
  4 -0.02425  4.77822e-02 |  5 -0.01695  5.72477e-02 |  6 -0.01574  6.27861e-02
  7 -0.01589  6.62243e-02 |  8 -0.00394  7.96487e-02 |  9  0.00061  8.59643e-02
 10  0.00237  9.16866e-02 | 11  0.00063  1.01015e-01 | 12 -0.01031  9.63616e-02
 13 -0.01445  1.39980e-02 | 14 -0.01251  1.44359e-02 | 15 -0.01608  7.58539e-03
 16 -0.01250  3.84712e-03 | 17 -0.00094  1.20110e-02 | 18  0.00684  2.49604e-02
 19  0.01131  4.34871e-02 | 20 -0.00016  4.33913e-02 | 21 -0.01538  2.85178e-02
 22 -0.01473  2.25839e-02 | 23 -0.01353  2.02392e-02 | 24 -0.02366  1.32595e-02
 25 -0.00535  4.06070e-02 | 26  0.03038  9.07786e-02 | 27  0.02023  5.59549e-02
 28  0.03092  4.19595e-02 | 29  0.02754  1.88562e-02 | 30  0.01871 -3.16230e-03
 31  0.04368  1.36420e-02 | 32  0.08318  6.71722e-02 | 33  0.01271 -7.99053e-03
 34  0.02223  2.96660e-03 | 35  0.02752  8.54584e-03 | 36  0.02887  1.16536e-02
 37  0.04910  5.62511e-02 | 38  0.01384  2.36545e-02 | 39 -0.01040  9.88166e-03
 40 -0.01137  2.11546e-02 | 41 -0.01615  2.22249e-02 | 42 -0.00835  2.64938e-02
 43  0.00417  2.22168e-02 | 44  0.00174  3.03978e-03 | 45  0.00943 -1.94336e-03
 46  0.00527 -1.10729e-02 | 47  0.00447 -1.11810e-02 | 48  0.01188  1.27481e-03
 49 -0.02058 -1.77295e-02 | 50 -0.03887 -2.64433e-02 | 51 -0.03218 -2.32234e-02
 52 -0.01740 -1.74806e-02 | 53 -0.00711 -2.08671e-02 | 54 -0.00720 -2.80771e-02
 55 -0.02017 -3.94569e-02 | 56 -0.02713 -4.82850e-02 | 57 -0.01860 -4.72046e-02
 58 -0.00978 -4.83194e-02 | 59 -0.00055 -4.85735e-02 | 60 -0.02090 -5.73607e-02
 61 -0.01021 -5.29116e-02 | 62 -0.01348 -5.89023e-02 | 63 -0.00684 -6.46540e-02
 64 -0.01773 -7.68263e-02 | 65 -0.01944 -8.08943e-02 | 66 -0.00327 -2.62067e-04
 67 -0.00002 -5.27140e-04 | 68  0.00000  0.00000e+00 | 69 -0.75598 -1.06010e+00
 70  0.22302 -8.70501e+00 | 71  0.09544 -1.73380e+01 | 72  0.19204 -3.15949e-01
 73 -0.03715  7.35809e-03 | 74  0.06638  8.87449e-02 | 75  0.18238  4.02648e+03
 76  0.06718  3.73331e+03 | 77  0.16590 -6.80712e-01 | 78 -0.45574 -2.73021e-02
 79 -0.17709 -1.25977e-01 | 80  0.15759  5.31222e-02 | 81  0.06419  2.58818e-02
 82  0.12969 -5.06480e-02 | 83  0.00000 -7.16385e-31 | 84  0.03698  1.42045e-02
 85 -0.05808  3.05090e-02 | 86 -0.23376  6.67485e-06 | 87  0.10529 -2.45475e-02
 88  0.69490  5.59239e-03 | 89 -0.13949  2.10709e-02 | 90  0.10247  1.39527e-02
 91 -0.64903 -2.88505e-03 |
91 variables; iteration 320; function evaluation 421; phase 4
Function value 2.5684119e+02; maximum gradient component mag 5.8649e+03
Var    Value     Gradient |Var    Value     Gradient |Var    Value     Gradient
  1  0.04904 -4.67989e+00 |  2 -0.01329 -1.34441e+00 |  3 -0.02724 -1.12251e-02
  4 -0.02426 -2.05575e-02 |  5 -0.01695 -2.06736e-02 |  6 -0.01574 -2.35928e-02
  7 -0.01589 -2.25886e-02 |  8 -0.00394 -2.95247e-02 |  9  0.00061 -3.20601e-02
 10  0.00238 -3.31734e-02 | 11  0.00063 -3.73887e-02 | 12 -0.01031 -3.60167e-02
 13 -0.01445 -4.34186e-03 | 14 -0.01250 -2.52872e-03 | 15 -0.01609 -3.47068e-03
 16 -0.01250  5.45146e-04 | 17 -0.00094 -2.33301e-03 | 18  0.00684 -5.76381e-03
 19  0.01131 -1.26515e-02 | 20 -0.00016 -1.27421e-02 | 21 -0.01539 -9.28513e-03
 22 -0.01473 -7.28156e-03 | 23 -0.01352 -5.47789e-03 | 24 -0.02366 -3.18094e-03
 25 -0.00535 -1.73261e-02 | 26  0.03038 -3.68525e-02 | 27  0.02024 -1.45678e-02
 28  0.03091 -1.45027e-02 | 29  0.02754 -7.40526e-03 | 30  0.01871 -6.91839e-04
 31  0.04368 -5.38531e-03 | 32  0.08318 -2.64210e-02 | 33  0.01271  2.82571e-03
 34  0.02222 -3.55616e-03 | 35  0.02752 -3.17463e-03 | 36  0.02887 -3.96596e-03
 37  0.04910 -2.29294e-02 | 38  0.01384 -1.01228e-02 | 39 -0.01040 -5.37013e-03
 40 -0.01137 -8.96484e-03 | 41 -0.01615 -8.78614e-03 | 42 -0.00835 -7.10163e-03
 43  0.00417 -5.16250e-03 | 44  0.00174 -1.36011e-03 | 45  0.00943  6.75008e-04
 46  0.00527  6.21903e-03 | 47  0.00447  2.28370e-03 | 48  0.01188 -1.43376e-03
 49 -0.02058  5.84892e-03 | 50 -0.03887  5.80110e-03 | 51 -0.03218  7.75019e-03
 52 -0.01740  3.29471e-03 | 53 -0.00711  6.98233e-03 | 54 -0.00720  1.08554e-02
 55 -0.02017  1.31347e-02 | 56 -0.02713  1.81636e-02 | 57 -0.01860  1.56219e-02
 58 -0.00978  1.83995e-02 | 59 -0.00055  1.45687e-02 | 60 -0.02090  2.31021e-02
 61 -0.01021  1.92527e-02 | 62 -0.01348  2.49530e-02 | 63 -0.00684  2.37883e-02
 64 -0.01773  3.07758e-02 | 65 -0.01944  2.98906e-02 | 66 -0.00327 -1.64059e-04
 67 -0.00002  1.52339e-03 | 68  0.00000  0.00000e+00 | 69 -0.75597 -1.29545e+00
 70  0.22303 -7.68789e+00 | 71  0.09542 -1.50073e+01 | 72  0.19204  1.24118e-01
 73 -0.08605  3.02339e-03 | 74  0.06633 -2.93553e-02 | 75  0.18243  5.86492e+03
 76  0.06712  5.42700e+03 | 77  0.16591 -7.60523e-01 | 78 -0.46922 -3.39114e-02
 79 -0.17713 -1.73824e-01 | 80  0.15760  2.59421e-02 | 81  0.06418  2.15089e-02
 82  0.12969  7.68559e-04 | 83  0.00000 -7.32634e-31 | 84  0.03698 -2.94184e-03
 85 -0.05808 -1.65537e-02 | 86 -0.23363  1.02740e-05 | 87  0.10529  1.15168e-02
 88  0.69490 -2.87851e-03 | 89 -0.13949 -8.05804e-03 | 90  0.10247 -5.91232e-03
 91 -0.64904 -1.08678e-03 |
91 variables; iteration 340; function evaluation 445; phase 4
Function value 2.5684112e+02; maximum gradient component mag 6.1358e+03
Var    Value     Gradient |Var    Value     Gradient |Var    Value     Gradient
  1  0.04904 -3.59798e+00 |  2 -0.01329 -1.25024e+00 |  3 -0.02725 -8.50922e-03
  4 -0.02426 -1.19835e-02 |  5 -0.01696 -1.38416e-02 |  6 -0.01575 -1.48816e-02
  7 -0.01590 -1.48860e-02 |  8 -0.00395 -1.82357e-02 |  9  0.00060 -1.99277e-02
 10  0.00237 -2.14201e-02 | 11  0.00062 -2.37042e-02 | 12 -0.01031 -2.28530e-02
 13 -0.01445 -5.15599e-03 | 14 -0.01251 -4.55216e-03 | 15 -0.01609 -4.00310e-03
 16 -0.01250 -2.73885e-03 | 17 -0.00095 -3.70232e-03 | 18  0.00684 -5.43941e-03
 19  0.01131 -9.67226e-03 | 20 -0.00016 -9.91961e-03 | 21 -0.01539 -7.02089e-03
 22 -0.01473 -4.95490e-03 | 23 -0.01352 -3.87957e-03 | 24 -0.02366 -2.66832e-03
 25 -0.00535 -9.95797e-03 | 26  0.03038 -1.94568e-02 | 27  0.02024 -9.01972e-03
 28  0.03091 -7.67653e-03 | 29  0.02754 -3.78430e-03 | 30  0.01871 -5.39232e-05
 31  0.04368 -3.30338e-03 | 32  0.08318 -1.30795e-02 | 33  0.01271  1.06054e-03
 34  0.02222 -1.05151e-03 | 35  0.02752 -2.22932e-03 | 36  0.02887 -2.07710e-03
 37  0.04910 -1.12705e-02 | 38  0.01383 -5.43733e-03 | 39 -0.01040 -3.15028e-03
 40 -0.01137 -4.52628e-03 | 41 -0.01615 -3.63888e-03 | 42 -0.00835 -2.18643e-03
 43  0.00417 -2.36990e-03 | 44  0.00174  1.51881e-03 | 45  0.00943  1.06921e-03
 46  0.00527  2.81978e-03 | 47  0.00447  2.93832e-03 | 48  0.01188  6.67923e-04
 49 -0.02058  3.87197e-03 | 50 -0.03887  4.31483e-03 | 51 -0.03218  5.10704e-03
 52 -0.01740  3.66711e-03 | 53 -0.00711  4.98361e-03 | 54 -0.00720  7.17135e-03
 55 -0.02017  8.55516e-03 | 56 -0.02713  9.99149e-03 | 57 -0.01859  1.01629e-02
 58 -0.00978  1.03154e-02 | 59 -0.00055  9.76095e-03 | 60 -0.02090  1.24067e-02
 61 -0.01021  1.14956e-02 | 62 -0.01348  1.36466e-02 | 63 -0.00684  1.33624e-02
 64 -0.01773  1.63917e-02 | 65 -0.01944  1.66770e-02 | 66 -0.00327 -1.51279e-04
 67 -0.00002  1.87344e-04 | 68  0.00000  0.00000e+00 | 69 -0.75595 -1.21016e+00
 70  0.22304  4.48736e+00 | 71  0.09541  8.84683e+00 | 72  0.19204  6.27867e-02
 73 -0.13074 -1.81796e-03 | 74  0.06637 -1.38880e-02 | 75  0.18249  6.13583e+03
 76  0.06705  5.66641e+03 | 77  0.16593 -7.11006e-01 | 78 -0.48303 -3.11530e-02
 79 -0.17711 -1.56395e-01 | 80  0.15760  1.25557e-02 | 81  0.06419  1.44182e-02
 82  0.12969  4.59251e-03 | 83  0.00000 -7.58352e-31 | 84  0.03698 -2.30857e-03
 85 -0.05808 -7.58143e-03 | 86 -0.23379  3.95710e-06 | 87  0.10529  5.11763e-03
 88  0.69490 -1.25857e-03 | 89 -0.13949 -4.07075e-03 | 90  0.10248 -3.38186e-03
 91 -0.64903 -3.15617e-04 |
91 variables; iteration 360; function evaluation 468; phase 4
Function value 2.5684105e+02; maximum gradient component mag 8.8701e+03
Var    Value     Gradient |Var    Value     Gradient |Var    Value     Gradient
  1  0.04904 -4.13949e+00 |  2 -0.01329 -1.56940e+00 |  3 -0.02725 -1.00999e-02
  4 -0.02426 -9.56758e-03 |  5 -0.01696 -1.36004e-02 |  6 -0.01575 -1.40547e-02
  7 -0.01590 -1.56919e-02 |  8 -0.00395 -1.80329e-02 |  9  0.00060 -1.97679e-02
 10  0.00237 -2.22058e-02 | 11  0.00062 -2.38673e-02 | 12 -0.01031 -2.18601e-02
 13 -0.01445 -6.05707e-03 | 14 -0.01251 -7.09761e-03 | 15 -0.01609 -4.37675e-03
 16 -0.01250 -5.04764e-03 | 17 -0.00095 -5.80557e-03 | 18  0.00684 -8.03715e-03
 19  0.01131 -1.25137e-02 | 20 -0.00016 -1.29201e-02 | 21 -0.01539 -8.30883e-03
 22 -0.01472 -5.45952e-03 | 23 -0.01352 -5.33124e-03 | 24 -0.02367 -4.28942e-03
 25 -0.00536 -8.42216e-03 | 26  0.03039 -1.57985e-02 | 27  0.02023 -1.20023e-02
 28  0.03092 -7.13228e-03 | 29  0.02754 -3.25322e-03 | 30  0.01871  1.33193e-03
 31  0.04368 -2.61459e-03 | 32  0.08318 -1.08245e-02 | 33  0.01271  1.62511e-03
 34  0.02222  1.15755e-03 | 35  0.02752 -1.46128e-03 | 36  0.02887 -2.09842e-03
 37  0.04910 -8.85698e-03 | 38  0.01383 -4.81565e-03 | 39 -0.01040 -1.94667e-03
 40 -0.01137 -3.39997e-03 | 41 -0.01615 -1.84324e-03 | 42 -0.00835 -2.51919e-03
 43  0.00417 -2.45728e-03 | 44  0.00174  1.91675e-03 | 45  0.00943  9.18478e-04
 46  0.00527  1.32548e-03 | 47  0.00447  3.92068e-03 | 48  0.01188  1.12889e-03
 49 -0.02058  3.62598e-03 | 50 -0.03887  6.68128e-03 | 51 -0.03218  5.03869e-03
 52 -0.01740  5.01752e-03 | 53 -0.00711  4.61338e-03 | 54 -0.00720  5.63755e-03
 55 -0.02017  8.89899e-03 | 56 -0.02713  9.15643e-03 | 57 -0.01859  1.07246e-02
 58 -0.00978  9.32129e-03 | 59 -0.00055  1.14286e-02 | 60 -0.02090  1.01981e-02
 61 -0.01021  1.12149e-02 | 62 -0.01348  1.05194e-02 | 63 -0.00683  1.29074e-02
 64 -0.01773  1.35367e-02 | 65 -0.01944  1.55294e-02 | 66 -0.00327 -8.51815e-06
 67 -0.00002 -6.57423e-04 | 68  0.00000  0.00000e+00 | 69 -0.75594 -1.51938e+00
 70  0.22302  1.10329e+01 | 71  0.09542  2.17064e+01 | 72  0.19204  4.92241e-02
 73 -0.16013 -2.78836e-03 | 74  0.06638 -1.19501e-02 | 75  0.18255  8.87010e+03
 76  0.06699  8.17438e+03 | 77  0.16595 -8.97632e-01 | 78 -0.49559 -3.89498e-02
 79 -0.17709 -1.87406e-01 | 80  0.15760 -1.17191e-03 | 81  0.06419  7.23967e-03
 82  0.12969  1.21547e-02 | 83  0.00000 -7.84471e-31 | 84  0.03698 -2.97880e-03
 85 -0.05807 -3.08720e-03 | 86 -0.23380  3.91027e-06 | 87  0.10529  2.47085e-03
 88  0.69490 -4.22961e-04 | 89 -0.13949 -3.03937e-03 | 90  0.10248 -1.58238e-03
 91 -0.64903  1.24919e-03 |
91 variables; iteration 380; function evaluation 494; phase 4
Function value 2.5684096e+02; maximum gradient component mag 1.0026e+04
Var    Value     Gradient |Var    Value     Gradient |Var    Value     Gradient
  1  0.04904 -4.77058e+00 |  2 -0.01329 -1.64226e+00 |  3 -0.02725 -1.17436e-02
  4 -0.02426 -1.44793e-02 |  5 -0.01696 -1.75865e-02 |  6 -0.01575 -1.90527e-02
  7 -0.01590 -2.01313e-02 |  8 -0.00395 -2.39054e-02 |  9  0.00060 -2.58532e-02
 10  0.00237 -2.78913e-02 | 11  0.00062 -3.07879e-02 | 12 -0.01031 -2.92070e-02
 13 -0.01446 -5.43376e-03 | 14 -0.01251 -5.61706e-03 | 15 -0.01609 -3.33883e-03
 16 -0.01250 -2.35805e-03 | 17 -0.00095 -4.42282e-03 | 18  0.00684 -7.98006e-03
 19  0.01131 -1.37435e-02 | 20 -0.00016 -1.39339e-02 | 21 -0.01539 -8.99386e-03
 22 -0.01472 -6.33797e-03 | 23 -0.01352 -5.49832e-03 | 24 -0.02367 -3.79488e-03
 25 -0.00536 -1.10834e-02 | 26  0.03039 -2.42052e-02 | 27  0.02024 -1.46129e-02
 28  0.03091 -1.06110e-02 | 29  0.02754 -4.59188e-03 | 30  0.01871  1.41618e-03
 31  0.04368 -3.50702e-03 | 32  0.08318 -1.86674e-02 | 33  0.01271  2.33776e-03
 34  0.02222 -5.52113e-04 | 35  0.02752 -2.06515e-03 | 36  0.02887 -3.19717e-03
 37  0.04910 -1.67340e-02 | 38  0.01383 -8.02138e-03 | 39 -0.01040 -4.02981e-03
 40 -0.01137 -6.14794e-03 | 41 -0.01614 -5.11316e-03 | 42 -0.00835 -5.62158e-03
 43  0.00417 -4.64626e-03 | 44  0.00174 -9.97557e-05 | 45  0.00943  3.33620e-04
 46  0.00527  2.34698e-03 | 47  0.00447  2.90997e-03 | 48  0.01188 -6.45290e-04
 49 -0.02058  4.87816e-03 | 50 -0.03887  7.69727e-03 | 51 -0.03218  6.61861e-03
 52 -0.01740  5.09362e-03 | 53 -0.00711  5.86834e-03 | 54 -0.00720  7.99101e-03
 55 -0.02017  1.14354e-02 | 56 -0.02712  1.38019e-02 | 57 -0.01859  1.38485e-02
 58 -0.00978  1.40346e-02 | 59 -0.00055  1.44661e-02 | 60 -0.02090  1.64048e-02
 61 -0.01021  1.52514e-02 | 62 -0.01348  1.66776e-02 | 63 -0.00683  1.86137e-02
 64 -0.01773  2.18965e-02 | 65 -0.01944  2.30664e-02 | 66 -0.00327  8.18031e-05
 67 -0.00002  2.17233e-05 | 68  0.00000  0.00000e+00 | 69 -0.75592 -1.58721e+00
 70  0.22304  2.53889e+00 | 71  0.09541  5.04278e+00 | 72  0.19204  8.04969e-02
 73 -0.16335 -1.26571e-03 | 74  0.06636 -1.99607e-02 | 75  0.18261  1.00263e+04
 76  0.06693  9.22316e+03 | 77  0.16597 -9.32695e-01 | 78 -0.50466 -4.01488e-02
 79 -0.17709 -1.98449e-01 | 80  0.15760 -1.39201e-02 | 81  0.06418 -5.69609e-03
 82  0.12969  1.42424e-02 | 83  0.00000 -8.31474e-31 | 84  0.03698 -4.27373e-03
 85 -0.05807 -8.20808e-03 | 86 -0.23391 -1.02765e-06 | 87  0.10529  6.51667e-03
 88  0.69489 -1.49015e-03 | 89 -0.13949 -6.06351e-03 | 90  0.10248 -3.91958e-03
 91 -0.64903  9.35675e-04 |
91 variables; iteration 400; function evaluation 520; phase 4
Function value 2.5684083e+02; maximum gradient component mag -4.5845e+02
Var    Value     Gradient |Var    Value     Gradient |Var    Value     Gradient
  1  0.04904  2.20126e+00 |  2 -0.01329 -3.49433e-02 |  3 -0.02725  1.79633e-02
  4 -0.02426  2.12911e-02 |  5 -0.01696  2.66579e-02 |  6 -0.01575  2.86206e-02
  7 -0.01590  3.06326e-02 |  8 -0.00395  3.65132e-02 |  9  0.00060  3.96059e-02
 10  0.00236  4.26851e-02 | 11  0.00062  4.66922e-02 | 12 -0.01031  4.43549e-02
 13 -0.01446  8.21893e-03 | 14 -0.01251  8.82929e-03 | 15 -0.01609  5.16366e-03
 16 -0.01251  4.26595e-03 | 17 -0.00095  7.35671e-03 | 18  0.00684  1.26467e-02
 19  0.01131  2.10923e-02 | 20 -0.00016  2.11995e-02 | 21 -0.01539  1.40377e-02
 22 -0.01472  1.07909e-02 | 23 -0.01352  9.96107e-03 | 24 -0.02367  6.93008e-03
 25 -0.00536  1.84907e-02 | 26  0.03039  3.93791e-02 | 27  0.02024  2.49465e-02
 28  0.03091  1.78279e-02 | 29  0.02754  8.01029e-03 | 30  0.01871 -1.39773e-03
 31  0.04368  5.81447e-03 | 32  0.08318  2.81305e-02 | 33  0.01271 -3.72538e-03
 34  0.02222  4.12444e-04 | 35  0.02752  3.56704e-03 | 36  0.02887  4.87723e-03
 37  0.04910  2.31487e-02 | 38  0.01383  9.91554e-03 | 39 -0.01040  4.22250e-03
 40 -0.01137  9.02450e-03 | 41 -0.01614  8.63945e-03 | 42 -0.00835  1.01481e-02
 43  0.00417  9.09798e-03 | 44  0.00174 -1.24240e-04 | 45  0.00943 -1.39643e-03
 46  0.00527 -4.83628e-03 | 47  0.00447 -6.31985e-03 | 48  0.01188 -6.05337e-04
 49 -0.02058 -7.88262e-03 | 50 -0.03887 -1.23891e-02 | 51 -0.03218 -1.05196e-02
 52 -0.01740 -8.69148e-03 | 53 -0.00711 -9.80347e-03 | 54 -0.00720 -1.28555e-02
 55 -0.02017 -1.80540e-02 | 56 -0.02712 -2.09302e-02 | 57 -0.01859 -2.14978e-02
 58 -0.00978 -2.10392e-02 | 59 -0.00055 -2.22887e-02 | 60 -0.02090 -2.46479e-02
 61 -0.01020 -2.38117e-02 | 62 -0.01348 -2.57178e-02 | 63 -0.00683 -2.85793e-02
 64 -0.01773 -3.30057e-02 | 65 -0.01945 -3.52893e-02 | 66 -0.00327 -8.36922e-05
 67 -0.00002  2.18018e-04 | 68  0.00000  0.00000e+00 | 69 -0.75590 -5.63906e-02
 70  0.22308 -2.06966e+01 | 71  0.09539 -4.07108e+01 | 72  0.19205 -1.33945e-01
 73 -0.12478  5.12244e-03 | 74  0.06636  3.78693e-02 | 75  0.18266 -4.58455e+02
 76  0.06687 -4.18935e+02 | 77  0.16598 -5.51694e-02 | 78 -0.51122 -1.68129e-03
 79 -0.17710 -4.44887e-03 | 80  0.15761  1.48284e-02 | 81  0.06417  9.46548e-04
 82  0.12969 -2.36148e-02 | 83  0.00000 -8.06955e-31 | 84  0.03698  6.44377e-03
 85 -0.05807  1.22068e-02 | 86 -0.23393 -1.05855e-06 | 87  0.10529 -9.29940e-03
 88  0.69489  2.18635e-03 | 89 -0.13948  8.62251e-03 | 90  0.10248  5.63404e-03
 91 -0.64903 -1.41125e-03 |
91 variables; iteration 420; function evaluation 545; phase 4
Function value 2.5684072e+02; maximum gradient component mag 1.5192e+03
Var    Value     Gradient |Var    Value     Gradient |Var    Value     Gradient
  1  0.04904  7.80227e+00 |  2 -0.01329 -3.18799e-01 |  3 -0.02726  6.54216e-02
  4 -0.02427  7.79184e-02 |  5 -0.01696  9.78561e-02 |  6 -0.01575  1.05327e-01
  7 -0.01590  1.12946e-01 |  8 -0.00396  1.33358e-01 |  9  0.00059  1.44428e-01
 10  0.00236  1.55955e-01 | 11  0.00061  1.70568e-01 | 12 -0.01031  1.61990e-01
 13 -0.01446  2.79273e-02 | 14 -0.01251  3.02408e-02 | 15 -0.01609  1.63849e-02
 16 -0.01251  1.28460e-02 | 17 -0.00095  2.49972e-02 | 18  0.00684  4.60608e-02
 19  0.01131  7.72418e-02 | 20 -0.00016  7.74863e-02 | 21 -0.01539  5.07263e-02
 22 -0.01472  3.85737e-02 | 23 -0.01352  3.47964e-02 | 24 -0.02367  2.38458e-02
 25 -0.00536  6.64072e-02 | 26  0.03039  1.44665e-01 | 27  0.02024  9.37054e-02
 28  0.03091  6.70104e-02 | 29  0.02754  2.98442e-02 | 30  0.01871 -6.33863e-03
 31  0.04368  2.23803e-02 | 32  0.08318  1.05682e-01 | 33  0.01271 -1.25982e-02
 34  0.02222  2.04293e-03 | 35  0.02752  1.44648e-02 | 36  0.02887  1.84250e-02
 37  0.04910  8.84085e-02 | 38  0.01383  3.80659e-02 | 39 -0.01040  1.65776e-02
 40 -0.01137  3.34751e-02 | 41 -0.01614  3.35346e-02 | 42 -0.00834  4.03999e-02
 43  0.00417  3.57885e-02 | 44  0.00174  9.30669e-04 | 45  0.00943 -3.84138e-03
 46  0.00527 -1.57797e-02 | 47  0.00447 -2.13126e-02 | 48  0.01188 -3.67001e-04
 49 -0.02058 -2.96402e-02 | 50 -0.03887 -4.58373e-02 | 51 -0.03218 -3.89525e-02
 52 -0.01740 -3.19336e-02 | 53 -0.00711 -3.52939e-02 | 54 -0.00720 -4.70286e-02
 55 -0.02016 -6.66932e-02 | 56 -0.02712 -7.81806e-02 | 57 -0.01859 -8.00688e-02
 58 -0.00978 -7.86283e-02 | 59 -0.00055 -8.30211e-02 | 60 -0.02090 -9.18269e-02
 61 -0.01020 -8.75908e-02 | 62 -0.01348 -9.45475e-02 | 63 -0.00683 -1.05720e-01
 64 -0.01773 -1.23107e-01 | 65 -0.01945 -1.32202e-01 | 66 -0.00327 -3.84510e-04
 67 -0.00002  7.54080e-04 | 68  0.00000  0.00000e+00 | 69 -0.75589 -3.90506e-01
 70  0.22312 -2.12030e+01 | 71  0.09538 -4.20157e+01 | 72  0.19206 -4.97209e-01
 73 -0.05488  1.41606e-02 | 74  0.06638  1.40120e-01 | 75  0.18271  1.51925e+03
 76  0.06682  1.39442e+03 | 77  0.16600 -3.18975e-01 | 78 -0.51270 -8.43686e-03
 79 -0.17711 -4.23632e-02 | 80  0.15761  7.40919e-02 | 81  0.06417  2.23794e-02
 82  0.12969 -9.01442e-02 | 83  0.00000 -7.28434e-31 | 84  0.03698  2.45551e-02
 85 -0.05807  4.46724e-02 | 86 -0.23389  1.76507e-06 | 87  0.10529 -3.62657e-02
 88  0.69488  8.27623e-03 | 89 -0.13948  3.34512e-02 | 90  0.10249  2.12610e-02
 91 -0.64902 -6.41180e-03 |
91 variables; iteration 440; function evaluation 569; phase 4
Function value 2.5684063e+02; maximum gradient component mag 7.1512e+03
Var    Value     Gradient |Var    Value     Gradient |Var    Value     Gradient
  1  0.04904  5.03591e-01 |  2 -0.01329 -1.14921e+00 |  3 -0.02725  2.39529e-02
  4 -0.02426  2.63870e-02 |  5 -0.01696  3.61658e-02 |  6 -0.01575  3.78313e-02
  7 -0.01590  4.09825e-02 |  8 -0.00395  4.61532e-02 |  9  0.00059  5.01935e-02
 10  0.00236  5.55606e-02 | 11  0.00062  5.97514e-02 | 12 -0.01031  5.69188e-02
 13 -0.01446  1.26693e-02 | 14 -0.01251  1.39284e-02 | 15 -0.01609  8.03484e-03
 16 -0.01251  8.23274e-03 | 17 -0.00095  1.13456e-02 | 18  0.00685  1.88794e-02
 19  0.01131  2.96432e-02 | 20 -0.00016  2.99259e-02 | 21 -0.01539  1.97884e-02
 22 -0.01472  1.44627e-02 | 23 -0.01352  1.21524e-02 | 24 -0.02367  8.83422e-03
 25 -0.00536  2.34355e-02 | 26  0.03039  4.84135e-02 | 27  0.02025  3.52074e-02
 28  0.03091  2.42168e-02 | 29  0.02754  1.09379e-02 | 30  0.01871 -2.34458e-03
 31  0.04369  9.75678e-03 | 32  0.08318  3.30784e-02 | 33  0.01271 -1.30550e-03
 34  0.02222 -8.81991e-05 | 35  0.02752  7.55810e-03 | 36  0.02887  5.34222e-03
 37  0.04910  2.63543e-02 | 38  0.01383  1.10586e-02 | 39 -0.01040  5.00911e-03
 40 -0.01137  9.24962e-03 | 41 -0.01614  1.04576e-02 | 42 -0.00834  1.21955e-02
 43  0.00417  1.30064e-02 | 44  0.00174 -4.17588e-03 | 45  0.00943 -2.99603e-03
 46  0.00527 -3.92017e-03 | 47  0.00447 -1.00480e-02 | 48  0.01188 -3.14376e-03
 49 -0.02058 -1.24337e-02 | 50 -0.03887 -1.64293e-02 | 51 -0.03218 -1.49093e-02
 52 -0.01740 -1.42664e-02 | 53 -0.00711 -1.38517e-02 | 54 -0.00720 -1.86297e-02
 55 -0.02017 -2.45747e-02 | 56 -0.02712 -2.63075e-02 | 57 -0.01859 -2.97834e-02
 58 -0.00978 -2.68448e-02 | 59 -0.00055 -3.01308e-02 | 60 -0.02090 -3.00979e-02
 61 -0.01020 -3.01267e-02 | 62 -0.01348 -3.13444e-02 | 63 -0.00683 -3.46805e-02
 64 -0.01773 -4.01253e-02 | 65 -0.01945 -4.48902e-02 | 66 -0.00327  1.17325e-04
 67 -0.00002  1.28432e-03 | 68  0.00000  0.00000e+00 | 69 -0.75588 -1.14481e+00
 70  0.22308 -6.59736e+00 | 71  0.09545 -1.31212e+01 | 72  0.19205 -1.63777e-01
 73  0.01786  1.21503e-02 | 74  0.06634  4.63473e-02 | 75  0.18274  7.15121e+03
 76  0.06678  6.54896e+03 | 77  0.16601 -7.21375e-01 | 78 -0.50898 -2.84961e-02
 79 -0.17710 -1.41095e-01 | 80  0.15761  2.89549e-02 | 81  0.06417  6.92029e-03
 82  0.12969 -3.62537e-02 | 83  0.00000 -7.85119e-31 | 84  0.03698  9.23123e-03
 85 -0.05807  1.20466e-02 | 86 -0.23378  5.23653e-06 | 87  0.10529 -1.16829e-02
 88  0.69489  2.39452e-03 | 89 -0.13948  1.10563e-02 | 90  0.10248  8.20846e-03
 91 -0.64903 -3.12603e-03 |
91 variables; iteration 460; function evaluation 593; phase 4
Function value 2.5684048e+02; maximum gradient component mag 9.6229e+03
Var    Value     Gradient |Var    Value     Gradient |Var    Value     Gradient
  1  0.04904 -3.29220e-01 |  2 -0.01329 -1.75165e+00 |  3 -0.02726  2.20870e-02
  4 -0.02426  2.97712e-02 |  5 -0.01696  3.55413e-02 |  6 -0.01575  3.90289e-02
  7 -0.01590  4.07071e-02 |  8 -0.00395  4.88330e-02 |  9  0.00059  5.26393e-02
 10  0.00236  5.59954e-02 | 11  0.00061  6.16486e-02 | 12 -0.01031  5.93203e-02
 13 -0.01446  9.07413e-03 | 14 -0.01251  8.90311e-03 | 15 -0.01609  5.01147e-03
 16 -0.01251  2.49269e-03 | 17 -0.00095  7.43281e-03 | 18  0.00685  1.54544e-02
 19  0.01131  2.65060e-02 | 20 -0.00017  2.62696e-02 | 21 -0.01539  1.75441e-02
 22 -0.01472  1.43444e-02 | 23 -0.01352  1.24731e-02 | 24 -0.02367  8.12690e-03
 25 -0.00536  2.57140e-02 | 26  0.03039  5.69628e-02 | 27  0.02024  3.49158e-02
 28  0.03091  2.68605e-02 | 29  0.02754  1.21822e-02 | 30  0.01872 -1.40852e-03
 31  0.04368  9.22669e-03 | 32  0.08318  4.11067e-02 | 33  0.01271 -3.80653e-03
 34  0.02222  2.38391e-03 | 35  0.02752  6.21938e-03 | 36  0.02887  6.80818e-03
 37  0.04910  3.37181e-02 | 38  0.01383  1.35323e-02 | 39 -0.01041  5.57333e-03
 40 -0.01137  1.23533e-02 | 41 -0.01614  1.40043e-02 | 42 -0.00834  1.60770e-02
 43  0.00417  1.40824e-02 | 44  0.00174  7.93166e-04 | 45  0.00943 -2.08829e-03
 46  0.00527 -7.33994e-03 | 47  0.00448 -7.61453e-03 | 48  0.01188 -2.52324e-04
 49 -0.02058 -1.18524e-02 | 50 -0.03887 -1.57867e-02 | 51 -0.03218 -1.48135e-02
 52 -0.01740 -1.13812e-02 | 53 -0.00711 -1.36259e-02 | 54 -0.00720 -1.84264e-02
 55 -0.02016 -2.44620e-02 | 56 -0.02712 -2.97062e-02 | 57 -0.01859 -2.92203e-02
 58 -0.00978 -2.98609e-02 | 59 -0.00055 -2.95516e-02 | 60 -0.02090 -3.54168e-02
 61 -0.01020 -3.23811e-02 | 62 -0.01348 -3.67206e-02 | 63 -0.00683 -3.92379e-02
 64 -0.01773 -4.73476e-02 | 65 -0.01945 -4.95956e-02 | 66 -0.00327 -5.66634e-05
 67 -0.00002 -3.61189e-04 | 68  0.00000  0.00000e+00 | 69 -0.75587 -1.73519e+00
 70  0.22306 -9.46664e-01 | 71  0.09558 -2.02281e+00 | 72  0.19204 -1.99033e-01
 73  0.08712  7.04499e-03 | 74  0.06637  5.62202e-02 | 75  0.18280  9.62295e+03
 76  0.06672  8.79606e+03 | 77  0.16603 -1.06880e+00 | 78 -0.49087 -4.39797e-02
 79 -0.17709 -2.11100e-01 | 80  0.15761  3.35928e-02 | 81  0.06418  1.65639e-02
 82  0.12969 -3.18431e-02 | 83  0.00000 -7.50066e-31 | 84  0.03698  8.79534e-03
 85 -0.05807  1.91521e-02 | 86 -0.23371  8.16017e-06 | 87  0.10529 -1.57934e-02
 88  0.69489  3.55448e-03 | 89 -0.13948  1.30546e-02 | 90  0.10249  9.58341e-03
 91 -0.64902 -1.15662e-03 |
91 variables; iteration 480; function evaluation 617; phase 4
Function value 2.5684023e+02; maximum gradient component mag 2.7595e+03
Var    Value     Gradient |Var    Value     Gradient |Var    Value     Gradient
  1  0.04904  3.05194e+00 |  2 -0.01328 -7.49248e-01 |  3 -0.02726  3.40469e-02
  4 -0.02427  4.20374e-02 |  5 -0.01696  5.14093e-02 |  6 -0.01576  5.58862e-02
  7 -0.01591  5.95367e-02 |  8 -0.00396  7.17135e-02 |  9  0.00059  7.75711e-02
 10  0.00236  8.30030e-02 | 11  0.00061  9.09758e-02 | 12 -0.01031  8.63024e-02
 13 -0.01446  1.43939e-02 | 14 -0.01251  1.54327e-02 | 15 -0.01609  8.74663e-03
 16 -0.01251  6.07719e-03 | 17 -0.00095  1.27055e-02 | 18  0.00685  2.36436e-02
 19  0.01131  4.03539e-02 | 20 -0.00017  4.04295e-02 | 21 -0.01539  2.66964e-02
 22 -0.01472  2.08442e-02 | 23 -0.01352  1.92969e-02 | 24 -0.02367  1.30937e-02
 25 -0.00536  3.64660e-02 | 26  0.03039  7.97312e-02 | 27  0.02025  4.97508e-02
 28  0.03091  3.66766e-02 | 29  0.02754  1.62377e-02 | 30  0.01872 -2.60006e-03
 31  0.04368  1.11598e-02 | 32  0.08318  5.77284e-02 | 33  0.01271 -7.86917e-03
 34  0.02222  1.70885e-03 | 35  0.02752  6.61210e-03 | 36  0.02887  9.72313e-03
 37  0.04910  4.72796e-02 | 38  0.01382  1.94209e-02 | 39 -0.01041  7.81444e-03
 40 -0.01137  1.80341e-02 | 41 -0.01614  1.83342e-02 | 42 -0.00834  2.21597e-02
 43  0.00416  1.86502e-02 | 44  0.00175  1.52106e-03 | 45  0.00943 -2.48956e-03
 46  0.00527 -1.01225e-02 | 47  0.00448 -1.12470e-02 | 48  0.01188  5.29040e-05
 49 -0.02058 -1.54446e-02 | 50 -0.03887 -2.41232e-02 | 51 -0.03218 -2.04107e-02
 52 -0.01739 -1.60584e-02 | 53 -0.00711 -1.87491e-02 | 54 -0.00720 -2.47621e-02
 55 -0.02016 -3.51644e-02 | 56 -0.02712 -4.20795e-02 | 57 -0.01859 -4.19203e-02
 58 -0.00978 -4.19725e-02 | 59 -0.00055 -4.32275e-02 | 60 -0.02090 -4.95443e-02
 61 -0.01020 -4.70440e-02 | 62 -0.01348 -5.13779e-02 | 63 -0.00683 -5.70096e-02
 64 -0.01773 -6.64216e-02 | 65 -0.01945 -7.04473e-02 | 66 -0.00327 -2.16799e-04
 67 -0.00002 -8.78910e-05 | 68  0.00000  0.00000e+00 | 69 -0.75585 -7.75239e-01
 70  0.22307  9.16888e-01 | 71  0.09579  1.59405e+00 | 72  0.19205 -2.73719e-01
 73  0.07732  5.63963e-04 | 74  0.06635  7.80280e-02 | 75  0.18286  2.75947e+03
 76  0.06665  2.51806e+03 | 77  0.16605 -5.02315e-01 | 78 -0.45222 -2.02712e-02
 79 -0.17710 -9.06093e-02 | 80  0.15761  3.64487e-02 | 81  0.06417  1.12509e-02
 82  0.12969 -4.48975e-02 | 83  0.00000 -7.69241e-31 | 84  0.03698  1.24781e-02
 85 -0.05807  2.54273e-02 | 86 -0.23386  2.02869e-06 | 87  0.10529 -1.98331e-02
 88  0.69488  4.58919e-03 | 89 -0.13948  1.74157e-02 | 90  0.10249  1.11267e-02
 91 -0.64902 -3.09329e-03 |
91 variables; iteration 500; function evaluation 642; phase 4
Function value 2.5684010e+02; maximum gradient component mag -4.2167e+03
Var    Value     Gradient |Var    Value     Gradient |Var    Value     Gradient
  1  0.04904  8.77511e+00 |  2 -0.01330  1.47575e+00 |  3 -0.02729  5.60658e-03
  4 -0.02425  6.26807e-02 |  5 -0.01698  4.53662e-02 |  6 -0.01575  6.24071e-02
  7 -0.01593  4.77343e-02 |  8 -0.00396  7.12760e-02 |  9  0.00058  7.34283e-02
 10  0.00233  6.65535e-02 | 11  0.00060  8.20075e-02 | 12 -0.01031  8.53879e-02
 13 -0.01445 -6.13455e-03 | 14 -0.01253 -2.08466e-02 | 15 -0.01609 -6.59209e-03
 16 -0.01252 -3.02989e-02 | 17 -0.00095 -1.75182e-02 | 18  0.00685 -3.71846e-03
 19  0.01130  1.17331e-02 | 20 -0.00018  1.05627e-02 | 21 -0.01539  9.07470e-03
 22 -0.01471  1.36790e-02 | 23 -0.01352  3.77714e-03 | 24 -0.02369 -2.17017e-03
 25 -0.00536  4.84273e-02 | 26  0.03042  1.18262e-01 | 27  0.02022  3.15455e-02
 28  0.03093  5.15086e-02 | 29  0.02753  2.58071e-02 | 30  0.01873  6.18331e-03
 31  0.04368  2.00254e-02 | 32  0.08319  9.38432e-02 | 33  0.01270 -1.38239e-03
 34  0.02223  2.46413e-02 | 35  0.02751  1.35667e-02 | 36  0.02885  1.01428e-02
 37  0.04911  8.21617e-02 | 38  0.01382  3.39842e-02 | 39 -0.01041  1.44523e-02
 40 -0.01138  2.44883e-02 | 41 -0.01613  3.27479e-02 | 42 -0.00835  2.14875e-02
 43  0.00415  1.07591e-02 | 44  0.00175  9.57803e-03 | 45  0.00943 -3.00807e-03
 46  0.00526 -2.50344e-02 | 47  0.00450  6.65142e-03 | 48  0.01189  1.41399e-02
 49 -0.02059 -1.96300e-02 | 50 -0.03885 -2.84390e-03 | 51 -0.03218 -2.08096e-02
 52 -0.01739  6.48979e-04 | 53 -0.00711 -1.81606e-02 | 54 -0.00721 -3.12270e-02
 55 -0.02015 -2.85383e-02 | 56 -0.02712 -5.72470e-02 | 57 -0.01857 -3.48002e-02
 58 -0.00979 -5.61293e-02 | 59 -0.00053 -2.56781e-02 | 60 -0.02092 -7.72401e-02
 61 -0.01019 -4.74556e-02 | 62 -0.01349 -8.03959e-02 | 63 -0.00681 -6.52059e-02
 64 -0.01774 -1.02389e-01 | 65 -0.01944 -8.83861e-02 | 66 -0.00327  1.89730e-05
 67 -0.00004 -1.13723e-02 | 68  0.00000  0.00000e+00 | 69 -0.75583  1.40984e+00
 70  0.22308  1.09652e+00 | 71  0.09579  1.89513e+00 | 72  0.19204 -4.18829e-01
 73 -0.04117 -2.03449e-04 | 74  0.06633  6.85351e-02 | 75  0.18289 -4.21674e+03
 76  0.06662 -3.83897e+03 | 77  0.16605  8.53414e-01 | 78 -0.42304  3.42637e-02
 79 -0.17699  2.11297e-01 | 80  0.15754  2.17553e-01 | 81  0.06429  2.32943e-01
 82  0.12966 -1.76925e-02 | 83  0.00000  3.44220e-32 | 84  0.03699  1.07434e-02
 85 -0.05806  7.40278e-02 | 86 -0.23040  1.55983e-04 | 87  0.10529 -6.03861e-02
 88  0.69489  1.33694e-02 | 89 -0.13947  3.21831e-02 | 90  0.10251  4.41033e-02
 91 -0.64899  1.09891e-02 |
91 variables; iteration 520; function evaluation 669; phase 4
Function value 2.5683980e+02; maximum gradient component mag -1.5095e+03
Var    Value     Gradient |Var    Value     Gradient |Var    Value     Gradient
  1  0.04904 -3.90787e-01 |  2 -0.01328  7.54446e-01 |  3 -0.02726 -1.00359e-02
  4 -0.02427 -1.90414e-02 |  5 -0.01697 -1.96723e-02 |  6 -0.01576 -2.27487e-02
  7 -0.01591 -2.20858e-02 |  8 -0.00396 -2.71788e-02 |  9  0.00059 -2.89162e-02
 10  0.00236 -2.96994e-02 | 11  0.00061 -3.36070e-02 | 12 -0.01031 -3.34294e-02
 13 -0.01446 -3.33459e-03 | 14 -0.01251 -1.69310e-03 | 15 -0.01610 -1.52049e-03
 16 -0.01251  2.30282e-03 | 17 -0.00095 -1.20288e-03 | 18  0.00685 -6.15878e-03
 19  0.01131 -1.21952e-02 | 20 -0.00017 -1.16839e-02 | 21 -0.01539 -7.99324e-03
 22 -0.01472 -6.96693e-03 | 23 -0.01352 -4.72342e-03 | 24 -0.02368 -2.24649e-03
 25 -0.00536 -1.48256e-02 | 26  0.03039 -3.46985e-02 | 27  0.02025 -1.68929e-02
 28  0.03091 -1.60806e-02 | 29  0.02754 -7.49822e-03 | 30  0.01872  1.78819e-04
 31  0.04368 -5.91262e-03 | 32  0.08318 -2.63319e-02 | 33  0.01271  1.40415e-03
 34  0.02222 -3.64503e-03 | 35  0.02752 -4.38060e-03 | 36  0.02887 -3.46399e-03
 37  0.04910 -2.27385e-02 | 38  0.01382 -9.15794e-03 | 39 -0.01041 -4.30305e-03
 40 -0.01137 -7.81958e-03 | 41 -0.01614 -9.91138e-03 | 42 -0.00834 -9.48545e-03
 43  0.00416 -7.76962e-03 | 44  0.00175 -1.44019e-03 | 45  0.00943  5.39972e-04
 46  0.00527  4.80797e-03 | 47  0.00447  1.78229e-03 | 48  0.01188 -1.72207e-03
 49 -0.02058  7.13859e-03 | 50 -0.03887  6.46264e-03 | 51 -0.03218  8.30697e-03
 52 -0.01740  4.83256e-03 | 53 -0.00711  7.58013e-03 | 54 -0.00720  1.11436e-02
 55 -0.02017  1.29080e-02 | 56 -0.02712  1.81136e-02 | 57 -0.01859  1.57437e-02
 58 -0.00978  1.83638e-02 | 59 -0.00055  1.48662e-02 | 60 -0.02090  2.25034e-02
 61 -0.01020  1.77597e-02 | 62 -0.01347  2.31827e-02 | 63 -0.00683  2.24631e-02
 64 -0.01773  3.00840e-02 | 65 -0.01945  2.98724e-02 | 66 -0.00327 -2.60358e-05
 67 -0.00002  1.31956e-03 | 68  0.00000  0.00000e+00 | 69 -0.75582  7.50166e-01
 70  0.22308 -2.21130e-01 | 71  0.09560 -3.48070e-01 | 72  0.19205  1.24427e-01
 73  0.09561  2.00518e-03 | 74  0.06635 -3.19789e-02 | 75  0.18297 -1.50952e+03
 76  0.06653 -1.36931e+03 | 77  0.16608  4.65039e-01 | 78 -0.36864  2.18345e-02
 79 -0.17711  8.64095e-02 | 80  0.15762 -3.17773e-02 | 81  0.06415 -2.60976e-02
 82  0.12970  1.62539e-02 | 83  0.00000 -9.05498e-31 | 84  0.03698 -5.16864e-03
 85 -0.05807 -1.48460e-02 | 86 -0.23430 -1.76347e-05 | 87  0.10529  1.27214e-02
 88  0.69488 -3.04450e-03 | 89 -0.13948 -8.99225e-03 | 90  0.10249 -8.49939e-03
 91 -0.64903 -4.59814e-04 |
91 variables; iteration 540; function evaluation 696; phase 4
Function value 2.5683946e+02; maximum gradient component mag -2.0313e+03
Var    Value     Gradient |Var    Value     Gradient |Var    Value     Gradient
  1  0.04904  1.13689e+01 |  2 -0.01328  2.00846e+00 |  3 -0.02726  5.80952e-02
  4 -0.02427  6.84230e-02 |  5 -0.01697  8.51460e-02 |  6 -0.01576  9.16928e-02
  7 -0.01591  9.85812e-02 |  8 -0.00397  1.17099e-01 |  9  0.00058  1.27022e-01
 10  0.00235  1.37135e-01 | 11  0.00060  1.50122e-01 | 12 -0.01031  1.42020e-01
 13 -0.01446  2.49655e-02 | 14 -0.01252  2.72667e-02 | 15 -0.01610  1.50888e-02
 16 -0.01251  1.18051e-02 | 17 -0.00095  2.23315e-02 | 18  0.00685  4.01482e-02
 19  0.01130  6.78938e-02 | 20 -0.00017  6.83840e-02 | 21 -0.01539  4.45428e-02
 22 -0.01472  3.31321e-02 | 23 -0.01352  3.02677e-02 | 24 -0.02368  2.07974e-02
 25 -0.00536  5.68259e-02 | 26  0.03040  1.24100e-01 | 27  0.02025  7.92034e-02
 28  0.03091  5.62169e-02 | 29  0.02753  2.48796e-02 | 30  0.01872 -5.91803e-03
 31  0.04369  1.76993e-02 | 32  0.08318  9.18216e-02 | 33  0.01270 -1.26693e-02
 34  0.02222  1.38636e-03 | 35  0.02752  1.06754e-02 | 36  0.02887  1.63133e-02
 37  0.04910  7.83791e-02 | 38  0.01382  3.45801e-02 | 39 -0.01041  1.54067e-02
 40 -0.01137  2.99568e-02 | 41 -0.01614  2.83748e-02 | 42 -0.00834  3.44345e-02
 43  0.00416  2.92982e-02 | 44  0.00175  2.21135e-03 | 45  0.00943 -2.30970e-03
 46  0.00527 -1.32406e-02 | 47  0.00448 -1.72665e-02 | 48  0.01189  9.75437e-04
 49 -0.02058 -2.46253e-02 | 50 -0.03887 -4.02339e-02 | 51 -0.03218 -3.32446e-02
 52 -0.01739 -2.68514e-02 | 53 -0.00711 -2.99071e-02 | 54 -0.00720 -3.96819e-02
 55 -0.02016 -5.75864e-02 | 56 -0.02711 -6.81198e-02 | 57 -0.01858 -6.91698e-02
 58 -0.00978 -6.85404e-02 | 59 -0.00055 -7.22215e-02 | 60 -0.02090 -7.97529e-02
 61 -0.01020 -7.63928e-02 | 62 -0.01347 -8.19426e-02 | 63 -0.00682 -9.24435e-02
 64 -0.01773 -1.06692e-01 | 65 -0.01945 -1.14277e-01 | 66 -0.00327 -4.12080e-04
 67 -0.00002  4.66677e-04 | 68  0.00000  0.00000e+00 | 69 -0.75578  1.88528e+00
 70  0.22311 -9.72047e+00 | 71  0.09541 -1.94187e+01 | 72  0.19205 -4.22613e-01
 73 -0.00717  1.25717e-02 | 74  0.06639  1.19757e-01 | 75  0.18308 -2.03130e+03
 76  0.06641 -1.83610e+03 | 77  0.16612  1.05474e+00 | 78 -0.31120  6.03725e-02
 79 -0.17710  2.40972e-01 | 80  0.15762  5.93411e-02 | 81  0.06416  1.51414e-02
 82  0.12969 -7.62669e-02 | 83  0.00000 -7.54663e-31 | 84  0.03699  2.10961e-02
 85 -0.05807  3.83900e-02 | 86 -0.23396 -1.80200e-06 | 87  0.10529 -3.04847e-02
 88  0.69487  7.00522e-03 | 89 -0.13947  2.85314e-02 | 90  0.10249  1.71898e-02
 91 -0.64902 -6.09722e-03 |
91 variables; iteration 560; function evaluation 720; phase 4
Function value 2.5683905e+02; maximum gradient component mag -4.4909e+02
Var    Value     Gradient |Var    Value     Gradient |Var    Value     Gradient
  1  0.04904  2.29026e+00 |  2 -0.01328  8.82913e-01 |  3 -0.02727  7.78519e-03
  4 -0.02428  5.99793e-03 |  5 -0.01698  9.54939e-03 |  6 -0.01577  9.02261e-03
  7 -0.01593  1.02589e-02 |  8 -0.00398  1.16812e-02 |  9  0.00057  1.32223e-02
 10  0.00234  1.53885e-02 | 11  0.00060  1.61130e-02 | 12 -0.01032  1.47740e-02
 13 -0.01447  6.28645e-03 | 14 -0.01252  7.08233e-03 | 15 -0.01611  5.20099e-03
 16 -0.01252  6.38016e-03 | 17 -0.00096  5.89639e-03 | 18  0.00685  6.11870e-03
 19  0.01130  8.86480e-03 | 20 -0.00018  9.36851e-03 | 21 -0.01540  6.62476e-03
 22 -0.01471  4.19936e-03 | 23 -0.01352  4.13038e-03 | 24 -0.02369  3.47613e-03
 25 -0.00537  6.01910e-03 | 26  0.03040  8.94296e-03 | 27  0.02026  6.75935e-03
 28  0.03091  3.25837e-03 | 29  0.02753  1.60270e-03 | 30  0.01872 -2.11077e-04
 31  0.04369  1.55662e-03 | 32  0.08318  3.72533e-03 | 33  0.01270 -6.79583e-04
 34  0.02221 -1.33437e-03 | 35  0.02752  8.27995e-04 | 36  0.02887  1.04214e-03
 37  0.04910  2.30527e-03 | 38  0.01381  1.46656e-03 | 39 -0.01042  1.18447e-03
 40 -0.01137  1.60809e-03 | 41 -0.01613 -5.48740e-05 | 42 -0.00834 -4.71909e-04
 43  0.00416  6.87727e-04 | 44  0.00175 -2.95812e-03 | 45  0.00943 -1.57890e-03
 46  0.00528 -9.85825e-04 | 47  0.00448 -4.36251e-03 | 48  0.01189 -2.79561e-03
 49 -0.02058 -2.25288e-03 | 50 -0.03887 -4.10169e-03 | 51 -0.03217 -3.31024e-03
 52 -0.01739 -3.95321e-03 | 53 -0.00711 -3.51062e-03 | 54 -0.00720 -4.43591e-03
 55 -0.02016 -6.02257e-03 | 56 -0.02711 -4.44814e-03 | 57 -0.01858 -6.85303e-03
 58 -0.00977 -4.78901e-03 | 59 -0.00055 -7.19133e-03 | 60 -0.02090 -4.84345e-03
 61 -0.01020 -7.12791e-03 | 62 -0.01347 -5.94883e-03 | 63 -0.00682 -6.93333e-03
 64 -0.01773 -6.16532e-03 | 65 -0.01946 -7.59705e-03 | 66 -0.00327  1.98186e-04
 67 -0.00002  9.21350e-04 | 68  0.00000  0.00000e+00 | 69 -0.75573  8.54511e-01
 70  0.22321 -3.56374e+01 | 71  0.09532 -6.98533e+01 | 72  0.19208 -2.25324e-02
 73 -0.12561  9.08796e-03 | 74  0.06633  6.67090e-03 | 75  0.18327 -4.49090e+02
 76  0.06621 -4.01967e+02 | 77  0.16617  5.00556e-01 | 78 -0.24833  2.75176e-02
 79 -0.17709  1.09590e-01 | 80  0.15764 -3.69140e-02 | 81  0.06413 -3.96664e-02
 82  0.12970 -2.24311e-03 | 83  0.00000 -9.54424e-31 | 84  0.03699  7.79896e-04
 85 -0.05806  4.69138e-04 | 86 -0.23438 -2.07338e-05 | 87  0.10529  8.12845e-04
 88  0.69486 -1.80924e-04 | 89 -0.13946  6.29392e-04 | 90  0.10250 -7.64908e-04
 91 -0.64901 -6.03520e-04 |
91 variables; iteration 580; function evaluation 744; phase 4
Function value 2.5683872e+02; maximum gradient component mag -7.4253e+02
Var    Value     Gradient |Var    Value     Gradient |Var    Value     Gradient
  1  0.04904  7.93429e+00 |  2 -0.01327  2.75242e+00 |  3 -0.02726  1.81912e-02
  4 -0.02426  2.34494e-02 |  5 -0.01696  2.76368e-02 |  6 -0.01575  3.03219e-02
  7 -0.01590  3.18199e-02 |  8 -0.00395  3.82397e-02 |  9  0.00060  4.13134e-02
 10  0.00236  4.42462e-02 | 11  0.00061  4.90105e-02 | 12 -0.01031  4.65919e-02
 13 -0.01445  7.69154e-03 | 14 -0.01251  7.76025e-03 | 15 -0.01609  4.59550e-03
 16 -0.01251  2.46270e-03 | 17 -0.00095  6.05378e-03 | 18  0.00686  1.18123e-02
 19  0.01131  2.10663e-02 | 20 -0.00018  2.13823e-02 | 21 -0.01539  1.36918e-02
 22 -0.01471  9.72110e-03 | 23 -0.01351  8.33867e-03 | 24 -0.02369  5.49007e-03
 25 -0.00537  1.78310e-02 | 26  0.03040  3.96942e-02 | 27  0.02026  2.28731e-02
 28  0.03091  1.72126e-02 | 29  0.02753  7.60816e-03 | 30  0.01872 -2.06891e-03
 31  0.04369  5.45686e-03 | 32  0.08318  3.09576e-02 | 33  0.01271 -4.20465e-03
 34  0.02222  1.18909e-03 | 35  0.02752  3.21396e-03 | 36  0.02888  5.40242e-03
 37  0.04911  2.80807e-02 | 38  0.01381  1.34463e-02 | 39 -0.01042  6.54176e-03
 40 -0.01137  1.04536e-02 | 41 -0.01613  9.12469e-03 | 42 -0.00834  9.87528e-03
 43  0.00416  7.66621e-03 | 44  0.00176  1.35589e-03 | 45  0.00943  1.25398e-04
 46  0.00526 -3.92852e-03 | 47  0.00447 -3.72322e-03 | 48  0.01188  2.03528e-03
 49 -0.02058 -7.48350e-03 | 50 -0.03887 -1.19411e-02 | 51 -0.03218 -1.04808e-02
 52 -0.01740 -7.62726e-03 | 53 -0.00711 -9.14331e-03 | 54 -0.00720 -1.25240e-02
 55 -0.02017 -1.80265e-02 | 56 -0.02712 -2.27312e-02 | 57 -0.01859 -2.19157e-02
 58 -0.00978 -2.28703e-02 | 59 -0.00055 -2.27248e-02 | 60 -0.02090 -2.70661e-02
 61 -0.01021 -2.44830e-02 | 62 -0.01348 -2.73489e-02 | 63 -0.00683 -3.02316e-02
 64 -0.01773 -3.60254e-02 | 65 -0.01945 -3.77014e-02 | 66 -0.00327 -1.76846e-04
 67 -0.00002 -3.84464e-04 | 68  0.00000  0.00000e+00 | 69 -0.75568  2.65723e+00
 70  0.22280 -1.27145e+00 | 71  0.09553 -2.28612e+00 | 72  0.19198 -1.32468e-01
 73 -0.23031 -1.10083e-03 | 74  0.06642  3.26583e-02 | 75  0.18348 -7.42534e+02
 76  0.06598 -6.60595e+02 | 77  0.16625  1.57338e+00 | 78 -0.19626  8.88574e-02
 79 -0.17709  3.34370e-01 | 80  0.15760  3.54370e-02 | 81  0.06419  2.13816e-02
 82  0.12969 -2.67453e-02 | 83  0.00000 -7.32814e-31 | 84  0.03698  7.30542e-03
 85 -0.05807  1.40469e-02 | 86 -0.23369  9.08235e-06 | 87  0.10529 -1.13447e-02
 88  0.69490  2.64375e-03 | 89 -0.13949  9.83739e-03 | 90  0.10248  7.46999e-03
 91 -0.64903 -2.01694e-03 |
91 variables; iteration 600; function evaluation 767; phase 4
Function value 2.5683865e+02; maximum gradient component mag -6.2468e+02
Var    Value     Gradient |Var    Value     Gradient |Var    Value     Gradient
  1  0.04904  3.12740e+00 |  2 -0.01325  1.20352e+00 |  3 -0.02723  1.31141e-02
  4 -0.02425  4.71218e-03 |  5 -0.01693  1.20568e-02 |  6 -0.01572  1.04424e-02
  7 -0.01587  1.49120e-02 |  8 -0.00391  1.49822e-02 |  9  0.00065  1.70749e-02
 10  0.00241  2.09450e-02 | 11  0.00064  2.11101e-02 | 12 -0.01031  1.83504e-02
 13 -0.01444  6.50612e-03 | 14 -0.01248  9.99656e-03 | 15 -0.01607  4.24532e-03
 16 -0.01249  7.99540e-03 | 17 -0.00093  8.06536e-03 | 18  0.00688  9.87145e-03
 19  0.01131  1.39889e-02 | 20 -0.00018  1.47293e-02 | 21 -0.01539  8.84783e-03
 22 -0.01470  4.82305e-03 | 23 -0.01350  5.91485e-03 | 24 -0.02368  5.00393e-03
 25 -0.00537  3.98639e-03 | 26  0.03039  7.12548e-03 | 27  0.02026  1.28802e-02
 28  0.03090  3.44247e-03 | 29  0.02752  8.27256e-04 | 30  0.01872 -2.88457e-03
 31  0.04368  1.17899e-04 | 32  0.08317  4.89140e-03 | 33  0.01271 -3.05001e-03
 34  0.02222 -4.49140e-03 | 35  0.02753 -9.00315e-05 | 36  0.02890  2.32940e-03
 37  0.04911  4.95796e-03 | 38  0.01382  3.11750e-03 | 39 -0.01042  1.86129e-03
 40 -0.01137  3.19868e-03 | 41 -0.01613  9.64900e-04 | 42 -0.00833  4.58590e-03
 43  0.00416  5.07819e-03 | 44  0.00177 -4.85637e-04 | 45  0.00942  8.63777e-04
 46  0.00525  2.65860e-03 | 47  0.00446 -4.40342e-03 | 48  0.01188 -1.16319e-03
 49 -0.02058 -1.72904e-03 | 50 -0.03888 -9.16148e-03 | 51 -0.03218 -3.79264e-03
 52 -0.01741 -6.24635e-03 | 53 -0.00711 -3.19841e-03 | 54 -0.00720 -3.23808e-03
 55 -0.02018 -8.52260e-03 | 56 -0.02715 -6.06907e-03 | 57 -0.01862 -1.04288e-02
 58 -0.00979 -6.20131e-03 | 59 -0.00055 -1.28218e-02 | 60 -0.02090 -5.02161e-03
 61 -0.01023 -9.75874e-03 | 62 -0.01350 -4.79251e-03 | 63 -0.00685 -1.04858e-02
 64 -0.01772 -6.98694e-03 | 65 -0.01944 -1.15639e-02 | 66 -0.00326 -1.94359e-04
 67 -0.00002  2.26300e-03 | 68  0.00000  0.00000e+00 | 69 -0.75565  1.15949e+00
 70  0.22220 -3.14995e+02 | 71  0.09582 -6.24685e+02 | 72  0.19184 -1.95551e-02
 73 -0.31240  7.19863e-03 | 74  0.06639  1.40482e-02 | 75  0.18367 -2.20397e+02
 76  0.06577 -1.93641e+02 | 77  0.16632  6.77186e-01 | 78 -0.16071  4.05011e-02
 79 -0.17712  1.39250e-01 | 80  0.15757 -1.20720e-02 | 81  0.06421 -2.77580e-02
 82  0.12969 -2.00373e-02 | 83  0.00000 -9.12582e-31 | 84  0.03696  3.76484e-03
 85 -0.05810 -4.12932e-03 | 86 -0.23446 -2.31346e-05 | 87  0.10528  3.24179e-03
 88  0.69495 -7.51194e-04 | 89 -0.13953  1.26174e-03 | 90  0.10244 -2.77466e-03
 91 -0.64907 -4.63230e-03 |
91 variables; iteration 620; function evaluation 790; phase 4
Function value 2.5683793e+02; maximum gradient component mag 1.6833e+03
Var    Value     Gradient |Var    Value     Gradient |Var    Value     Gradient
  1  0.04904 -4.54340e+00 |  2 -0.01325  3.13523e+00 |  3 -0.02726 -7.84430e-02
  4 -0.02426 -9.86620e-02 |  5 -0.01696 -1.20349e-01 |  6 -0.01575 -1.31293e-01
  7 -0.01590 -1.39480e-01 |  8 -0.00394 -1.68030e-01 |  9  0.00061 -1.81542e-01
 10  0.00237 -1.93545e-01 | 11  0.00061 -2.12126e-01 | 12 -0.01031 -2.02141e-01
 13 -0.01445 -3.08407e-02 | 14 -0.01250 -3.25316e-02 | 15 -0.01609 -1.64990e-02
 16 -0.01251 -9.74596e-03 | 17 -0.00094 -2.63254e-02 | 18  0.00688 -5.31873e-02
 19  0.01131 -9.19599e-02 | 20 -0.00019 -9.22512e-02 | 21 -0.01540 -6.03798e-02
 22 -0.01469 -4.78370e-02 | 23 -0.01350 -4.37319e-02 | 24 -0.02369 -2.89020e-02
 25 -0.00538 -8.40098e-02 | 26  0.03041 -1.88532e-01 | 27  0.02027 -1.17786e-01
 28  0.03090 -8.77028e-02 | 29  0.02752 -3.82486e-02 | 30  0.01872  6.27291e-03
 31  0.04369 -2.60806e-02 | 32  0.08317 -1.38006e-01 | 33  0.01271  1.82087e-02
 34  0.02222 -5.28564e-03 | 35  0.02753 -1.68548e-02 | 36  0.02889 -2.38378e-02
 37  0.04911 -1.15524e-01 | 38  0.01380 -4.66755e-02 | 39 -0.01043 -1.98183e-02
 40 -0.01137 -4.36707e-02 | 41 -0.01612 -4.61424e-02 | 42 -0.00833 -5.59114e-02
 43  0.00415 -4.73706e-02 | 44  0.00178 -6.69377e-03 | 45  0.00942  4.47022e-03
 46  0.00525  2.24445e-02 | 47  0.00447  2.41951e-02 | 48  0.01188 -2.71327e-03
 49 -0.02058  3.60857e-02 | 50 -0.03887  5.62452e-02 | 51 -0.03218  4.78083e-02
 52 -0.01740  3.68431e-02 | 53 -0.00711  4.29218e-02 | 54 -0.00720  5.80452e-02
 55 -0.02017  8.25034e-02 | 56 -0.02713  1.00205e-01 | 57 -0.01860  9.88342e-02
 58 -0.00978  9.95016e-02 | 59 -0.00055  1.01764e-01 | 60 -0.02090  1.18491e-01
 61 -0.01021  1.10891e-01 | 62 -0.01349  1.22338e-01 | 63 -0.00683  1.35296e-01
 64 -0.01773  1.59180e-01 | 65 -0.01945  1.67897e-01 | 66 -0.00327  7.90612e-04
 67 -0.00002  3.78425e-04 | 68  0.00000  0.00000e+00 | 69 -0.75551  3.15335e+00
 70  0.22245  8.50141e+02 | 71  0.09570  1.68330e+03 | 72  0.19189  6.53967e-01
 73 -0.39512 -1.17676e-02 | 74  0.06637 -1.88064e-01 | 75  0.18414 -2.53699e+02
 76  0.06526 -2.19062e+02 | 77  0.16646  2.00402e+00 | 78 -0.09825  1.04557e-01
 79 -0.17710  3.83423e-01 | 80  0.15759 -1.19222e-01 | 81  0.06418 -5.22001e-02
 82  0.12969  1.22557e-01 | 83  0.00000 -1.00163e-30 | 84  0.03697 -3.02142e-02
 85 -0.05808 -6.18497e-02 | 86 -0.23426 -1.72628e-05 | 87  0.10529  4.99217e-02
 88  0.69491 -1.11614e-02 | 89 -0.13950 -4.29948e-02 | 90  0.10247 -2.95353e-02
 91 -0.64904  7.91597e-03 |
91 variables; iteration 640; function evaluation 814; phase 4
Function value 2.5683740e+02; maximum gradient component mag 1.9024e+03
Var    Value     Gradient |Var    Value     Gradient |Var    Value     Gradient
  1  0.04904 -2.18554e+00 |  2 -0.01325  1.21229e+00 |  3 -0.02729 -4.19944e-02
  4 -0.02428 -4.00451e-02 |  5 -0.01699 -5.69062e-02 |  6 -0.01578 -5.86665e-02
  7 -0.01594 -6.60876e-02 |  8 -0.00398 -7.77047e-02 |  9  0.00057 -8.50747e-02
 10  0.00233 -9.31725e-02 | 11  0.00058 -9.89801e-02 | 12 -0.01033 -9.28606e-02
 13 -0.01446 -1.96627e-02 | 14 -0.01252 -2.38115e-02 | 15 -0.01611 -1.14860e-02
 16 -0.01253 -1.31802e-02 | 17 -0.00096 -1.78045e-02 | 18  0.00688 -2.81958e-02
 19  0.01130 -4.65582e-02 | 20 -0.00021 -4.87084e-02 | 21 -0.01540 -3.11457e-02
 22 -0.01469 -2.22200e-02 | 23 -0.01350 -2.22532e-02 | 24 -0.02371 -1.56619e-02
 25 -0.00539 -3.45721e-02 | 26  0.03043 -7.55127e-02 | 27  0.02028 -5.46366e-02
 28  0.03090 -3.53331e-02 | 29  0.02752 -1.34413e-02 | 30  0.01873  3.85543e-03
 31  0.04370 -6.64569e-03 | 32  0.08318 -5.12590e-02 | 33  0.01270  1.08023e-02
 34  0.02221  3.16098e-03 | 35  0.02752 -5.76092e-03 | 36  0.02887 -9.86481e-03
 37  0.04911 -4.35629e-02 | 38  0.01379 -1.63016e-02 | 39 -0.01044 -8.50490e-03
 40 -0.01137 -1.88626e-02 | 41 -0.01611 -1.80491e-02 | 42 -0.00832 -2.46013e-02
 43  0.00414 -2.27990e-02 | 44  0.00178 -1.80162e-03 | 45  0.00943  1.33718e-03
 46  0.00526  4.94664e-03 | 47  0.00449  1.36876e-02 | 48  0.01189  3.12070e-05
 49 -0.02059  1.31852e-02 | 50 -0.03887  2.82549e-02 | 51 -0.03218  1.97778e-02
 52 -0.01739  1.90102e-02 | 53 -0.00711  1.77670e-02 | 54 -0.00721  2.42201e-02
 55 -0.02016  3.81237e-02 | 56 -0.02711  4.12581e-02 | 57 -0.01857  4.59395e-02
 58 -0.00978  3.98123e-02 | 59 -0.00054  4.81923e-02 | 60 -0.02090  4.66659e-02
 61 -0.01019  5.02647e-02 | 62 -0.01348  4.92409e-02 | 63 -0.00681  5.89971e-02
 64 -0.01773  6.33959e-02 | 65 -0.01946  7.06458e-02 | 66 -0.00327  5.93453e-04
 67 -0.00002 -2.73142e-03 | 68  0.00000  0.00000e+00 | 69 -0.75538  1.22837e+00
 70  0.22284  9.66837e+02 | 71  0.09550  1.90236e+03 | 72  0.19198  2.49868e-01
 73 -0.46600 -7.88825e-03 | 74  0.06642 -7.66704e-02 | 75  0.18452 -5.72276e+01
 76  0.06484 -4.76354e+01 | 77  0.16657  8.08207e-01 | 78 -0.06094  3.76672e-02
 79 -0.17708  1.51472e-01 | 80  0.15761 -2.06801e-02 | 81  0.06417  2.60183e-02
 82  0.12969  8.02911e-02 | 83  0.00000 -7.15822e-31 | 84  0.03699 -1.40327e-02
 85 -0.05806 -1.84668e-02 | 86 -0.23333  2.27393e-05 | 87  0.10529  1.47454e-02
 88  0.69486 -2.96664e-03 | 89 -0.13946 -1.53938e-02 | 90  0.10250 -1.04741e-02
 91 -0.64901  1.00305e-02 |
91 variables; iteration 660; function evaluation 840; phase 4
Function value 2.5683706e+02; maximum gradient component mag 6.4298e+03
Var    Value     Gradient |Var    Value     Gradient |Var    Value     Gradient
  1  0.04904 -6.80074e+00 |  2 -0.01325  4.56835e-01 |  3 -0.02730 -5.94290e-02
  4 -0.02431 -7.22106e-02 |  5 -0.01701 -8.87660e-02 |  6 -0.01580 -9.60088e-02
  7 -0.01596 -1.02299e-01 |  8 -0.00401 -1.22232e-01 |  9  0.00054 -1.32478e-01
 10  0.00230 -1.42572e-01 | 11  0.00055 -1.56357e-01 | 12 -0.01033 -1.48588e-01
 13 -0.01447 -2.59015e-02 | 14 -0.01253 -2.75625e-02 | 15 -0.01613 -1.58553e-02
 16 -0.01254 -1.20689e-02 | 17 -0.00097 -2.32589e-02 | 18  0.00687 -4.17360e-02
 19  0.01130 -7.01064e-02 | 20 -0.00022 -7.00820e-02 | 21 -0.01541 -4.63849e-02
 22 -0.01468 -3.60967e-02 | 23 -0.01350 -3.31453e-02 | 24 -0.02373 -2.24509e-02
 25 -0.00539 -6.21248e-02 | 26  0.03044 -1.34516e-01 | 27  0.02030 -8.53528e-02
 28  0.03089 -6.14545e-02 | 29  0.02751 -2.78173e-02 | 30  0.01874  5.03349e-03
 31  0.04370 -2.02155e-02 | 32  0.08319 -9.74522e-02 | 33  0.01269  1.21013e-02
 34  0.02220 -2.08795e-03 | 35  0.02752 -1.21532e-02 | 36  0.02887 -1.74256e-02
 37  0.04910 -8.08836e-02 | 38  0.01377 -3.47200e-02 | 39 -0.01045 -1.43534e-02
 40 -0.01137 -3.08810e-02 | 41 -0.01611 -3.08223e-02 | 42 -0.00832 -3.70607e-02
 43  0.00413 -3.17422e-02 | 44  0.00178 -1.76427e-03 | 45  0.00943  4.17327e-03
 46  0.00527  1.65228e-02 | 47  0.00449  2.00004e-02 | 48  0.01190  1.34786e-03
 49 -0.02059  2.72759e-02 | 50 -0.03887  4.18503e-02 | 51 -0.03217  3.60043e-02
 52 -0.01739  2.91296e-02 | 53 -0.00711  3.31814e-02 | 54 -0.00721  4.33894e-02
 55 -0.02015  6.09642e-02 | 56 -0.02709  7.18704e-02 | 57 -0.01855  7.25856e-02
 58 -0.00976  7.23474e-02 | 59 -0.00055  7.52469e-02 | 60 -0.02090  8.44286e-02
 61 -0.01019  8.05621e-02 | 62 -0.01347  8.72262e-02 | 63 -0.00680  9.67413e-02
 64 -0.01772  1.12345e-01 | 65 -0.01947  1.19666e-01 | 66 -0.00327  2.09714e-04
 67 -0.00002 -1.40382e-04 | 68  0.00000  0.00000e+00 | 69 -0.75526  5.18587e-01
 70  0.22311  3.28221e+03 | 71  0.09536  6.42978e+03 | 72  0.19204  4.57582e-01
 73 -0.54165 -1.15903e-02 | 74  0.06640 -1.31911e-01 | 75  0.18492 -1.64674e+01
 76  0.06440 -1.27003e+01 | 77  0.16669  3.85150e-01 | 78 -0.03080  1.53875e-02
 79 -0.17711  5.57534e-02 | 80  0.15766 -5.29255e-02 | 81  0.06412 -1.10478e-02
 82  0.12970  7.19527e-02 | 83  0.00000 -8.50101e-31 | 84  0.03700 -2.13323e-02
 85 -0.05804 -4.17822e-02 | 86 -0.23379  1.77812e-06 | 87  0.10530  3.26962e-02
 88  0.69482 -7.49265e-03 | 89 -0.13944 -2.95705e-02 | 90  0.10252 -1.81831e-02
 91 -0.64899  4.84460e-03 |
91 variables; iteration 680; function evaluation 863; phase 4
Function value 2.5683680e+02; maximum gradient component mag 1.0998e+04
Var    Value     Gradient |Var    Value     Gradient |Var    Value     Gradient
  1  0.04904 -7.88971e+00 |  2 -0.01325  1.06600e+00 |  3 -0.02731 -7.62993e-02
  4 -0.02432 -9.27062e-02 |  5 -0.01703 -1.15131e-01 |  6 -0.01582 -1.24684e-01
  7 -0.01598 -1.33637e-01 |  8 -0.00404 -1.60108e-01 |  9  0.00051 -1.73149e-01
 10  0.00227 -1.85188e-01 | 11  0.00053 -2.02179e-01 | 12 -0.01034 -1.91757e-01
 13 -0.01448 -3.32356e-02 | 14 -0.01255 -3.58669e-02 | 15 -0.01614 -1.93589e-02
 16 -0.01256 -1.38636e-02 | 17 -0.00098 -2.83337e-02 | 18  0.00688 -5.31849e-02
 19  0.01130 -9.02646e-02 | 20 -0.00023 -9.10832e-02 | 21 -0.01542 -5.97741e-02
 22 -0.01468 -4.54369e-02 | 23 -0.01349 -4.10195e-02 | 24 -0.02374 -2.81732e-02
 25 -0.00540 -7.72627e-02 | 26  0.03045 -1.71878e-01 | 27  0.02031 -1.07522e-01
 28  0.03089 -7.91697e-02 | 29  0.02751 -3.35507e-02 | 30  0.01875  6.28458e-03
 31  0.04371 -2.22280e-02 | 32  0.08319 -1.24268e-01 | 33  0.01269  1.86097e-02
 34  0.02220 -3.80965e-03 | 35  0.02752 -1.44732e-02 | 36  0.02887 -1.98939e-02
 37  0.04909 -1.04012e-01 | 38  0.01376 -4.13874e-02 | 39 -0.01046 -1.79449e-02
 40 -0.01137 -3.91245e-02 | 41 -0.01610 -3.94095e-02 | 42 -0.00831 -4.79113e-02
 43  0.00412 -4.08777e-02 | 44  0.00178 -2.61708e-03 | 45  0.00944  4.95779e-03
 46  0.00527  1.99978e-02 | 47  0.00450  2.31837e-02 | 48  0.01190 -2.23954e-03
 49 -0.02059  3.32686e-02 | 50 -0.03887  5.33203e-02 | 51 -0.03217  4.38342e-02
 52 -0.01738  3.42013e-02 | 53 -0.00711  3.93770e-02 | 54 -0.00721  5.35908e-02
 55 -0.02014  7.72137e-02 | 56 -0.02707  9.21796e-02 | 57 -0.01854  9.24802e-02
 58 -0.00976  9.16132e-02 | 59 -0.00055  9.53111e-02 | 60 -0.02090  1.08398e-01
 61 -0.01018  1.03291e-01 | 62 -0.01346  1.12712e-01 | 63 -0.00679  1.25791e-01
 64 -0.01772  1.46335e-01 | 65 -0.01948  1.55100e-01 | 66 -0.00327  8.38968e-04
 67 -0.00002 -4.37024e-04 | 68  0.00000  0.00000e+00 | 69 -0.75514  1.13081e+00
 70  0.22331  5.63131e+03 | 71  0.09526  1.09982e+04 | 72  0.19208  5.90278e-01
 73 -0.60242 -1.20452e-02 | 74  0.06640 -1.63516e-01 | 75  0.18533 -2.22151e+01
 76  0.06396 -1.72227e+01 | 77  0.16681  7.95761e-01 | 78 -0.00598  3.07703e-02
 79 -0.17709  1.33465e-01 | 80  0.15768 -1.04432e-01 | 81  0.06409 -3.78056e-02
 82  0.12970  1.19237e-01 | 83  0.00000 -9.47273e-31 | 84  0.03701 -2.81047e-02
 85 -0.05803 -5.50910e-02 | 86 -0.23400 -7.71864e-06 | 87  0.10530  4.40012e-02
 88  0.69479 -1.00329e-02 | 89 -0.13942 -3.99417e-02 | 90  0.10254 -2.70535e-02
 91 -0.64898  7.86321e-03 |
91 variables; iteration 700; function evaluation 887; phase 4
Function value 2.5683646e+02; maximum gradient component mag 1.7413e+04
Var    Value     Gradient |Var    Value     Gradient |Var    Value     Gradient
  1  0.04904 -1.41901e+01 |  2 -0.01325 -6.69238e-01 |  3 -0.02733 -9.81365e-02
  4 -0.02434 -1.20290e-01 |  5 -0.01704 -1.46278e-01 |  6 -0.01584 -1.59686e-01
  7 -0.01601 -1.70171e-01 |  8 -0.00406 -2.02561e-01 |  9  0.00049 -2.18549e-01
 10  0.00225 -2.34573e-01 | 11  0.00051 -2.58520e-01 | 12 -0.01035 -2.46344e-01
 13 -0.01449 -4.18323e-02 | 14 -0.01256 -4.43606e-02 | 15 -0.01615 -2.35299e-02
 16 -0.01257 -1.69198e-02 | 17 -0.00099 -3.75860e-02 | 18  0.00688 -7.03820e-02
 19  0.01129 -1.16874e-01 | 20 -0.00025 -1.15568e-01 | 21 -0.01542 -7.48376e-02
 22 -0.01467 -5.94406e-02 | 23 -0.01349 -5.52492e-02 | 24 -0.02376 -3.64105e-02
 25 -0.00541 -9.93279e-02 | 26  0.03047 -2.20372e-01 | 27  0.02033 -1.43338e-01
 28  0.03089 -1.02301e-01 | 29  0.02751 -4.54414e-02 | 30  0.01876  1.12506e-02
 31  0.04371 -3.29263e-02 | 32  0.08320 -1.64697e-01 | 33  0.01268  1.99795e-02
 34  0.02219 -2.53467e-03 | 35  0.02752 -1.90234e-02 | 36  0.02886 -3.07276e-02
 37  0.04909 -1.39837e-01 | 38  0.01374 -6.20913e-02 | 39 -0.01047 -2.48989e-02
 40 -0.01137 -5.20760e-02 | 41 -0.01609 -5.21583e-02 | 42 -0.00831 -6.48787e-02
 43  0.00411 -5.31333e-02 | 44  0.00178 -7.30007e-03 | 45  0.00944  4.76415e-03
 46  0.00528  2.57086e-02 | 47  0.00451  3.01729e-02 | 48  0.01190 -3.82665e-04
 49 -0.02059  4.55126e-02 | 50 -0.03887  7.09648e-02 | 51 -0.03217  6.04388e-02
 52 -0.01738  4.92375e-02 | 53 -0.00711  5.51747e-02 | 54 -0.00721  7.01582e-02
 55 -0.02014  1.00526e-01 | 56 -0.02705  1.21138e-01 | 57 -0.01853  1.20344e-01
 58 -0.00975  1.22196e-01 | 59 -0.00055  1.26653e-01 | 60 -0.02089  1.42061e-01
 61 -0.01017  1.32770e-01 | 62 -0.01345  1.43327e-01 | 63 -0.00677  1.61536e-01
 64 -0.01772  1.88353e-01 | 65 -0.01949  2.00196e-01 | 66 -0.00328  6.41675e-04
 67 -0.00002  3.72602e-04 | 68  0.00000  0.00000e+00 | 69 -0.75500 -5.23111e-01
 70  0.22347  8.93812e+03 | 71  0.09518  1.74134e+04 | 72  0.19211  7.55617e-01
 73 -0.63600 -1.38591e-02 | 74  0.06638 -2.18284e-01 | 75  0.18581  8.20668e+00
 76  0.06344  7.42623e+00 | 77  0.16696 -2.01002e-01 | 78  0.01732 -1.96723e-02
 79 -0.17708 -6.98446e-02 | 80  0.15771 -1.45056e-01 | 81  0.06406 -6.33056e-02
 82  0.12970  1.39901e-01 | 83  0.00000 -1.04021e-30 | 84  0.03702 -3.93004e-02
 85 -0.05802 -6.78661e-02 | 86 -0.23416 -1.50458e-05 | 87  0.10531  5.56606e-02
 88  0.69476 -1.24738e-02 | 89 -0.13940 -5.01961e-02 | 90  0.10256 -3.21192e-02
 91 -0.64896  8.08058e-03 |
91 variables; iteration 720; function evaluation 909; phase 4
Function value 2.5683579e+02; maximum gradient component mag -6.8431e+03
Var    Value     Gradient |Var    Value     Gradient |Var    Value     Gradient
  1  0.04905  3.27000e+00 |  2 -0.01324  1.35346e+00 |  3 -0.02735  7.12015e-03
  4 -0.02436  8.31168e-03 |  5 -0.01707  6.90054e-03 |  6 -0.01587  8.72838e-03
  7 -0.01604  8.70445e-03 |  8 -0.00409  8.77258e-03 |  9  0.00046  8.68150e-03
 10  0.00221  1.01035e-02 | 11  0.00048  1.36780e-02 | 12 -0.01036  1.50760e-02
 13 -0.01450  4.43800e-03 | 14 -0.01257  3.71540e-03 | 15 -0.01617  1.56081e-03
 16 -0.01259  2.15004e-03 | 17 -0.00100  5.43806e-03 | 18  0.00689  7.38317e-03
 19  0.01129  7.66081e-03 | 20 -0.00027  5.37357e-03 | 21 -0.01543  2.75725e-03
 22 -0.01466  5.35222e-03 | 23 -0.01348  6.59872e-03 | 24 -0.02378  2.14774e-03
 25 -0.00542  3.34200e-03 | 26  0.03048  9.13131e-03 | 27  0.02036  1.18203e-02
 28  0.03088  4.69889e-03 | 29  0.02751  2.81667e-03 | 30  0.01877 -3.55657e-03
 31  0.04373  4.00228e-03 | 32  0.08321  9.86539e-03 | 33  0.01267  1.72158e-03
 34  0.02218 -3.36979e-03 | 35  0.02751 -3.84526e-04 | 36  0.02887  7.18235e-03
 37  0.04909  1.14540e-02 | 38  0.01372  1.05231e-02 | 39 -0.01049  3.19164e-03
 40 -0.01137  4.55035e-03 | 41 -0.01608  4.26371e-03 | 42 -0.00830  7.52589e-03
 43  0.00409  2.85020e-03 | 44  0.00180  6.43703e-03 | 45  0.00945  1.31903e-03
 46  0.00528 -7.87589e-04 | 47  0.00452 -2.13849e-03 | 48  0.01191 -2.48688e-03
 49 -0.02059 -4.47884e-03 | 50 -0.03887 -6.48863e-03 | 51 -0.03216 -7.53177e-03
 52 -0.01737 -8.71189e-03 | 53 -0.00712 -8.00293e-03 | 54 -0.00721 -5.02256e-03
 55 -0.02013 -6.74815e-03 | 56 -0.02704 -8.55416e-03 | 57 -0.01850 -7.15379e-03
 58 -0.00975 -1.03525e-02 | 59 -0.00055 -1.12410e-02 | 60 -0.02089 -9.59998e-03
 61 -0.01016 -6.76969e-03 | 62 -0.01344 -4.46121e-03 | 63 -0.00676 -7.51571e-03
 64 -0.01772 -8.48172e-03 | 65 -0.01950 -9.06984e-03 | 66 -0.00328  3.59762e-04
 67 -0.00002 -7.09429e-04 | 68  0.00000  0.00000e+00 | 69 -0.75481  1.30133e+00
 70  0.22364 -3.52154e+03 | 71  0.09509 -6.84313e+03 | 72  0.19215 -2.24499e-02
 73 -0.61610 -3.71398e-04 | 74  0.06642  1.34508e-02 | 75  0.18650 -1.36771e+01
 76  0.06268 -9.99226e+00 | 77  0.16717  7.89711e-01 | 78  0.04383  4.61143e-02
 79 -0.17721  1.57560e-01 | 80  0.15774  1.94516e-02 | 81  0.06403  6.85615e-03
 82  0.12971 -1.92528e-02 | 83  0.00000 -7.82197e-31 | 84  0.03704  7.16139e-03
 85 -0.05801 -2.41217e-03 | 86 -0.23383  4.96552e-07 | 87  0.10531  9.48374e-04
 88  0.69473  4.93124e-05 | 89 -0.13937  8.59966e-04 | 90  0.10259  1.56589e-03
 91 -0.64894  2.45921e-04 |
91 variables; iteration 740; function evaluation 933; phase 4
Function value 2.5683456e+02; maximum gradient component mag -4.6563e+03
Var    Value     Gradient |Var    Value     Gradient |Var    Value     Gradient
  1  0.04905  1.36005e+01 |  2 -0.01323  2.84073e+00 |  3 -0.02739  6.40574e-02
  4 -0.02439  8.44327e-02 |  5 -0.01710  1.01001e-01 |  6 -0.01591  1.09284e-01
  7 -0.01608  1.12848e-01 |  8 -0.00414  1.36232e-01 |  9  0.00041  1.47206e-01
 10  0.00216  1.57806e-01 | 11  0.00044  1.73886e-01 | 12 -0.01037  1.66190e-01
 13 -0.01451  4.21602e-02 | 14 -0.01260  3.98213e-02 | 15 -0.01620  2.99165e-02
 16 -0.01262  2.26853e-02 | 17 -0.00103  3.28683e-02 | 18  0.00690  4.90324e-02
 19  0.01128  7.72836e-02 | 20 -0.00031  7.67575e-02 | 21 -0.01545  5.47371e-02
 22 -0.01464  4.23702e-02 | 23 -0.01347  3.59689e-02 | 24 -0.02382  2.42560e-02
 25 -0.00544  7.10159e-02 | 26  0.03053  1.45246e-01 | 27  0.02038  8.04358e-02
 28  0.03087  6.24571e-02 | 29  0.02749  2.84944e-02 | 30  0.01879 -3.26489e-04
 31  0.04374  2.39921e-02 | 32  0.08321  9.57526e-02 | 33  0.01266 -9.40023e-03
 34  0.02217  6.56699e-03 | 35  0.02751  1.21678e-02 | 36  0.02886  1.54455e-02
 37  0.04908  7.62138e-02 | 38  0.01368  3.11606e-02 | 39 -0.01051  1.65812e-02
 40 -0.01137  2.70993e-02 | 41 -0.01605  2.41983e-02 | 42 -0.00829  2.12708e-02
 43  0.00407  1.80786e-02 | 44  0.00181 -7.24598e-03 | 45  0.00945 -1.28806e-02
 46  0.00528 -2.42172e-02 | 47  0.00454 -2.70320e-02 | 48  0.01192 -7.77722e-03
 49 -0.02059 -3.05628e-02 | 50 -0.03887 -3.88005e-02 | 51 -0.03216 -4.02809e-02
 52 -0.01736 -3.09149e-02 | 53 -0.00712 -3.74991e-02 | 54 -0.00722 -5.15194e-02
 55 -0.02011 -6.43515e-02 | 56 -0.02700 -7.37818e-02 | 57 -0.01847 -7.43657e-02
 58 -0.00973 -7.53007e-02 | 59 -0.00055 -7.59138e-02 | 60 -0.02089 -8.95446e-02
 61 -0.01014 -8.37563e-02 | 62 -0.01343 -9.38488e-02 | 63 -0.00673 -9.78043e-02
 64 -0.01772 -1.16975e-01 | 65 -0.01952 -1.20137e-01 | 66 -0.00328  6.74726e-04
 67 -0.00002 -4.96427e-04 | 68  0.00000  0.00000e+00 | 69 -0.75442  2.67773e+00
 70  0.22393 -2.40652e+03 | 71  0.09494 -4.65629e+03 | 72  0.19220 -4.56291e-01
 73 -0.42649  1.63394e-02 | 74  0.06640  1.06091e-01 | 75  0.18785  3.54910e-01
 76  0.06120  1.35964e+00 | 77  0.16759  1.55528e+00 | 78  0.06536  3.27200e-02
 79 -0.17716  3.67648e-01 | 80  0.15780 -4.20102e-02 | 81  0.06394 -7.89060e-02
 82  0.12972 -7.51979e-02 | 83  0.00000 -1.09474e-30 | 84  0.03706  1.98120e-02
 85 -0.05798  4.22282e-02 | 86 -0.23471 -3.47652e-05 | 87  0.10532 -2.95233e-02
 88  0.69467  7.76363e-03 | 89 -0.13933  2.79479e-02 | 90  0.10263  1.83857e-02
 91 -0.64891 -6.39564e-04 |
91 variables; iteration 760; function evaluation 955; phase 4
Function value 2.5683428e+02; maximum gradient component mag -4.3961e+02
Var    Value     Gradient |Var    Value     Gradient |Var    Value     Gradient
  1  0.04905  4.95021e-01 |  2 -0.01323 -1.62200e-01 |  3 -0.02740  8.74325e-03
  4 -0.02441  8.50613e-03 |  5 -0.01712  1.23607e-02 |  6 -0.01593  1.24167e-02
  7 -0.01610  1.37374e-02 |  8 -0.00417  1.59141e-02 |  9  0.00038  1.74886e-02
 10  0.00214  1.94034e-02 | 11  0.00042  2.05794e-02 | 12 -0.01038  1.91380e-02
 13 -0.01452  6.51812e-03 | 14 -0.01261  6.91791e-03 | 15 -0.01622  4.87300e-03
 16 -0.01263  5.17452e-03 | 17 -0.00104  5.64735e-03 | 18  0.00689  7.33260e-03
 19  0.01128  1.06382e-02 | 20 -0.00031  1.06706e-02 | 21 -0.01545  7.67182e-03
 22 -0.01464  5.46345e-03 | 23 -0.01347  4.86630e-03 | 24 -0.02382  3.55362e-03
 25 -0.00545  7.93229e-03 | 26  0.03053  1.51428e-02 | 27  0.02040  1.01423e-02
 28  0.03086  6.78251e-03 | 29  0.02749  2.73445e-03 | 30  0.01880 -8.12463e-05
 31  0.04374  2.38847e-03 | 32  0.08322  8.31472e-03 | 33  0.01265 -1.19267e-03
 34  0.02216 -1.00027e-04 | 35  0.02751  1.24789e-03 | 36  0.02885  1.20502e-03
 37  0.04908  5.59860e-03 | 38  0.01367  1.32291e-03 | 39 -0.01052  1.13471e-03
 40 -0.01137  1.93857e-03 | 41 -0.01605  1.55074e-03 | 42 -0.00828  1.57702e-03
 43  0.00406  2.11093e-03 | 44  0.00181 -2.39991e-03 | 45  0.00946 -2.35430e-03
 46  0.00529 -2.27846e-03 | 47  0.00455 -4.80357e-03 | 48  0.01193 -2.38420e-03
 49 -0.02059 -3.57919e-03 | 50 -0.03887 -5.33291e-03 | 51 -0.03216 -4.56893e-03
 52 -0.01736 -4.47849e-03 | 53 -0.00712 -4.37219e-03 | 54 -0.00722 -6.08766e-03
 55 -0.02011 -7.85342e-03 | 56 -0.02699 -7.37631e-03 | 57 -0.01846 -9.09885e-03
 58 -0.00973 -7.40434e-03 | 59 -0.00055 -9.23189e-03 | 60 -0.02089 -8.46739e-03
 61 -0.01014 -9.61905e-03 | 62 -0.01341 -9.42552e-03 | 63 -0.00672 -1.03332e-02
 64 -0.01772 -1.10669e-02 | 65 -0.01953 -1.24709e-02 | 66 -0.00329  8.83456e-05
 67 -0.00002  6.91280e-04 | 68  0.00000  0.00000e+00 | 69 -0.75433 -1.64748e-01
 70  0.22413 -2.27670e+02 | 71  0.09484 -4.39608e+02 | 72  0.19225 -4.47323e-02
 73 -0.31763  4.40860e-03 | 74  0.06644  1.17060e-02 | 75  0.18811 -8.80633e-01
 76  0.06093 -6.04346e-01 | 77  0.16766 -1.15397e-01 | 78  0.01052  5.16028e-05
 79 -0.17712 -1.73255e-02 | 80  0.15781 -2.14568e-02 | 81  0.06394 -2.56951e-02
 82  0.12972 -6.64073e-03 | 83  0.00000 -8.99796e-31 | 84  0.03706  1.41324e-03
 85 -0.05797  2.61072e-03 | 86 -0.23413 -1.28739e-05 | 87  0.10532 -1.37878e-03
 88  0.69464  3.33810e-04 | 89 -0.13931  2.32177e-03 | 90  0.10264 -4.38767e-05
 91 -0.64890 -1.01474e-03 |
91 variables; iteration 780; function evaluation 976; phase 4
Function value 2.5683425e+02; maximum gradient component mag -5.1926e+01
Var    Value     Gradient |Var    Value     Gradient |Var    Value     Gradient
  1  0.04905 -3.24512e-02 |  2 -0.01323 -6.82264e-03 |  3 -0.02741 -1.70990e-04
  4 -0.02442 -1.87759e-04 |  5 -0.01713 -2.43418e-04 |  6 -0.01594 -2.57068e-04
  7 -0.01612 -2.79155e-04 |  8 -0.00418 -3.27022e-04 |  9  0.00037 -3.54896e-04
 10  0.00212 -3.86788e-04 | 11  0.00041 -4.20316e-04 | 12 -0.01038 -3.96771e-04
 13 -0.01453 -1.00898e-04 | 14 -0.01262 -1.08526e-04 | 15 -0.01622 -6.81342e-05
 16 -0.01263 -6.43098e-05 | 17 -0.00104 -8.73218e-05 | 18  0.00689 -1.29801e-04
 19  0.01128 -2.01918e-04 | 20 -0.00032 -2.03425e-04 | 21 -0.01545 -1.36861e-04
 22 -0.01464 -9.99729e-05 | 23 -0.01347 -9.10205e-05 | 24 -0.02383 -6.49417e-05
 25 -0.00545 -1.54040e-04 | 26  0.03053 -3.20145e-04 | 27  0.02040 -2.09000e-04
 28  0.03086 -1.42808e-04 | 29  0.02749 -6.02004e-05 | 30  0.01880  1.28462e-05
 31  0.04374 -4.54528e-05 | 32  0.08323 -2.16696e-04 | 33  0.01264  3.18052e-05
 34  0.02216  1.08236e-06 | 35  0.02750 -2.36876e-05 | 36  0.02885 -3.76470e-05
 37  0.04908 -1.78696e-04 | 38  0.01367 -7.50402e-05 | 39 -0.01052 -3.89402e-05
 40 -0.01137 -6.79777e-05 | 41 -0.01605 -5.79363e-05 | 42 -0.00828 -6.86540e-05
 43  0.00405 -6.08111e-05 | 44  0.00181  1.04678e-05 | 45  0.00946  1.93218e-05
 46  0.00530  3.71516e-05 | 47  0.00455  6.29376e-05 | 48  0.01193  1.28758e-05
 49 -0.02059  6.76417e-05 | 50 -0.03887  1.09737e-04 | 51 -0.03215  9.23833e-05
 52 -0.01736  8.11919e-05 | 53 -0.00712  8.54467e-05 | 54 -0.00722  1.12616e-04
 55 -0.02010  1.57792e-04 | 56 -0.02698  1.73049e-04 | 57 -0.01845  1.85805e-04
 58 -0.00972  1.75994e-04 | 59 -0.00055  1.96590e-04 | 60 -0.02089  2.01466e-04
 61 -0.01013  2.02402e-04 | 62 -0.01341  2.08233e-04 | 63 -0.00671  2.37417e-04
 64 -0.01772  2.67238e-04 | 65 -0.01953  2.88012e-04 | 66 -0.00329 -5.01014e-09
 67 -0.00002 -5.57899e-06 | 68  0.00000  0.00000e+00 | 69 -0.75432 -6.43047e-03
 70  0.22429 -2.66761e+01 | 71  0.09476 -5.19257e+01 | 72  0.19228  1.03298e-03
 73 -0.26657 -7.12863e-05 | 74  0.06646 -2.78302e-04 | 75  0.18815  7.60629e-01
 76  0.06088  6.91173e-01 | 77  0.16767 -3.65385e-03 | 78 -0.04076 -2.01431e-04
 79 -0.17720 -8.37134e-04 | 80  0.15782  3.63822e-05 | 81  0.06394  1.80514e-04
 82  0.12971  2.50847e-04 | 83  0.00000 -8.04685e-31 | 84  0.03707 -5.68742e-05
 85 -0.05796 -7.79803e-05 | 86 -0.23381  1.04312e-07 | 87  0.10532  5.73392e-05
 88  0.69462 -1.50287e-05 | 89 -0.13929 -6.61491e-05 | 90  0.10266 -3.63856e-05
 91 -0.64889  1.71483e-05 |
91 variables; iteration 800; function evaluation 997; phase 4
Function value 2.5683423e+02; maximum gradient component mag -3.3368e+02
Var    Value     Gradient |Var    Value     Gradient |Var    Value     Gradient
  1  0.04905  8.77021e+00 |  2 -0.01323  2.26140e-01 |  3 -0.02741  5.67189e-02
  4 -0.02442  7.71680e-02 |  5 -0.01713  9.03156e-02 |  6 -0.01594  1.00074e-01
  7 -0.01612  1.04272e-01 |  8 -0.00418  1.26661e-01 |  9  0.00037  1.36560e-01
 10  0.00212  1.44816e-01 | 11  0.00041  1.60125e-01 | 12 -0.01038  1.52989e-01
 13 -0.01453  2.08450e-02 | 14 -0.01262  2.07434e-02 | 15 -0.01622  1.12233e-02
 16 -0.01263  4.04062e-03 | 17 -0.00104  1.71731e-02 | 18  0.00689  3.79583e-02
 19  0.01128  6.79545e-02 | 20 -0.00032  6.77463e-02 | 21 -0.01545  4.39520e-02
 22 -0.01464  3.49129e-02 | 23 -0.01347  3.12066e-02 | 24 -0.02383  2.05278e-02
 25 -0.00545  6.48305e-02 | 26  0.03054  1.44659e-01 | 27  0.02040  8.65674e-02
 28  0.03086  6.65515e-02 | 29  0.02749  3.01721e-02 | 30  0.01880 -5.27217e-03
 31  0.04374  2.13603e-02 | 32  0.08323  1.09001e-01 | 33  0.01264 -1.24591e-02
 34  0.02216  5.37837e-03 | 35  0.02750  1.38384e-02 | 36  0.02884  1.82607e-02
 37  0.04908  9.25226e-02 | 38  0.01367  4.01295e-02 | 39 -0.01052  1.62513e-02
 40 -0.01137  3.42729e-02 | 41 -0.01605  3.54854e-02 | 42 -0.00828  4.09924e-02
 43  0.00405  3.38257e-02 | 44  0.00181  4.62382e-03 | 45  0.00946 -2.36746e-03
 46  0.00529 -1.78777e-02 | 47  0.00456 -1.56374e-02 | 48  0.01193  3.41386e-03
 49 -0.02060 -2.81063e-02 | 50 -0.03887 -4.05772e-02 | 51 -0.03216 -3.62800e-02
 52 -0.01735 -2.63751e-02 | 53 -0.00712 -3.27394e-02 | 54 -0.00722 -4.39449e-02
 55 -0.02010 -6.15870e-02 | 56 -0.02698 -7.75245e-02 | 57 -0.01845 -7.44002e-02
 58 -0.00973 -7.76281e-02 | 59 -0.00055 -7.57848e-02 | 60 -0.02089 -9.25024e-02
 61 -0.01013 -8.36921e-02 | 62 -0.01341 -9.52020e-02 | 63 -0.00671 -1.03340e-01
 64 -0.01772 -1.24157e-01 | 65 -0.01953 -1.29465e-01 | 66 -0.00329 -4.41887e-04
 67 -0.00002 -1.64053e-03 | 68  0.00000  0.00000e+00 | 69 -0.75433  1.44599e-01
 70  0.22424 -1.72823e+02 | 71  0.09478 -3.33679e+02 | 72  0.19227 -5.03753e-01
 73 -0.26309  7.49452e-03 | 74  0.06651  1.38611e-01 | 75  0.18813  7.27283e-01
 76  0.06090  7.04781e-01 | 77  0.16766  2.14732e-02 | 78  0.03521  2.61969e-04
 79 -0.17717  2.67833e-02 | 80  0.15780  9.98693e-02 | 81  0.06396  5.96520e-02
 82  0.12971 -7.47293e-02 | 83  0.00000 -5.86566e-31 | 84  0.03707  2.27351e-02
 85 -0.05796  5.19606e-02 | 86 -0.23330  2.39502e-05 | 87  0.10532 -4.23061e-02
 88  0.69463  9.28985e-03 | 89 -0.13930  3.42073e-02 | 90  0.10266  2.45350e-02
 91 -0.64889 -3.04397e-03 |
91 variables; iteration 820; function evaluation 1018; phase 4
Function value 2.5683422e+02; maximum gradient component mag -3.7768e+01
Var    Value     Gradient |Var    Value     Gradient |Var    Value     Gradient
  1  0.04905  9.04065e-02 |  2 -0.01323  1.25732e-02 |  3 -0.02741  5.07937e-04
  4 -0.02442  6.23484e-04 |  5 -0.01713  7.66213e-04 |  6 -0.01595  8.28839e-04
  7 -0.01612  8.79629e-04 |  8 -0.00418  1.05273e-03 |  9  0.00036  1.14004e-03
 10  0.00212  1.22537e-03 | 11  0.00041  1.34420e-03 | 12 -0.01038  1.27681e-03
 13 -0.01453  2.40489e-04 | 14 -0.01262  2.50239e-04 | 15 -0.01622  1.51026e-04
 16 -0.01263  1.14510e-04 | 17 -0.00104  2.06177e-04 | 18  0.00689  3.62758e-04
 19  0.01128  6.05756e-04 | 20 -0.00032  6.06332e-04 | 21 -0.01545  4.02132e-04
 22 -0.01464  3.07118e-04 | 23 -0.01347  2.76952e-04 | 24 -0.02383  1.87805e-04
 25 -0.00545  5.23060e-04 | 26  0.03053  1.13024e-03 | 27  0.02040  7.02474e-04
 28  0.03086  5.11733e-04 | 29  0.02749  2.26803e-04 | 30  0.01880 -4.25708e-05
 31  0.04374  1.65183e-04 | 32  0.08323  8.16260e-04 | 33  0.01264 -1.03698e-04
 34  0.02216  2.16330e-05 | 35  0.02750  9.85436e-05 | 36  0.02885  1.40056e-04
 37  0.04908  6.82315e-04 | 38  0.01367  2.92244e-04 | 39 -0.01052  1.26436e-04
 40 -0.01137  2.53538e-04 | 41 -0.01605  2.44038e-04 | 42 -0.00828  2.83690e-04
 43  0.00405  2.40282e-04 | 44  0.00181  4.35413e-07 | 45  0.00946 -4.26086e-05
 46  0.00530 -1.40924e-04 | 47  0.00455 -1.68587e-04 | 48  0.01193 -1.06472e-05
 49 -0.02059 -2.30819e-04 | 50 -0.03887 -3.50050e-04 | 51 -0.03215 -3.03931e-04
 52 -0.01735 -2.43731e-04 | 53 -0.00712 -2.78822e-04 | 54 -0.00722 -3.69219e-04
 55 -0.02010 -5.14783e-04 | 56 -0.02698 -6.08541e-04 | 57 -0.01845 -6.14181e-04
 58 -0.00972 -6.11467e-04 | 59 -0.00055 -6.33677e-04 | 60 -0.02089 -7.16897e-04
 61 -0.01013 -6.80835e-04 | 62 -0.01341 -7.41357e-04 | 63 -0.00671 -8.17512e-04
 64 -0.01772 -9.52622e-04 | 65 -0.01954 -1.00978e-03 | 66 -0.00329 -2.25013e-06
 67 -0.00002  9.57181e-07 | 68  0.00000  0.00000e+00 | 69 -0.75432  1.15925e-02
 70  0.22433 -1.93082e+01 | 71  0.09474 -3.77676e+01 | 72  0.19229 -3.78663e-03
 73 -0.23906  1.03236e-04 | 74  0.06646  1.03563e-03 | 75  0.18814  5.62302e-01
 76  0.06089  5.51553e-01 | 77  0.16766  6.40754e-03 | 78  0.03432  2.26645e-04
 79 -0.17719  1.53826e-03 | 80  0.15782  4.86953e-04 | 81  0.06394  1.27453e-04
 82  0.12971 -6.24487e-04 | 83  0.00000 -8.04812e-31 | 84  0.03707  1.77213e-04
 85 -0.05796  3.55325e-04 | 86 -0.23382  3.91581e-09 | 87  0.10532 -2.78346e-04
 88  0.69462  6.26556e-05 | 89 -0.13929  2.49762e-04 | 90  0.10266  1.60070e-04
 91 -0.64889 -4.05543e-05 |
91 variables; iteration 840; function evaluation 1044; phase 4
Function value 2.5683412e+02; maximum gradient component mag 2.1181e+02
Var    Value     Gradient |Var    Value     Gradient |Var    Value     Gradient
  1  0.04905 -1.12401e+01 |  2 -0.01323 -2.83509e+00 |  3 -0.02740 -4.52030e-02
  4 -0.02441 -5.31223e-02 |  5 -0.01712 -6.80227e-02 |  6 -0.01593 -7.27323e-02
  7 -0.01610 -7.78523e-02 |  8 -0.00416 -9.27398e-02 |  9  0.00039 -1.00490e-01
 10  0.00214 -1.08436e-01 | 11  0.00042 -1.18310e-01 | 12 -0.01038 -1.11425e-01
 13 -0.01452 -2.36226e-02 | 14 -0.01260 -2.47525e-02 | 15 -0.01621 -1.52647e-02
 16 -0.01263 -1.28817e-02 | 17 -0.00103 -1.99819e-02 | 18  0.00690 -3.38376e-02
 19  0.01128 -5.54669e-02 | 20 -0.00032 -5.53532e-02 | 21 -0.01545 -3.64352e-02
 22 -0.01463 -2.68223e-02 | 23 -0.01347 -2.43935e-02 | 24 -0.02383 -1.68913e-02
 25 -0.00545 -4.46540e-02 | 26  0.03053 -9.52465e-02 | 27  0.02040 -6.02475e-02
 28  0.03086 -4.37914e-02 | 29  0.02749 -1.83817e-02 | 30  0.01880  4.27785e-03
 31  0.04374 -1.37563e-02 | 32  0.08322 -6.87063e-02 | 33  0.01265  8.91146e-03
 34  0.02216 -1.51331e-03 | 35  0.02751 -8.08604e-03 | 36  0.02885 -1.10949e-02
 37  0.04908 -5.65185e-02 | 38  0.01367 -2.37248e-02 | 39 -0.01052 -1.04863e-02
 40 -0.01137 -1.97338e-02 | 41 -0.01605 -1.77340e-02 | 42 -0.00828 -2.02298e-02
 43  0.00406 -1.77901e-02 | 44  0.00182  3.62127e-03 | 45  0.00946  5.35164e-03
 46  0.00529  1.19398e-02 | 47  0.00455  1.62572e-02 | 48  0.01192  2.25584e-03
 49 -0.02060  2.00586e-02 | 50 -0.03887  3.11977e-02 | 51 -0.03216  2.60985e-02
 52 -0.01736  2.18168e-02 | 53 -0.00712  2.37011e-02 | 54 -0.00722  3.16701e-02
 55 -0.02011  4.46327e-02 | 56 -0.02699  5.17356e-02 | 57 -0.01846  5.38525e-02
 58 -0.00973  5.14778e-02 | 59 -0.00055  5.51970e-02 | 60 -0.02089  6.06558e-02
 61 -0.01014  5.87278e-02 | 62 -0.01342  6.31140e-02 | 63 -0.00672  7.02048e-02
 64 -0.01772  8.08377e-02 | 65 -0.01953  8.67748e-02 | 66 -0.00329  3.16980e-04
 67 -0.00002 -8.23918e-04 | 68  0.00000  0.00000e+00 | 69 -0.75433 -2.69341e+00
 70  0.22400  1.09644e+02 | 71  0.09491  2.11810e+02 | 72  0.19221  3.18172e-01
 73 -0.21419 -1.12730e-02 | 74  0.06648 -8.37791e-02 | 75  0.18816 -3.85075e+00
 76  0.06086 -3.77411e+00 | 77  0.16768 -1.60653e+00 | 78 -0.02901 -1.43271e-04
 79 -0.17727 -3.45700e-01 | 80  0.15780 -4.07462e-02 | 81  0.06396 -1.00026e-02
 82  0.12971  4.97341e-02 | 83  0.00000 -8.42801e-31 | 84  0.03706 -1.39649e-02
 85 -0.05797 -2.92085e-02 | 86 -0.23377  1.21387e-06 | 87  0.10532  2.31641e-02
 88  0.69465 -4.63413e-03 | 89 -0.13931 -2.05322e-02 | 90  0.10264 -1.10738e-02
 91 -0.64890  4.17095e-03 |
91 variables; iteration 860; function evaluation 1066; phase 4
Function value 2.5683402e+02; maximum gradient component mag -1.1815e+01
Var    Value     Gradient |Var    Value     Gradient |Var    Value     Gradient
  1  0.04905  1.30162e-02 |  2 -0.01321  2.77212e-02 |  3 -0.02737  1.21694e-03
  4 -0.02439 -2.72313e-03 |  5 -0.01709 -1.36875e-03 |  6 -0.01590 -2.24699e-03
  7 -0.01606 -9.95402e-04 |  8 -0.00412 -1.46402e-03 |  9  0.00043 -1.22521e-03
 10  0.00218 -5.73809e-04 | 11  0.00045 -9.46970e-04 | 12 -0.01037 -1.38693e-03
 13 -0.01451 -1.70614e-03 | 14 -0.01258 -2.36677e-04 | 15 -0.01619 -1.41187e-03
 16 -0.01260  4.23895e-04 | 17 -0.00101 -3.72743e-05 | 18  0.00691 -3.65741e-04
 19  0.01129  1.36578e-04 | 20 -0.00031  8.77246e-04 | 21 -0.01544  1.50157e-04
 22 -0.01463 -2.00655e-04 | 23 -0.01346  8.32965e-04 | 24 -0.02381  8.01513e-04
 25 -0.00545 -1.08350e-03 | 26  0.03052 -1.81680e-03 | 27  0.02039  2.22641e-03
 28  0.03086 -8.94647e-04 | 29  0.02749 -3.56952e-04 | 30  0.01879 -5.52209e-04
 31  0.04373 -9.41276e-04 | 32  0.08321 -5.23404e-06 | 33  0.01266 -1.53362e-03
 34  0.02217 -1.71952e-03 | 35  0.02751 -8.57159e-04 | 36  0.02887  1.10369e-03
 37  0.04909 -3.35876e-04 | 38  0.01368  4.69844e-04 | 39 -0.01052 -7.51576e-04
 40 -0.01137  8.30730e-04 | 41 -0.01605 -1.78708e-04 | 42 -0.00828  1.48465e-03
 43  0.00407  1.47023e-03 | 44  0.00182  9.61973e-04 | 45  0.00945  9.14665e-04
 46  0.00527  8.89525e-04 | 47  0.00453 -8.27773e-04 | 48  0.01192 -4.41923e-05
 49 -0.02059  7.85947e-04 | 50 -0.03887 -2.64652e-03 | 51 -0.03216 -5.51525e-05
 52 -0.01737 -1.18341e-03 | 53 -0.00712 -1.89209e-04 | 54 -0.00722  7.71045e-04
 55 -0.02012 -8.47313e-04 | 56 -0.02702  1.78909e-04 | 57 -0.01849 -6.51815e-04
 58 -0.00974  7.53542e-04 | 59 -0.00055 -1.54373e-03 | 60 -0.02089  1.19164e-03
 61 -0.01016 -9.35798e-04 | 62 -0.01344  1.33375e-03 | 63 -0.00674 -5.17716e-04
 64 -0.01772  1.91161e-03 | 65 -0.01951  4.21519e-04 | 66 -0.00328 -2.56885e-04
 67 -0.00002  6.77214e-04 | 68  0.00000  0.00000e+00 | 69 -0.75435  2.56619e-02
 70  0.22348 -6.13340e+00 | 71  0.09518 -1.18148e+01 | 72  0.19209  5.66474e-03
 73 -0.15264  4.17233e-04 | 74  0.06649  8.04776e-04 | 75  0.18813  6.42687e-01
 76  0.06090  5.90569e-01 | 77  0.16768  2.07641e-02 | 78 -0.00046 -2.24421e-06
 79 -0.17720 -1.59641e-03 | 80  0.15775  4.98682e-02 | 81  0.06403  4.48888e-02
 82  0.12970 -1.84935e-03 | 83  0.00000 -6.43043e-31 | 84  0.03704  4.80594e-04
 85 -0.05799 -1.44689e-03 | 86 -0.23348  1.51405e-05 | 87  0.10531  1.64801e-03
 88  0.69470 -4.89878e-04 | 89 -0.13935 -8.01984e-04 | 90  0.10260 -3.47583e-04
 91 -0.64894 -2.20955e-03 |
91 variables; iteration 880; function evaluation 1088; phase 4
Function value 2.5683399e+02; maximum gradient component mag -3.1023e+01
Var    Value     Gradient |Var    Value     Gradient |Var    Value     Gradient
  1  0.04905  2.42865e+00 |  2 -0.01321  1.13022e-02 |  3 -0.02738  1.87041e-02
  4 -0.02439  2.27355e-02 |  5 -0.01709  2.78154e-02 |  6 -0.01590  3.00798e-02
  7 -0.01607  3.20302e-02 |  8 -0.00412  3.82673e-02 |  9  0.00043  4.15088e-02
 10  0.00218  4.46971e-02 | 11  0.00045  4.90648e-02 | 12 -0.01037  4.67744e-02
 13 -0.01451  8.18616e-03 | 14 -0.01258  8.68187e-03 | 15 -0.01619  5.04731e-03
 16 -0.01261  3.82304e-03 | 17 -0.00102  7.23167e-03 | 18  0.00691  1.29710e-02
 19  0.01129  2.19436e-02 | 20 -0.00031  2.20992e-02 | 21 -0.01545  1.46675e-02
 22 -0.01463  1.13318e-02 | 23 -0.01347  1.01934e-02 | 24 -0.02381  6.81779e-03
 25 -0.00545  1.92386e-02 | 26  0.03052  4.19375e-02 | 27  0.02039  2.64352e-02
 28  0.03086  1.90233e-02 | 29  0.02749  8.57027e-03 | 30  0.01879 -1.46477e-03
 31  0.04374  6.15171e-03 | 32  0.08321  3.03991e-02 | 33  0.01266 -3.90595e-03
 34  0.02217  7.17016e-04 | 35  0.02751  3.69056e-03 | 36  0.02886  5.40473e-03
 37  0.04909  2.54055e-02 | 38  0.01368  1.08534e-02 | 39 -0.01052  4.53754e-03
 40 -0.01137  9.67851e-03 | 41 -0.01605  9.56940e-03 | 42 -0.00828  1.13826e-02
 43  0.00407  9.63934e-03 | 44  0.00182  4.97974e-04 | 45  0.00945 -1.35565e-03
 46  0.00527 -5.11063e-03 | 47  0.00453 -6.31553e-03 | 48  0.01192 -5.35713e-04
 49 -0.02060 -8.78733e-03 | 50 -0.03887 -1.33049e-02 | 51 -0.03216 -1.15238e-02
 52 -0.01737 -9.40687e-03 | 53 -0.00712 -1.07561e-02 | 54 -0.00722 -1.39355e-02
 55 -0.02012 -1.92655e-02 | 56 -0.02702 -2.26438e-02 | 57 -0.01849 -2.28210e-02
 58 -0.00974 -2.28669e-02 | 59 -0.00055 -2.36691e-02 | 60 -0.02089 -2.65296e-02
 61 -0.01015 -2.53057e-02 | 62 -0.01343 -2.74235e-02 | 63 -0.00674 -3.02144e-02
 64 -0.01772 -3.50668e-02 | 65 -0.01952 -3.73329e-02 | 66 -0.00328 -7.19746e-05
 67 -0.00002  2.86167e-05 | 68  0.00000  0.00000e+00 | 69 -0.75435 -1.19388e-02
 70  0.22354 -1.59170e+01 | 71  0.09516 -3.10227e+01 | 72  0.19211 -1.41129e-01
 73 -0.11566  4.36189e-03 | 74  0.06649  3.87012e-02 | 75  0.18813  6.67799e-01
 76  0.06090  5.89077e-01 | 77  0.16768 -3.11620e-02 | 78 -0.00077 -3.77783e-06
 79 -0.17719  1.31088e-03 | 80  0.15776  3.78611e-02 | 81  0.06401  2.20470e-02
 82  0.12971 -2.46313e-02 | 83  0.00000 -7.26148e-31 | 84  0.03705  7.06125e-03
 85 -0.05799  1.30451e-02 | 86 -0.23378  3.11544e-06 | 87  0.10531 -1.01902e-02
 88  0.69470  2.36832e-03 | 89 -0.13935  9.34486e-03 | 90  0.10261  6.71943e-03
 91 -0.64893 -1.65190e-03 |
91 variables; iteration 900; function evaluation 1112; phase 4
Function value 2.5683396e+02; maximum gradient component mag -1.0459e+01
Var    Value     Gradient |Var    Value     Gradient |Var    Value     Gradient
  1  0.04905  1.70767e+00 |  2 -0.01321  2.14368e-02 |  3 -0.02738  1.31911e-02
  4 -0.02439  1.54372e-02 |  5 -0.01710  1.94717e-02 |  6 -0.01590  2.09259e-02
  7 -0.01607  2.25448e-02 |  8 -0.00412  2.68511e-02 |  9  0.00042  2.91289e-02
 10  0.00218  3.14031e-02 | 11  0.00044  3.42521e-02 | 12 -0.01037  3.23529e-02
 13 -0.01451  5.98939e-03 | 14 -0.01259  6.54130e-03 | 15 -0.01620  3.69275e-03
 16 -0.01261  3.05817e-03 | 17 -0.00102  5.40659e-03 | 18  0.00691  9.51648e-03
 19  0.01129  1.57591e-02 | 20 -0.00031  1.57720e-02 | 21 -0.01545  1.03772e-02
 22 -0.01463  7.91099e-03 | 23 -0.01347  7.33384e-03 | 24 -0.02381  5.06564e-03
 25 -0.00545  1.32362e-02 | 26  0.03052  2.86626e-02 | 27  0.02039  1.85984e-02
 28  0.03086  1.31595e-02 | 29  0.02749  5.79648e-03 | 30  0.01879 -1.23481e-03
 31  0.04374  4.04071e-03 | 32  0.08321  2.06718e-02 | 33  0.01266 -2.87656e-03
 34  0.02217  2.23937e-04 | 35  0.02751  2.46339e-03 | 36  0.02886  3.54598e-03
 37  0.04909  1.71062e-02 | 38  0.01368  7.14930e-03 | 39 -0.01052  2.92835e-03
 40 -0.01137  6.42722e-03 | 41 -0.01605  6.30249e-03 | 42 -0.00828  7.79386e-03
 43  0.00407  6.70065e-03 | 44  0.00182  1.35747e-04 | 45  0.00945 -9.83311e-04
 46  0.00527 -3.42397e-03 | 47  0.00453 -4.43116e-03 | 48  0.01192 -2.76595e-04
 49 -0.02059 -5.79337e-03 | 50 -0.03887 -9.31662e-03 | 51 -0.03216 -7.65320e-03
 52 -0.01737 -6.31356e-03 | 53 -0.00712 -6.96582e-03 | 54 -0.00722 -9.17098e-03
 55 -0.02012 -1.32093e-02 | 56 -0.02702 -1.54359e-02 | 57 -0.01849 -1.58060e-02
 58 -0.00974 -1.54290e-02 | 59 -0.00055 -1.64076e-02 | 60 -0.02089 -1.79910e-02
 61 -0.01015 -1.74369e-02 | 62 -0.01343 -1.86274e-02 | 63 -0.00674 -2.09722e-02
 64 -0.01772 -2.40475e-02 | 65 -0.01952 -2.58197e-02 | 66 -0.00328 -9.69342e-05
 67 -0.00002  1.70765e-04 | 68  0.00000  0.00000e+00 | 69 -0.75435  4.53564e-03
 70  0.22359 -5.34990e+00 | 71  0.09514 -1.04590e+01 | 72  0.19212 -9.69479e-02
 73 -0.05840  3.17996e-03 | 74  0.06649  2.77181e-02 | 75  0.18813  6.48734e-01
 76  0.06090  5.84676e-01 | 77  0.16768 -1.33040e-02 | 78 -0.00003 -1.36132e-07
 79 -0.17719  1.92297e-03 | 80  0.15776  1.11140e-02 | 81  0.06400  1.42971e-03
 82  0.12971 -1.64309e-02 | 83  0.00000 -8.01445e-31 | 84  0.03705  4.51844e-03
 85 -0.05799  8.56613e-03 | 86 -0.23384  2.48969e-07 | 87  0.10531 -6.80039e-03
 88  0.69469  1.49995e-03 | 89 -0.13935  6.28274e-03 | 90  0.10261  3.58980e-03
 91 -0.64893 -1.32763e-03 |
91 variables; iteration 920; function evaluation 1136; phase 4
Function value 2.5683396e+02; maximum gradient component mag 6.1265e-01
Var    Value     Gradient |Var    Value     Gradient |Var    Value     Gradient
  1  0.04905  1.32378e-02 |  2 -0.01321  2.09820e-03 |  3 -0.02738  2.03515e-04
  4 -0.02439 -2.18368e-05 |  5 -0.01710  1.59444e-04 |  6 -0.01590  1.10851e-04
  7 -0.01607  2.18624e-04 |  8 -0.00413  2.18509e-04 |  9  0.00042  2.56745e-04
 10  0.00217  3.22140e-04 | 11  0.00044  2.87939e-04 | 12 -0.01037  2.01152e-04
 13 -0.01451  8.60309e-05 | 14 -0.01259  1.77701e-04 | 15 -0.01620  5.63290e-05
 16 -0.01261  1.53134e-04 | 17 -0.00102  1.42341e-04 | 18  0.00691  1.78449e-04
 19  0.01129  2.47894e-04 | 20 -0.00031  2.59165e-04 | 21 -0.01545  1.44581e-04
 22 -0.01463  6.76525e-05 | 23 -0.01347  1.21211e-04 | 24 -0.02382  1.19723e-04
 25 -0.00545  4.59822e-05 | 26  0.03052  4.81153e-05 | 27  0.02039  2.39564e-04
 28  0.03086  5.07826e-05 | 29  0.02749 -1.59236e-06 | 30  0.01879 -6.22060e-05
 31  0.04374 -3.93889e-05 | 32  0.08321  2.28321e-05 | 33  0.01265 -8.31330e-05
 34  0.02217 -1.10363e-04 | 35  0.02751 -1.79597e-05 | 36  0.02886  7.35145e-06
 37  0.04909 -1.14231e-05 | 38  0.01368 -2.18237e-05 | 39 -0.01052 -2.52892e-05
 40 -0.01137  1.24895e-05 | 41 -0.01605 -2.02216e-05 | 42 -0.00828  7.81415e-05
 43  0.00406  1.05806e-04 | 44  0.00182 -2.95010e-05 | 45  0.00945  1.19637e-05
 46  0.00528  5.40589e-05 | 47  0.00453 -8.20233e-05 | 48  0.01192 -1.24916e-05
 49 -0.02059  1.61335e-05 | 50 -0.03887 -1.62998e-04 | 51 -0.03216 -7.46851e-06
 52 -0.01737 -6.97765e-05 | 53 -0.00712  1.52167e-05 | 54 -0.00722  2.22700e-05
 55 -0.02012 -1.05584e-04 | 56 -0.02701 -4.75338e-05 | 57 -0.01848 -1.49040e-04
 58 -0.00973 -1.94218e-05 | 59 -0.00055 -1.80132e-04 | 60 -0.02089 -1.53786e-06
 61 -0.01015 -1.31317e-04 | 62 -0.01343 -1.40701e-05 | 63 -0.00674 -1.52592e-04
 64 -0.01772 -4.10510e-05 | 65 -0.01952 -1.50652e-04 | 66 -0.00328 -1.07651e-05
 67 -0.00002  5.67758e-05 | 68  0.00000  0.00000e+00 | 69 -0.75435  1.80076e-03
 70  0.22362 -8.26593e-02 | 71  0.09515 -1.61874e-01 | 72  0.19213 -2.33616e-04
 73 -0.01525  2.05108e-05 | 74  0.06649  3.57205e-04 | 75  0.18813  6.12655e-01
 76  0.06090  5.62056e-01 | 77  0.16768  1.05651e-03 | 78 -0.00006 -2.81038e-07
 79 -0.17719  5.92798e-05 | 80  0.15777 -1.31283e-03 | 81  0.06400 -1.41444e-03
 82  0.12971 -1.40415e-04 | 83  0.00000 -8.11884e-31 | 84  0.03705 -4.36406e-07
 85 -0.05799 -1.18669e-04 | 86 -0.23384 -2.79387e-07 | 87  0.10531  8.29523e-05
 88  0.69469 -3.24916e-05 | 89 -0.13934 -1.93496e-05 | 90  0.10261 -1.70084e-04
 91 -0.64893 -1.16657e-04 |
91 variables; iteration 940; function evaluation 1159; phase 4
Function value 2.5683396e+02; maximum gradient component mag 6.1174e-01
Var    Value     Gradient |Var    Value     Gradient |Var    Value     Gradient
  1  0.04905  2.48031e-05 |  2 -0.01321 -3.14763e-05 |  3 -0.02738  5.74362e-07
  4 -0.02439  6.47752e-07 |  5 -0.01710  9.09170e-07 |  6 -0.01590  9.80730e-07
  7 -0.01607  1.08290e-06 |  8 -0.00413  1.31680e-06 |  9  0.00042  1.43590e-06
 10  0.00217  1.54172e-06 | 11  0.00044  1.63449e-06 | 12 -0.01037  1.44928e-06
 13 -0.01451  1.32288e-07 | 14 -0.01259  1.73126e-07 | 15 -0.01620 -9.15647e-09
 16 -0.01261 -8.79536e-09 | 17 -0.00102  1.42750e-07 | 18  0.00691  4.21235e-07
 19  0.01129  7.41178e-07 | 20 -0.00031  7.33503e-07 | 21 -0.01545  4.39713e-07
 22 -0.01463  3.24839e-07 | 23 -0.01347  3.49655e-07 | 24 -0.02382  2.62641e-07
 25 -0.00545  6.15728e-07 | 26  0.03052  1.45460e-06 | 27  0.02039  1.08783e-06
 28  0.03086  7.65755e-07 | 29  0.02749  3.18103e-07 | 30  0.01879 -1.23669e-07
 31  0.04374  2.21058e-07 | 32  0.08321  1.14327e-06 | 33  0.01265 -1.24345e-07
 34  0.02217  4.56106e-08 | 35  0.02751  1.72768e-07 | 36  0.02886  2.43394e-07
 37  0.04909  9.80321e-07 | 38  0.01368  3.82847e-07 | 39 -0.01052  1.51523e-07
 40 -0.01137  3.04469e-07 | 41 -0.01605  3.48288e-07 | 42 -0.00828  5.48872e-07
 43  0.00406  4.67504e-07 | 44  0.00182  9.03784e-08 | 45  0.00945 -2.03725e-08
 46  0.00528 -1.26219e-07 | 47  0.00453 -1.47794e-07 | 48  0.01192  8.46610e-08
 49 -0.02060 -2.34093e-07 | 50 -0.03887 -4.80998e-07 | 51 -0.03216 -3.05005e-07
 52 -0.01737 -1.93168e-07 | 53 -0.00712 -1.63513e-07 | 54 -0.00722 -3.07536e-07
 55 -0.02012 -6.23132e-07 | 56 -0.02701 -7.71795e-07 | 57 -0.01848 -7.96919e-07
 58 -0.00974 -7.25679e-07 | 59 -0.00055 -8.19669e-07 | 60 -0.02089 -8.97719e-07
 61 -0.01015 -8.89490e-07 | 62 -0.01343 -9.20971e-07 | 63 -0.00674 -1.12439e-06
 64 -0.01772 -1.26169e-06 | 65 -0.01952 -1.36147e-06 | 66 -0.00328 -1.75802e-08
 67 -0.00002  2.08448e-08 | 68  0.00000  0.00000e+00 | 69 -0.75435 -3.11767e-05
 70  0.22362  3.51971e-03 | 71  0.09516  6.87448e-03 | 72  0.19213 -5.57981e-06
 73  0.00098  1.20123e-07 | 74  0.06649  1.81511e-06 | 75  0.18813  6.11742e-01
 76  0.06090  5.60535e-01 | 77  0.16768 -1.97205e-05 | 78 -0.00011 -5.35097e-07
 79 -0.17719 -4.07062e-06 | 80  0.15777 -2.63379e-06 | 81  0.06400 -2.62089e-06
 82  0.12971 -2.70941e-07 | 83  0.00000 -8.06723e-31 | 84  0.03705  5.28181e-08
 85 -0.05799  4.49491e-07 | 86 -0.23384  3.54364e-10 | 87  0.10531 -4.43395e-07
 88  0.69469  3.28117e-08 | 89 -0.13934  3.39051e-07 | 90  0.10261 -1.19400e-07
 91 -0.64893 -7.55067e-08 |

Function minimizer: Step size too small -- ialph=1

 - final statistics:
91 variables; iteration 941; function evaluation 1160
Function value 2.5683e+02; maximum gradient component mag 6.1174e-01
Exit code = 3;  converg criter 1.0000e-04
Var    Value     Gradient |Var    Value     Gradient |Var    Value     Gradient
  1  0.04905  2.48031e-05 |  2 -0.01321 -3.14763e-05 |  3 -0.02738  5.74362e-07
  4 -0.02439  6.47752e-07 |  5 -0.01710  9.09170e-07 |  6 -0.01590  9.80730e-07
  7 -0.01607  1.08290e-06 |  8 -0.00413  1.31680e-06 |  9  0.00042  1.43590e-06
 10  0.00217  1.54172e-06 | 11  0.00044  1.63449e-06 | 12 -0.01037  1.44928e-06
 13 -0.01451  1.32288e-07 | 14 -0.01259  1.73126e-07 | 15 -0.01620 -9.15647e-09
 16 -0.01261 -8.79536e-09 | 17 -0.00102  1.42750e-07 | 18  0.00691  4.21235e-07
 19  0.01129  7.41178e-07 | 20 -0.00031  7.33503e-07 | 21 -0.01545  4.39713e-07
 22 -0.01463  3.24839e-07 | 23 -0.01347  3.49655e-07 | 24 -0.02382  2.62641e-07
 25 -0.00545  6.15728e-07 | 26  0.03052  1.45460e-06 | 27  0.02039  1.08783e-06
 28  0.03086  7.65755e-07 | 29  0.02749  3.18103e-07 | 30  0.01879 -1.23669e-07
 31  0.04374  2.21058e-07 | 32  0.08321  1.14327e-06 | 33  0.01265 -1.24345e-07
 34  0.02217  4.56106e-08 | 35  0.02751  1.72768e-07 | 36  0.02886  2.43394e-07
 37  0.04909  9.80321e-07 | 38  0.01368  3.82847e-07 | 39 -0.01052  1.51523e-07
 40 -0.01137  3.04469e-07 | 41 -0.01605  3.48288e-07 | 42 -0.00828  5.48872e-07
 43  0.00406  4.67504e-07 | 44  0.00182  9.03784e-08 | 45  0.00945 -2.03725e-08
 46  0.00528 -1.26219e-07 | 47  0.00453 -1.47794e-07 | 48  0.01192  8.46610e-08
 49 -0.02060 -2.34093e-07 | 50 -0.03887 -4.80998e-07 | 51 -0.03216 -3.05005e-07
 52 -0.01737 -1.93168e-07 | 53 -0.00712 -1.63513e-07 | 54 -0.00722 -3.07536e-07
 55 -0.02012 -6.23132e-07 | 56 -0.02701 -7.71795e-07 | 57 -0.01848 -7.96919e-07
 58 -0.00974 -7.25679e-07 | 59 -0.00055 -8.19669e-07 | 60 -0.02089 -8.97719e-07
 61 -0.01015 -8.89490e-07 | 62 -0.01343 -9.20971e-07 | 63 -0.00674 -1.12439e-06
 64 -0.01772 -1.26169e-06 | 65 -0.01952 -1.36147e-06 | 66 -0.00328 -1.75802e-08
 67 -0.00002  2.08448e-08 | 68  0.00000  0.00000e+00 | 69 -0.75435 -3.11767e-05
 70  0.22362  3.51971e-03 | 71  0.09516  6.87448e-03 | 72  0.19213 -5.57981e-06
 73  0.00098  1.20123e-07 | 74  0.06649  1.81511e-06 | 75  0.18813  6.11742e-01
 76  0.06090  5.60535e-01 | 77  0.16768 -1.97205e-05 | 78 -0.00011 -5.35097e-07
 79 -0.17719 -4.07062e-06 | 80  0.15777 -2.63379e-06 | 81  0.06400 -2.62089e-06
 82  0.12971 -2.70941e-07 | 83  0.00000 -8.06723e-31 | 84  0.03705  5.28181e-08
 85 -0.05799  4.49491e-07 | 86 -0.23384  3.54364e-10 | 87  0.10531 -4.43395e-07
 88  0.69469  3.28117e-08 | 89 -0.13934  3.39051e-07 | 90  0.10261 -1.19400e-07
 91 -0.64893 -7.55067e-08 |
size of file gradfil1.tmp = 0
size of file gradfil2.tmp = 0
size of file varssave.tmp = 0
size of file cmpdiff.tmp = 0
